desc: I1 cache:         32768 B, 64 B, 8-way associative
desc: D1 cache:         32768 B, 64 B, 8-way associative
desc: LL cache:         6291456 B, 64 B, 12-way associative
cmd: ./main
events: Ir I1mr ILmr Dr D1mr DLmr Dw D1mw DLmw 
fl=./assert/./assert/assert.c
fn=__assert_fail
100 9 2 2 0 0 0 4 0 0
101 10 0 0 0 0 0 2 0 0
fn=__assert_fail_base
49 14 2 2 1 0 0 6 0 0
53 3 0 0 0 0 0 1 0 0
57 21 1 1 1 1 1 5 0 0
58 2 0 0 2 1 1 0 0 0
64 5 0 0 1 0 0 1 0 0
65 3 1 1 2 0 0 1 0 0
67 7 0 0 3 0 0 1 0 0
68 8 0 0 0 0 0 1 0 0
70 2 1 1 0 0 0 0 0 0
72 2 0 0 1 0 0 1 1 1
73 3 0 0 1 0 0 1 0 0
77 2 0 0 2 1 1 0 0 0
79 2 0 0 0 0 0 0 0 0
fn=__assert_fail_base.cold
83 2 1 1 1 0 0 1 0 0
92 1 0 0 0 0 0 1 0 0
fl=./csu/../csu/libc-start.c
fn=__libc_start_main@@GLIBC_2.34
128 2 1 1 2 0 0 0 0 0
134 3 0 0 1 1 0 0 0 0
135 6 0 0 2 1 0 1 0 0
138 1 0 0 1 1 0 0 0 0
139 2 0 0 0 0 0 0 0 0
142 3 1 1 2 1 0 0 0 0
143 2 0 0 2 0 0 0 0 0
144 15 1 1 2 0 0 1 0 0
145 8 0 0 2 1 0 2 0 0
242 11 1 1 0 0 0 7 0 0
311 3 0 0 0 0 0 0 0 0
312 3 0 0 0 0 0 1 0 0
337 6 1 1 2 0 0 1 0 0
340 2 0 0 0 0 0 0 0 0
343 2 0 0 2 0 0 0 0 0
350 2 0 0 1 1 0 1 0 0
352 2 0 0 0 0 0 0 0 0
360 4 1 0 1 0 0 1 0 0
fl=./csu/../sysdeps/nptl/libc_start_call_main.h
fn=(below main)
29 7 1 1 1 0 0 4 0 0
44 2 1 1 0 0 0 1 0 0
46 2 0 0 0 0 0 0 0 0
51 2 0 0 1 1 0 1 0 0
52 2 0 0 1 1 0 1 0 0
55 2 0 0 0 0 0 1 0 0
58 6 1 1 5 2 0 1 0 0
fl=./csu/./csu/init-first.c
fn=_init_first
46 3 1 1 0 0 0 1 0 0
51 2 0 0 1 0 0 0 0 0
55 5 1 1 4 2 1 0 0 0
61 1 0 0 0 0 0 1 1 0
62 1 0 0 0 0 0 1 0 0
63 2 0 0 1 1 0 1 1 1
71 2 0 0 0 0 0 0 0 0
72 2 0 0 1 0 0 0 0 0
fl=./ctype/./ctype/ctype-info.c
fn=__ctype_init
31 7 2 2 5 4 0 1 0 0
33 4 0 0 2 2 0 1 0 0
35 4 0 0 2 1 0 1 0 0
36 1 0 0 1 0 0 0 0 0
fl=./elf/../bits/stdlib-bsearch.h
fn=intel_check_word.constprop.0
27 102 0 0 0 0 0 0 0 0
28 51 0 0 0 0 0 0 0 0
29 792 0 0 0 0 0 0 0 0
31 972 0 0 0 0 0 0 0 0
32 370 1 1 0 0 0 0 0 0
37 126 1 1 0 0 0 0 0 0
fl=./elf/../elf/dl-tls.c
fn=_dl_add_to_slotinfo
1016 14 1 1 0 0 0 8 0 0
1022 2 1 1 2 0 0 0 0 0
1025 2 0 0 2 2 0 0 0 0
1026 2 0 0 0 0 0 0 0 0
1030 6 0 0 2 1 0 0 0 0
1064 4 0 0 0 0 0 0 0 0
1067 6 1 1 0 0 0 2 2 0
1068 6 0 0 2 0 0 2 0 0
1071 12 0 0 10 0 0 0 0 0
fn=_dl_allocate_tls_init
529 9 1 1 0 0 0 8 0 0
530 2 0 0 0 0 0 0 0 0
534 2 0 0 1 1 0 1 0 0
537 1 1 1 0 0 0 0 0 0
540 2 0 0 1 1 0 1 0 0
543 3 0 0 2 1 0 0 0 0
555 1 0 0 1 0 0 0 0 0
560 20 0 0 3 0 0 1 0 0
566 7 1 1 0 0 0 0 0 0
569 6 1 1 2 0 0 0 0 0
570 4 0 0 0 0 0 0 0 0
576 6 0 0 4 0 0 0 0 0
577 4 0 0 0 0 0 0 0 0
579 17 1 1 6 2 0 2 1 1
582 4 0 0 0 0 0 0 0 0
583 4 0 0 2 1 0 0 0 0
586 4 0 0 0 0 0 0 0 0
587 8 0 0 4 0 0 0 0 0
589 4 1 1 0 0 0 0 0 0
590 4 0 0 2 0 0 0 0 0
599 2 0 0 0 0 0 2 0 0
607 4 0 0 2 0 0 0 0 0
609 16 0 0 2 0 0 4 0 0
615 2 0 0 2 0 0 0 0 0
621 2 0 0 1 0 0 1 0 0
624 2 0 0 1 0 0 1 0 0
627 9 1 1 8 0 0 0 0 0
fn=_dl_allocate_tls_storage
423 3 1 1 0 0 0 3 0 0
425 1 0 0 1 0 0 0 0 0
436 1 0 0 1 0 0 0 0 0
437 1 0 0 0 0 0 0 0 0
438 2 0 0 0 0 0 0 0 0
446 6 1 1 0 0 0 0 0 0
447 1 0 0 0 0 0 0 0 0
451 305 0 0 0 0 0 297 37 37
470 1 1 1 0 0 0 1 1 1
472 2 0 0 0 0 0 1 0 0
473 2 0 0 0 0 0 0 0 0
476 4 0 0 4 0 0 0 0 0
fn=_dl_assign_tls_modid
131 2 1 1 0 0 0 0 0 0
134 4 0 0 2 0 0 0 0 0
147 2 1 1 2 0 0 0 0 0
187 2 0 0 0 0 0 0 0 0
189 2 0 0 0 0 0 2 0 0
192 2 0 0 0 0 0 2 0 0
193 4 0 0 2 0 0 0 0 0
fn=_dl_count_modids
200 2 1 1 1 0 0 0 0 0
201 1 0 0 1 0 0 0 0 0
216 2 0 0 1 0 0 0 0 0
fn=_dl_determine_tlsoffset
222 7 1 1 0 0 0 6 0 0
223 1 0 0 0 0 0 0 0 0
224 1 0 0 0 0 0 0 0 0
225 1 0 0 0 0 0 0 0 0
228 3 1 1 1 0 0 0 0 0
231 2 0 0 1 0 0 0 0 0
265 1 0 0 0 0 0 0 0 0
267 16 0 0 3 0 0 0 0 0
269 7 2 2 3 0 0 1 0 0
271 6 0 0 2 0 0 0 0 0
272 4 0 0 2 0 0 0 0 0
274 4 1 1 0 0 0 0 0 0
276 10 0 0 2 0 0 0 0 0
287 2 0 0 0 0 0 2 0 0
292 18 0 0 0 0 0 0 0 0
294 4 0 0 0 0 0 0 0 0
295 2 0 0 0 0 0 0 0 0
307 1 0 0 0 0 0 1 0 0
308 7 1 1 1 0 0 0 0 0
310 2 0 0 0 0 0 1 0 0
360 1 0 0 0 0 0 1 0 0
361 8 1 1 7 0 0 0 0 0
fn=_dl_tls_static_surplus_init
83 3 0 0 0 0 0 0 0 0
97 5 1 1 0 0 0 3 0 0
101 6 1 1 1 0 0 1 0 0
102 5 0 0 1 0 0 1 0 0
108 3 0 0 0 0 0 0 0 0
110 4 0 0 0 0 0 0 0 0
113 1 0 0 0 0 0 0 0 0
115 1 0 0 0 0 0 1 0 0
117 3 0 0 0 0 0 1 0 0
118 5 0 0 4 0 0 0 0 0
fn=allocate_dtv
366 4 1 1 0 0 0 2 0 0
371 1 0 0 1 0 0 0 0 0
375 1 0 0 0 0 0 0 0 0
376 1 0 0 0 0 0 0 0 0
377 2 0 0 0 0 0 0 0 0
380 1 0 0 0 0 0 1 1 1
386 3 0 0 0 0 0 1 0 0
392 4 0 0 3 0 0 0 0 0
fl=./elf/../include/list.h
fn=__tls_init_tp
43 2 0 0 1 1 0 1 0 0
44 2 0 0 0 0 0 1 0 0
45 1 0 0 0 0 0 1 0 0
47 1 0 0 0 0 0 1 0 0
fl=./elf/../include/rtld-malloc.h
fn=__minimal_calloc
56 17 0 0 17 0 0 0 0 0
fn=_dl_allocate_tls_storage
56 1 0 0 1 0 0 1 0 0
fn=_dl_check_map_versions
44 18 0 0 6 0 0 6 0 0
fn=_dl_find_object_init
56 2 0 0 1 0 0 1 0 0
fn=_dl_important_hwcaps
56 3 0 0 2 0 0 2 0 0
fn=_dl_init_paths
56 5 0 0 3 0 0 3 0 0
fn=_dl_map_object_deps
56 12 0 0 6 0 0 6 0 0
fn=_dl_new_object
44 18 0 0 6 0 0 6 1 1
56 15 0 0 5 0 0 5 0 0
fn=allocate_dtv
44 2 0 0 1 0 0 1 0 0
fn=do_lookup_x
44 13 1 1 3 0 0 6 0 0
fn=fillin_rpath.isra.0
50 2 1 1 1 0 0 1 0 0
51 1 0 0 0 0 0 0 0 0
56 2 0 0 1 0 0 1 0 0
fn=init_tls
44 2 0 0 1 0 0 1 0 0
fl=./elf/../include/scratch_buffer.h
fn=_dl_map_object_deps
77 2 0 0 0 0 0 1 1 1
78 1 0 0 0 0 0 1 0 0
85 3 1 1 1 0 0 0 0 0
131 15 0 0 0 0 0 5 0 0
fl=./elf/../misc/sbrk.c
fn=sbrk
37 4 0 0 0 0 0 2 0 0
40 1 0 0 1 0 0 0 0 0
58 2 0 0 0 0 0 0 0 0
62 2 0 0 0 0 0 0 0 0
78 5 1 1 3 0 0 0 0 0
fl=./elf/../nptl/nptl-stack.h
fn=__libc_early_init
58 8 1 1 2 0 0 0 0 0
fl=./elf/../sysdeps/generic/_itoa.h
fn=_dl_check_map_versions
76 36 0 0 12 0 0 24 0 0
fl=./elf/../sysdeps/generic/dl-cache.h
fn=_dl_load_cache_lookup
194 1 0 0 1 0 0 0 0 0
195 5 0 0 0 0 0 0 0 0
fn=search_cache
125 20 0 0 4 0 0 0 0 0
fl=./elf/../sysdeps/generic/dl-debug.h
fn=dl_main
29 4 0 0 2 0 0 0 0 0
30 2 0 0 1 0 0 1 0 0
fl=./elf/../sysdeps/generic/dl-hash.h
fn=__rtld_malloc_init_real
43 1 0 0 0 0 0 0 0 0
44 1 0 0 0 0 0 0 0 0
45 19 0 0 6 1 1 0 0 0
48 18 0 0 0 0 0 0 0 0
62 24 1 1 0 0 0 0 0 0
67 1 0 0 0 0 0 0 0 0
72 1 0 0 0 0 0 1 0 0
fl=./elf/../sysdeps/generic/dl-new-hash.h
fn=_dl_lookup_symbol_x
69 1893 0 0 0 0 0 0 0 0
70 3786 0 0 0 0 0 0 0 0
74 41505 0 0 41505 1469 1196 0 0 0
77 83010 0 0 0 0 0 0 0 0
80 40551 0 0 40551 516 465 0 0 0
81 81102 0 0 0 0 0 0 0 0
87 939 2 2 0 0 0 0 0 0
88 939 0 0 0 0 0 0 0 0
89 1878 0 0 0 0 0 0 0 0
90 939 2 2 0 0 0 0 0 0
99 39612 0 0 0 0 0 0 0 0
101 39612 0 0 0 0 0 0 0 0
102 79224 0 0 0 0 0 0 0 0
104 39612 2 2 0 0 0 0 0 0
105 39612 0 0 0 0 0 0 0 0
fl=./elf/../sysdeps/generic/dl-protected.h
fn=do_lookup_x
29 7512 4 3 1878 0 0 0 0 0
fl=./elf/../sysdeps/generic/ldsodefs.h
fn=_dl_new_object
1339 48 0 0 0 0 0 0 0 0
fn=_dl_relocate_object
81 48 1 1 23 0 0 0 0 0
142 10122 0 0 3374 0 0 0 0 0
fn=_dl_start
81 6 1 1 2 0 0 0 0 0
fn=do_lookup_x
141 3756 3 3 1878 0 0 0 0 0
142 5634 0 0 0 0 0 0 0 0
fl=./elf/../sysdeps/nptl/dl-mutex.c
fn=__rtld_mutex_init
30 3 1 1 0 0 0 3 0 0
37 1 0 0 1 1 0 0 0 0
40 7 0 0 0 0 0 1 0 0
44 2 0 0 0 0 0 0 0 0
45 9 1 1 3 0 0 1 0 0
47 6 0 0 0 0 0 1 0 0
51 2 0 0 0 0 0 0 0 0
52 7 1 1 3 0 0 1 0 0
53 4 0 0 4 0 0 0 0 0
fl=./elf/../sysdeps/nptl/dl-tls_init_tp.c
fn=__tls_init_tp
68 2 0 0 0 0 0 1 0 0
69 1 0 0 1 0 0 0 0 0
72 1 1 1 0 0 0 0 0 0
75 4 0 0 0 0 0 1 0 0
76 2 0 0 0 0 0 1 0 0
77 1 1 1 0 0 0 1 0 0
82 2 0 0 1 1 0 1 0 0
87 4 1 1 0 0 0 1 0 0
90 1 0 0 0 0 0 1 0 0
93 3 0 0 0 0 0 0 0 0
106 4 0 0 0 0 0 1 0 0
123 3 0 0 2 1 0 1 1 1
130 2 0 0 1 0 0 1 0 0
131 3 0 0 2 0 0 0 0 0
fn=__tls_pre_init_tp
53 2 1 1 0 0 0 0 0 0
56 10 0 0 0 0 0 3 1 1
61 2 1 1 0 0 0 1 0 0
62 1 0 0 0 0 0 1 0 0
64 1 0 0 1 0 0 0 0 0
fn=rtld_mutex_dummy
44 356 2 1 178 0 0 0 0 0
fl=./elf/../sysdeps/nptl/pthread_early_init.h
fn=__libc_early_init
33 6 0 0 0 0 0 1 0 0
34 1 0 0 1 0 0 0 0 0
38 5 1 1 0 0 0 0 0 0
45 2 0 0 2 1 0 0 0 0
46 1 0 0 0 0 0 0 0 0
52 7 0 0 0 0 0 1 0 0
53 1 0 0 0 0 0 1 1 1
54 1 0 0 0 0 0 1 1 1
57 1 0 0 0 0 0 1 0 0
fl=./elf/../sysdeps/posix/dl-fileid.h
fn=_dl_map_object_from_fd
37 25 1 1 5 0 0 5 0 0
40 20 1 1 15 1 1 5 0 0
49 60 0 0 30 1 1 0 0 0
fl=./elf/../sysdeps/unix/sysv/linux/brk.c
fn=brk
37 1 0 0 0 0 0 1 1 1
38 2 1 1 0 0 0 0 0 0
44 1 0 0 0 0 0 0 0 0
45 1 0 0 1 0 0 0 0 0
fl=./elf/../sysdeps/unix/sysv/linux/brk_call.h
fn=brk
24 2 1 1 0 0 0 0 0 0
fl=./elf/../sysdeps/unix/sysv/linux/dl-osinfo.h
fn=dl_main
39 2 0 0 1 1 0 0 0 0
52 1 1 1 1 0 0 0 0 0
fl=./elf/../sysdeps/unix/sysv/linux/dl-parse_auxv.h
fn=_dl_sysdep_parse_arguments
32 2 0 0 0 0 0 1 0 0
33 1 0 0 0 0 0 1 0 0
34 1 1 1 0 0 0 1 0 0
41 85 0 0 22 0 0 0 0 0
42 40 0 0 0 0 0 0 0 0
43 40 0 0 20 5 5 20 0 0
45 1 0 0 0 0 0 1 0 0
46 2 1 1 1 0 0 1 0 0
47 3 1 1 2 0 0 1 0 0
48 2 0 0 1 0 0 1 0 0
49 2 0 0 1 0 0 1 0 0
50 2 0 0 1 0 0 1 1 1
51 2 0 0 1 0 0 1 0 0
52 2 0 0 1 0 0 1 0 0
54 2 0 0 1 0 0 1 1 1
fl=./elf/../sysdeps/unix/sysv/linux/dl-sysdep.c
fn=_dl_sysdep_parse_arguments
78 5 1 1 0 0 0 3 0 0
79 2 0 0 1 0 0 1 1 1
80 2 0 0 0 0 0 1 0 0
81 3 0 0 0 0 0 1 1 1
82 61 1 1 0 0 0 0 0 0
83 125 0 0 62 8 8 0 0 0
86 2 0 0 0 0 0 1 1 1
90 56 0 0 0 0 0 52 7 7
93 2 0 0 1 0 0 1 0 0
94 2 0 0 1 0 0 1 0 0
95 2 0 0 1 0 0 1 0 0
96 5 1 1 4 0 0 0 0 0
fn=_dl_sysdep_start
102 3 1 1 0 0 0 1 0 0
103 1 0 0 0 0 0 1 0 0
106 2 0 0 0 0 0 1 1 1
110 2 1 1 1 0 0 1 0 0
113 1 0 0 0 0 0 1 0 0
115 2 0 0 0 0 0 1 0 0
122 3 0 0 1 0 0 0 0 0
123 2 0 0 0 0 0 2 0 0
125 5 0 0 0 0 0 1 0 0
137 3 1 1 1 0 0 0 0 0
140 5 0 0 3 0 0 1 0 0
143 4 1 0 3 1 0 0 0 0
fn=_dl_sysdep_start_cleanup
148 1 1 1 1 0 0 0 0 0
fl=./elf/../sysdeps/unix/sysv/linux/dl-vdso-setup.h
fn=dl_main
30 1 0 0 0 0 0 1 0 0
33 1 1 1 0 0 0 1 0 0
36 1 0 0 0 0 0 1 0 0
39 1 0 0 0 0 0 1 0 0
45 1 0 0 0 0 0 1 0 0
fl=./elf/../sysdeps/unix/sysv/linux/dl-vdso.h
fn=dl_main
40 2 0 0 1 0 0 0 0 0
41 5 0 0 0 0 0 2 0 0
55 2 0 0 0 0 0 0 0 0
fl=./elf/../sysdeps/unix/sysv/linux/rseq-internal.h
fn=__tls_init_tp
32 3 0 0 1 0 0 0 0 0
34 7 0 0 0 0 0 0 0 0
37 2 1 1 0 0 0 0 0 0
40 1 0 0 0 0 0 1 0 0
fl=./elf/../sysdeps/unix/sysv/linux/x86/dl-minsigstacksize.h
fn=get_common_indices.constprop.0
24 2 1 1 1 0 0 0 0 0
27 2 0 0 1 0 0 0 0 0
28 2 0 0 1 0 0 0 0 0
65 3 0 0 0 0 0 0 0 0
72 1 0 0 0 0 0 0 0 0
74 1 1 1 0 0 0 1 0 0
fl=./elf/../sysdeps/x86/cpu-features.c
fn=get_common_indices.constprop.0
325 1 1 1 0 0 0 1 0 0
329 4 0 0 0 0 0 0 0 0
332 5 1 1 0 0 0 3 0 0
336 1 0 0 0 0 0 1 0 0
337 4 0 0 0 0 0 1 0 0
338 4 0 0 0 0 0 1 0 0
339 4 0 0 0 0 0 1 0 0
340 3 0 0 0 0 0 1 0 0
341 2 0 0 1 0 0 0 0 0
348 2 1 1 1 0 0 0 0 0
350 9 0 0 0 0 0 4 1 1
355 8 0 0 0 0 0 4 1 1
362 2 1 1 1 0 0 0 0 0
363 7 1 1 0 0 0 4 1 1
369 2 0 0 1 0 0 0 0 0
384 2 0 0 2 0 0 0 0 0
fn=init_cpu_features.constprop.0
303 3 0 0 0 0 0 0 0 0
304 2 0 0 0 0 0 0 0 0
305 6 1 1 0 0 0 4 0 0
310 2 0 0 0 0 0 0 0 0
311 6 1 1 0 0 0 4 0 0
316 2 0 0 0 0 0 0 0 0
317 7 1 1 0 0 0 4 0 0
399 7 1 1 0 0 0 6 0 0
402 1 0 0 0 0 0 1 0 0
403 1 0 0 0 0 0 1 0 0
404 1 0 0 0 0 0 1 0 0
415 3 0 0 0 0 0 1 0 0
418 6 1 1 0 0 0 0 0 0
419 1 1 1 0 0 0 0 0 0
422 2 0 0 0 0 0 1 0 0
424 6 1 1 0 0 0 1 0 0
429 1 0 0 0 0 0 1 0 0
431 3 0 0 1 0 0 0 0 0
433 5 1 1 2 0 0 1 0 0
434 15 2 2 0 0 0 0 0 0
489 3 0 0 1 0 0 0 0 0
503 1 1 1 1 0 0 0 0 0
513 9 0 0 1 1 1 0 0 0
555 1 1 1 1 0 0 0 0 0
556 1 0 0 0 0 0 0 0 0
564 2 0 0 1 0 0 0 0 0
571 2 1 1 1 0 0 0 0 0
573 1 0 0 1 0 0 0 0 0
577 2 0 0 1 0 0 0 0 0
583 2 0 0 1 0 0 0 0 0
585 1 0 0 0 0 0 0 0 0
687 3 1 1 1 0 0 0 0 0
688 1 0 0 1 0 0 0 0 0
691 2 0 0 0 0 0 0 0 0
692 1 0 0 1 0 0 0 0 0
698 1 0 0 0 0 0 1 0 0
699 1 0 0 0 0 0 1 0 0
700 1 1 1 0 0 0 1 0 0
701 2 0 0 1 0 0 1 0 0
706 4 0 0 0 0 0 1 0 0
710 3 0 0 1 0 0 0 0 0
723 2 0 0 0 0 0 0 0 0
724 4 0 0 1 0 0 0 0 0
770 1 0 0 0 0 0 1 0 0
771 2 1 1 1 0 0 0 0 0
775 3 1 1 1 0 0 0 0 0
792 2 1 1 0 0 0 0 0 0
793 3 0 0 1 0 0 0 0 0
795 3 0 0 0 0 0 0 0 0
796 2 0 0 1 0 0 0 0 0
798 4 0 0 0 0 0 0 0 0
799 1 0 0 0 0 0 0 0 0
802 1 0 0 0 0 0 1 0 0
874 9 0 0 7 0 0 0 0 0
fn=update_active.constprop.0
43 7 1 1 0 0 0 6 0 0
47 1 0 0 1 0 0 0 0 0
55 3 0 0 1 0 0 0 0 0
56 3 1 1 0 0 0 0 0 0
57 1 0 0 1 0 0 0 0 0
65 4 0 0 1 0 0 1 0 0
66 1 0 0 1 0 0 0 0 0
74 3 1 1 1 0 0 0 0 0
75 1 0 0 1 0 0 0 0 0
76 3 0 0 0 0 0 1 1 1
80 4 0 0 0 0 0 1 0 0
83 4 0 0 1 0 0 1 0 0
84 1 1 1 1 0 0 0 0 0
87 4 0 0 1 0 0 1 0 0
88 2 0 0 1 0 0 1 0 0
92 4 0 0 1 0 0 1 0 0
93 3 1 1 2 0 0 0 0 0
94 3 0 0 2 0 0 0 0 0
95 2 0 0 1 0 0 1 0 0
97 4 1 1 1 0 0 1 0 0
98 3 0 0 2 1 1 0 0 0
101 6 0 0 0 0 0 1 0 0
109 2 0 0 0 0 0 0 0 0
113 2 0 0 0 0 0 0 0 0
115 4 0 0 0 0 0 0 0 0
119 2 1 1 0 0 0 0 0 0
121 1 0 0 0 0 0 0 0 0
124 2 0 0 0 0 0 0 0 0
126 2 0 0 0 0 0 1 0 0
130 1 0 0 0 0 0 0 0 0
131 1 1 1 1 1 1 0 0 0
134 4 0 0 1 0 0 1 0 0
140 4 0 0 0 0 0 1 0 0
142 4 0 0 1 0 0 1 0 0
144 3 1 1 0 0 0 1 0 0
149 4 1 1 0 0 0 0 0 0
198 3 0 0 0 0 0 0 0 0
210 3 0 0 1 0 0 1 0 0
211 1 1 1 1 0 0 0 0 0
214 4 0 0 1 0 0 1 0 0
218 2 0 0 1 0 0 0 0 0
222 3 1 1 0 0 0 0 0 0
223 2 0 0 0 0 0 0 0 0
225 1 1 1 0 0 0 0 0 0
226 1 0 0 0 0 0 0 0 0
229 2 0 0 0 0 0 1 0 0
231 1 0 0 0 0 0 1 0 0
234 2 0 0 0 0 0 0 0 0
285 3 1 1 1 0 0 0 0 0
289 3 0 0 1 0 0 0 0 0
296 1 0 0 0 0 0 1 0 0
297 8 0 0 7 0 0 0 0 0
fl=./elf/../sysdeps/x86/dl-cacheinfo.h
fn=get_common_cache_info.constprop.0
481 9 1 1 0 0 0 6 0 0
496 1 0 0 1 0 0 0 0 0
497 1 0 0 1 0 0 0 0 0
498 2 0 0 1 0 0 1 0 0
499 1 0 0 1 0 0 0 0 0
500 1 0 0 1 0 0 0 0 0
506 1 1 1 0 0 0 1 0 0
508 9 0 0 3 0 0 0 0 0
511 2 0 0 0 0 0 0 0 0
523 1 0 0 0 0 0 0 0 0
528 3 0 0 1 0 0 0 0 0
532 2 0 0 0 0 0 0 0 0
537 6 1 1 0 0 0 2 0 0
540 24 1 1 0 0 0 2 0 0
546 8 0 0 0 0 0 0 0 0
547 8 1 1 0 0 0 0 0 0
550 26 0 0 0 0 0 0 0 0
555 2 0 0 0 0 0 0 0 0
559 3 1 1 0 0 0 1 0 0
560 1 0 0 0 0 0 0 0 0
564 6 0 0 0 0 0 0 0 0
568 3 0 0 0 0 0 0 0 0
571 4 0 0 0 0 0 1 0 0
572 1 0 0 0 0 0 0 0 0
577 4 0 0 0 0 0 0 0 0
583 4 0 0 0 0 0 0 0 0
591 8 1 1 2 0 0 0 0 0
593 2 0 0 0 0 0 0 0 0
595 5 0 0 1 0 0 0 0 0
597 11 1 1 0 0 0 0 0 0
600 2 0 0 0 0 0 0 0 0
601 9 0 0 0 0 0 1 0 0
603 4 1 1 0 0 0 0 0 0
606 2 0 0 0 0 0 0 0 0
611 1 0 0 1 0 0 0 0 0
613 4 0 0 0 0 0 0 0 0
614 4 0 0 0 0 0 1 0 0
615 1 0 0 0 0 0 0 0 0
618 2 0 0 0 0 0 0 0 0
621 2 1 1 0 0 0 0 0 0
625 2 0 0 1 0 0 0 0 0
628 1 1 1 0 0 0 0 0 0
630 4 0 0 0 0 0 0 0 0
631 1 0 0 0 0 0 0 0 0
636 2 0 0 0 0 0 0 0 0
641 3 0 0 1 0 0 0 0 0
642 2 1 1 0 0 0 1 0 0
643 2 0 0 0 0 0 0 0 0
644 3 0 0 0 0 0 0 0 0
645 2 0 0 1 0 0 0 0 0
680 4 1 1 0 0 0 0 0 0
681 5 0 0 0 0 0 0 0 0
685 2 0 0 1 0 0 0 0 0
692 1 0 0 0 0 0 1 0 0
693 1 0 0 0 0 0 1 0 0
694 1 0 0 0 0 0 1 0 0
695 7 0 0 7 0 0 0 0 0
fn=handle_intel.constprop.0
250 96 0 0 0 0 0 72 0 0
255 24 1 1 12 0 0 0 0 0
263 12 0 0 0 0 0 12 0 0
264 12 0 0 0 0 0 12 0 0
266 4 0 0 1 0 0 0 0 0
272 48 0 0 0 0 0 12 0 0
279 24 1 1 0 0 0 12 0 0
280 60 0 0 0 0 0 0 0 0
284 60 1 1 0 0 0 12 0 0
286 24 0 0 0 0 0 0 0 0
289 60 0 0 0 0 0 12 0 0
291 24 0 0 0 0 0 0 0 0
294 5 0 0 0 0 0 1 0 0
296 2 0 0 0 0 0 0 0 0
299 5 0 0 1 0 0 1 0 0
301 2 0 0 0 0 0 0 0 0
305 3 0 0 0 0 0 0 0 0
310 96 0 0 84 0 0 0 0 0
fn=init_cpu_features.constprop.0
706 1 0 0 0 0 0 1 0 0
707 1 0 0 0 0 0 1 0 0
709 1 0 0 0 0 0 1 0 0
723 2 0 0 0 0 0 0 0 0
725 3 2 2 0 0 0 1 0 0
726 4 0 0 0 0 0 2 0 0
727 4 0 0 0 0 0 2 0 0
728 1 0 0 0 0 0 1 0 0
731 3 0 0 0 0 0 2 0 0
733 3 1 1 0 0 0 1 0 0
734 1 0 0 0 0 0 1 0 0
736 3 0 0 0 0 0 2 0 0
738 3 0 0 0 0 0 2 0 0
739 1 0 0 0 0 0 1 0 0
741 3 1 1 0 0 0 2 0 0
743 3 0 0 0 0 0 2 0 0
744 1 0 0 0 0 0 1 0 0
746 3 0 0 0 0 0 2 0 0
748 3 0 0 0 0 0 1 0 0
750 3 0 0 0 0 0 1 0 0
752 5 1 1 0 0 0 1 0 0
848 1 0 0 0 0 0 1 1 1
849 1 0 0 0 0 0 1 0 0
850 1 0 0 0 0 0 1 0 0
851 2 1 1 1 0 0 1 0 0
852 2 0 0 1 0 0 1 0 0
853 2 0 0 1 0 0 1 0 0
854 2 0 0 1 0 0 1 1 1
855 2 1 1 1 0 0 1 0 0
856 2 0 0 1 0 0 1 0 0
857 1 0 0 0 0 0 1 0 0
858 1 1 1 0 0 0 1 0 0
859 1 0 0 0 0 0 1 0 0
873 10 0 0 3 0 0 0 0 0
878 1 0 0 0 0 0 0 0 0
879 6 1 1 2 0 0 0 0 0
887 1 0 0 1 0 0 0 0 0
888 2 0 0 0 0 0 0 0 0
899 7 1 1 1 0 0 0 0 0
910 2 0 0 0 0 0 0 0 0
911 1 0 0 1 0 0 0 0 0
918 10 1 1 0 0 0 0 0 0
936 3 0 0 1 0 0 0 0 0
944 6 1 1 1 0 0 2 0 0
946 2 0 0 0 0 0 0 0 0
949 5 0 0 1 0 0 1 0 0
951 2 0 0 0 0 0 0 0 0
954 5 1 1 1 0 0 1 0 0
955 5 0 0 0 0 0 0 0 0
959 7 0 0 1 0 0 3 0 0
961 2 1 1 0 0 0 0 0 0
966 6 0 0 1 0 0 2 0 0
969 9 1 1 1 0 0 4 0 0
970 8 0 0 1 0 0 4 0 0
971 11 1 1 2 0 0 4 0 0
974 10 1 1 1 0 0 4 0 0
976 9 1 1 1 0 0 4 0 0
986 4 0 0 3 0 0 0 0 0
992 1 0 0 0 0 0 1 0 0
993 1 0 0 0 0 0 1 0 0
994 1 0 0 0 0 0 1 0 0
995 2 1 1 0 0 0 1 0 0
996 2 1 1 1 0 0 1 0 0
997 1 0 0 0 0 0 1 0 0
fn=intel_check_word.constprop.0
110 690 1 1 345 8 8 0 0 0
113 345 0 0 0 0 0 0 0 0
119 104 0 0 0 0 0 78 0 0
123 78 1 1 0 0 0 0 0 0
125 15 0 0 0 0 0 0 0 0
129 156 0 0 0 0 0 0 0 0
131 154 0 0 0 0 0 0 0 0
133 63 0 0 0 0 0 0 0 0
135 126 0 0 0 0 0 0 0 0
143 126 1 1 0 0 0 0 0 0
152 12 0 0 0 0 0 0 0 0
155 123 0 0 0 0 0 0 0 0
158 99 0 0 0 0 0 0 0 0
162 64 1 1 0 0 0 0 0 0
164 192 0 0 0 0 0 0 0 0
165 24 0 0 0 0 0 0 0 0
167 120 0 0 0 0 0 0 0 0
168 72 1 1 0 0 0 0 0 0
169 60 0 0 0 0 0 0 0 0
170 48 0 0 0 0 0 0 0 0
172 11 1 1 0 0 0 0 0 0
174 22 0 0 0 0 0 0 0 0
176 12 1 1 0 0 0 0 0 0
177 16 0 0 0 0 0 0 0 0
178 12 1 1 0 0 0 0 0 0
179 20 0 0 0 0 0 0 0 0
180 14 0 0 0 0 0 0 0 0
181 12 0 0 0 0 0 0 0 0
183 8 0 0 0 0 0 0 0 0
184 12 0 0 0 0 0 0 0 0
187 21 0 0 0 0 0 0 0 0
194 204 0 0 0 0 0 0 0 0
202 175 0 0 50 0 0 0 0 0
216 51 0 0 0 0 0 0 0 0
246 104 0 0 104 0 0 0 0 0
fl=./elf/../sysdeps/x86/dl-get-cpu-features.c
fn=__x86_cpu_features
39 3 1 1 1 1 0 0 0 0
71 2 0 0 1 0 0 0 0 0
fn=_dl_x86_init_cpu_features
39 3 1 1 1 0 0 0 0 0
41 1 0 0 0 0 0 0 0 0
fl=./elf/../sysdeps/x86/dl-hwcap.h
fn=_dl_important_hwcaps
57 6 0 0 1 0 0 0 0 0
fl=./elf/../sysdeps/x86/dl-procinfo.h
fn=search_cache
39 8 0 0 0 0 0 0 0 0
42 28 1 1 0 0 0 8 0 0
fl=./elf/../sysdeps/x86/dl-prop.h
fn=_dl_map_object_from_fd
95 28 1 1 14 0 0 0 0 0
100 4 1 1 0 0 0 2 0 0
101 2 0 0 0 0 0 2 0 0
102 2 0 0 0 0 0 0 0 0
103 2 0 0 0 0 0 0 0 0
105 18 0 0 0 0 0 0 0 0
108 6 0 0 2 0 0 0 0 0
109 4 0 0 2 0 0 0 0 0
110 4 1 1 2 0 0 0 0 0
114 6 0 0 2 0 0 0 0 0
118 6 0 0 0 0 0 2 0 0
121 6 0 0 2 0 0 0 0 0
122 4 0 0 0 0 0 0 0 0
126 2 0 0 0 0 0 0 0 0
127 8 1 1 0 0 0 4 0 0
131 4 1 1 2 0 0 0 0 0
132 2 0 0 2 0 0 0 0 0
135 4 0 0 0 0 0 0 0 0
138 2 0 0 0 0 0 0 0 0
139 8 0 0 0 0 0 0 0 0
144 8 0 0 0 0 0 0 0 0
151 4 1 1 0 0 0 0 0 0
164 4 0 0 0 0 0 0 0 0
167 8 0 0 4 1 1 0 0 0
192 2 0 0 0 0 0 0 0 0
193 8 0 0 0 0 0 0 0 0
198 16 1 1 4 0 0 0 0 0
200 8 0 0 2 0 0 2 0 0
201 2 0 0 0 0 0 2 0 0
202 2 0 0 0 0 0 2 0 0
203 4 0 0 0 0 0 2 0 0
212 16 0 0 14 0 0 0 0 0
213 7 0 0 7 0 0 0 0 0
fn=dl_main
36 2 1 1 2 0 0 0 0 0
37 24 0 0 0 0 0 0 0 0
40 10 0 0 10 0 0 0 0 0
49 40 1 1 13 1 0 0 0 0
53 39 0 0 7 2 0 0 0 0
95 8 0 0 4 0 0 0 0 0
100 2 0 0 0 0 0 1 0 0
101 1 0 0 0 0 0 1 0 0
102 1 1 1 0 0 0 0 0 0
103 1 0 0 0 0 0 0 0 0
105 10 0 0 0 0 0 0 0 0
108 3 1 1 1 0 0 0 0 0
109 2 0 0 1 0 0 0 0 0
110 2 0 0 1 0 0 0 0 0
114 3 0 0 1 0 0 0 0 0
118 3 0 0 0 0 0 1 0 0
121 3 1 1 1 0 0 0 0 0
122 2 0 0 0 0 0 0 0 0
126 1 0 0 0 0 0 0 0 0
127 5 0 0 0 0 0 3 0 0
131 2 1 1 1 0 0 0 0 0
132 1 0 0 1 0 0 0 0 0
135 2 1 1 0 0 0 0 0 0
138 1 0 0 0 0 0 0 0 0
139 4 0 0 0 0 0 0 0 0
144 4 0 0 0 0 0 0 0 0
151 2 0 0 0 0 0 0 0 0
164 2 1 1 0 0 0 0 0 0
167 1 0 0 1 0 0 0 0 0
170 4 0 0 2 0 0 0 0 0
192 1 0 0 0 0 0 0 0 0
193 4 0 0 0 0 0 0 0 0
198 9 1 1 2 0 0 0 0 0
200 4 1 1 1 0 0 1 0 0
201 1 0 0 0 0 0 1 0 0
202 1 0 0 0 0 0 1 0 0
203 2 0 0 0 0 0 1 0 0
212 5 0 0 4 0 0 0 0 0
213 2 0 0 2 0 0 0 0 0
fl=./elf/../sysdeps/x86/get-isa-level.h
fn=_dl_hwcaps_subdirs_active
30 2 0 0 0 0 0 0 0 0
31 3 1 1 1 0 0 0 0 0
32 3 0 0 1 0 0 0 0 0
36 3 1 1 0 0 0 0 0 0
39 4 0 0 1 0 0 0 0 0
40 4 0 0 1 0 0 0 0 0
45 4 0 0 0 0 0 0 0 0
48 2 1 1 0 0 0 0 0 0
51 5 0 0 1 0 0 0 0 0
53 4 0 0 0 0 0 0 0 0
54 2 0 0 0 0 0 0 0 0
55 2 0 0 0 0 0 0 0 0
58 2 0 0 0 0 0 0 0 0
61 2 0 0 0 0 0 0 0 0
fn=update_active.constprop.0
28 1 0 0 0 0 0 0 0 0
30 2 0 0 0 0 0 0 0 0
31 2 0 0 0 0 0 0 0 0
32 3 1 1 0 0 0 0 0 0
36 3 0 0 0 0 0 0 0 0
38 1 0 0 0 0 0 0 0 0
39 3 2 2 1 0 0 0 0 0
40 4 0 0 1 0 0 0 0 0
45 4 0 0 0 0 0 0 0 0
47 1 0 0 0 0 0 0 0 0
48 2 0 0 0 0 0 0 0 0
51 5 1 1 1 0 0 0 0 0
53 4 0 0 0 0 0 0 0 0
54 2 0 0 0 0 0 0 0 0
55 2 1 1 0 0 0 0 0 0
57 1 0 0 0 0 0 0 0 0
58 2 0 0 0 0 0 0 0 0
61 2 0 0 0 0 0 0 0 0
fl=./elf/../sysdeps/x86_64/dl-hwcaps-subdirs.c
fn=_dl_hwcaps_subdirs_active
38 3 0 0 0 0 0 0 0 0
43 1 0 0 0 0 0 0 0 0
48 1 1 1 0 0 0 0 0 0
52 1 0 0 1 0 0 0 0 0
fl=./elf/../sysdeps/x86_64/dl-irel.h
fn=_dl_fixup
32 8 4 2 0 0 0 8 0 0
fl=./elf/../sysdeps/x86_64/dl-machine.h
fn=_dl_fixup
220 123 2 2 0 0 0 123 0 0
fn=_dl_relocate_object
72 28 0 0 7 0 0 0 0 0
78 20 0 0 15 4 0 0 0 0
82 15 1 1 5 5 5 0 0 0
88 5 0 0 0 0 0 5 0 0
98 10 0 0 0 0 0 0 0 0
118 10 0 0 5 1 0 0 0 0
121 10 0 0 0 0 0 5 0 0
123 20 2 2 5 3 0 0 0 0
126 5 0 0 0 0 0 0 0 0
253 6782 1 1 0 0 0 0 0 0
260 6782 0 0 0 0 0 0 0 0
264 6782 0 0 0 0 0 0 0 0
273 27050 6 6 10134 4 0 0 0 0
276 13489 0 0 3359 0 0 0 0 0
277 6760 1 1 0 0 0 0 0 0
278 6752 0 0 0 0 0 0 0 0
303 20346 1 1 3391 8 3 0 0 0
330 6 1 1 0 0 0 0 0 0
331 9 0 0 6 2 0 3 2 1
336 6 0 0 2 0 0 0 0 0
338 4 0 0 4 0 0 0 0 0
347 4 0 0 2 0 0 2 0 0
384 54 1 1 18 0 0 0 0 0
386 72 0 0 18 0 0 0 0 0
390 54 0 0 36 2 2 0 0 0
399 36 0 0 18 0 0 18 6 6
407 9446 0 0 6081 350 350 3365 1181 433
444 9 1 1 3 0 0 0 0 0
448 12 0 0 3 0 0 6 0 0
449 12 0 0 6 0 0 0 0 0
450 15 1 1 9 0 0 0 0 0
451 6 0 0 0 0 0 0 0 0
460 4 0 0 4 0 0 0 0 0
461 6 0 0 2 0 0 0 0 0
462 2 0 0 0 0 0 2 0 0
463 2 0 0 0 0 0 2 2 1
482 2706 0 0 902 112 112 0 0 0
483 902 0 0 0 0 0 902 250 244
487 1804 0 0 0 0 0 0 0 0
488 1804 0 0 902 115 115 0 0 0
498 2402 0 0 1201 0 0 0 0 0
502 2288 0 0 0 0 0 0 0 0
505 3432 0 0 1144 0 0 0 0 0
506 1144 0 0 1144 150 150 0 0 0
532 114 0 0 114 0 0 0 0 0
533 171 0 0 57 0 0 0 0 0
534 57 0 0 0 0 0 57 0 0
535 57 0 0 0 0 0 57 0 0
fn=_dl_start
72 1 0 0 1 0 0 0 0 0
264 21 1 1 0 0 0 0 0 0
273 59 1 1 21 7 7 1 0 0
276 14 0 0 7 0 0 0 0 0
277 28 0 0 0 0 0 0 0 0
303 21 0 0 0 0 0 0 0 0
307 6 0 0 0 0 0 6 2 2
fn=_dl_sysdep_start
206 1 0 0 0 0 0 1 0 0
fl=./elf/../sysdeps/x86_64/dl-runtime.h
fn=_dl_fixup
28 123 0 0 0 0 0 0 0 0
fl=./elf/../sysdeps/x86_64/dl-trampoline.h
fn=_dl_runtime_resolve_xsave
76 123 4 3 0 0 0 123 0 0
79 123 0 0 0 0 0 0 0 0
81 123 0 0 0 0 0 0 0 0
91 123 0 0 123 3 2 0 0 0
97 123 0 0 0 0 0 123 4 1
98 123 0 0 0 0 0 123 0 0
99 123 0 0 0 0 0 123 0 0
100 123 2 2 0 0 0 123 0 0
101 123 0 0 0 0 0 123 0 0
102 123 0 0 0 0 0 123 0 0
103 123 0 0 0 0 0 123 0 0
107 123 0 0 0 0 0 0 0 0
108 123 0 0 0 0 0 0 0 0
111 123 0 0 0 0 0 123 3 0
112 123 0 0 0 0 0 123 0 0
114 123 0 0 0 0 0 123 0 0
115 123 0 0 0 0 0 123 0 0
116 123 0 0 0 0 0 123 0 0
117 123 2 2 0 0 0 123 0 0
118 123 0 0 0 0 0 123 0 0
119 123 0 0 0 0 0 123 0 0
121 123 0 0 123 0 0 4059 23 2
128 123 0 0 123 0 0 0 0 0
129 123 0 0 123 0 0 0 0 0
130 123 0 0 0 0 0 123 4 1
131 123 0 0 0 0 0 0 0 0
136 123 0 0 0 0 0 0 0 0
137 123 0 0 0 0 0 0 0 0
138 123 0 0 4428 0 0 0 0 0
140 123 0 0 123 0 0 0 0 0
141 123 2 2 123 0 0 0 0 0
142 123 0 0 123 0 0 0 0 0
143 123 0 0 123 0 0 0 0 0
144 123 0 0 123 0 0 0 0 0
145 123 0 0 123 0 0 0 0 0
146 123 0 0 123 0 0 0 0 0
148 123 0 0 0 0 0 0 0 0
150 123 0 0 123 0 0 0 0 0
154 123 0 0 0 0 0 0 0 0
156 123 0 0 0 0 0 0 0 0
fl=./elf/../sysdeps/x86_64/tls_get_addr.S
fn=__tls_get_addr
30 221 4 3 221 0 0 0 0 0
31 221 0 0 221 7 3 0 0 0
33 221 0 0 221 7 3 0 0 0
34 221 0 0 0 0 0 0 0 0
35 221 0 0 221 7 3 0 0 0
38 221 0 0 0 0 0 0 0 0
39 221 0 0 221 0 0 0 0 0
43 221 0 0 0 0 0 0 0 0
44 221 0 0 0 0 0 0 0 0
45 221 0 0 221 0 0 0 0 0
46 221 0 0 221 0 0 0 0 0
fl=./elf/./dl-find_object.h
fn=_dl_find_object_from_map
95 14 1 1 7 4 0 7 2 2
96 14 0 0 7 0 0 7 0 0
97 7 0 0 0 0 0 7 3 3
103 35 0 0 14 6 0 0 0 0
104 176 0 0 0 0 0 0 0 0
105 122 1 1 61 52 6 0 0 0
107 21 0 0 14 1 0 7 0 0
112 7 0 0 7 0 0 0 0 0
fl=./elf/./dl-hwcaps.h
fn=_dl_important_hwcaps
54 9 0 0 1 0 0 4 0 0
56 7 0 0 0 0 0 4 0 0
57 1 0 0 0 0 0 0 0 0
88 5 1 1 2 0 0 3 0 0
89 8 0 0 2 0 0 3 0 0
90 3 0 0 0 0 0 0 0 0
fn=copy_hwcaps
54 2 0 0 0 0 0 2 0 0
56 4 0 0 0 0 0 2 0 0
88 2 0 0 0 0 0 2 0 0
89 2 0 0 0 0 0 2 0 0
90 2 0 0 0 0 0 0 0 0
fl=./elf/./dl-load.h
fn=_dl_map_object_from_fd
91 40 0 0 0 0 0 0 0 0
92 15 0 0 10 0 0 5 0 0
94 40 1 1 20 0 0 0 0 0
95 16 1 1 8 0 0 0 0 0
96 24 1 1 8 0 0 0 0 0
97 16 0 0 4 0 0 0 0 0
99 16 0 0 0 0 0 4 0 0
fl=./elf/./dl-main.h
fn=dl_main
112 5 2 2 4 0 0 1 0 0
fl=./elf/./dl-map-segments.h
fn=_dl_map_object_from_fd
28 15 1 1 5 0 0 0 0 0
29 50 1 1 25 0 0 10 1 1
101 5 0 0 0 0 0 5 0 0
102 15 0 0 5 0 0 0 0 0
105 15 1 1 5 0 0 5 0 0
106 10 0 0 0 0 0 5 0 0
108 10 0 0 5 0 0 0 0 0
125 5 1 1 5 0 0 0 0 0
127 5 0 0 5 0 0 0 0 0
135 120 0 0 20 0 0 0 0 0
137 60 1 1 30 0 0 0 0 0
139 165 0 0 60 0 0 30 0 0
140 15 0 0 15 0 0 0 0 0
149 80 0 0 40 0 0 0 0 0
155 10 0 0 5 0 0 0 0 0
156 5 0 0 0 0 0 0 0 0
157 25 1 1 5 0 0 0 0 0
158 10 0 0 0 0 0 0 0 0
165 10 0 0 0 0 0 0 0 0
168 10 0 0 0 0 0 0 0 0
176 45 0 0 10 0 0 15 0 0
182 10 0 0 0 0 0 0 0 0
186 16 1 1 0 0 0 2 0 0
189 4 1 1 0 0 0 0 0 0
194 20 1 1 0 0 0 0 0 0
fl=./elf/./dl-sym-post.h
fn=lookup_malloc_symbol
41 8 0 0 0 0 0 0 0 0
53 12 0 0 4 0 0 0 0 0
fl=./elf/./dl-tunable-types.h
fn=do_tunable_update_val
90 10 1 1 0 0 0 0 0 0
fl=./elf/./elf/dl-audit.c
fn=_dl_audit_activity_map
29 7 0 0 0 0 0 6 0 0
30 1 0 0 1 0 0 0 0 0
31 3 1 1 1 0 0 0 0 0
37 8 1 1 7 0 0 0 0 0
fn=_dl_audit_activity_nsid
45 4 1 1 1 0 0 0 0 0
47 3 0 0 1 0 0 0 0 0
51 1 0 0 1 0 0 0 0 0
fn=_dl_audit_objopen
78 20 1 1 10 0 0 0 0 0
fn=_dl_audit_preinit
119 4 1 1 2 1 0 0 0 0
fl=./elf/./elf/dl-cache.c
fn=_dl_cache_libcmp
367 42 1 1 0 0 0 0 0 0
368 702 0 0 234 0 0 0 0 0
370 690 0 0 0 0 0 0 0 0
372 468 0 0 230 35 35 0 0 0
378 12 0 0 0 0 0 0 0 0
379 12 0 0 0 0 0 0 0 0
380 16 1 1 4 0 0 0 0 0
382 16 0 0 4 0 0 0 0 0
384 8 0 0 0 0 0 0 0 0
390 452 0 0 0 0 0 0 0 0
392 452 0 0 0 0 0 0 0 0
393 114 0 0 38 0 0 0 0 0
396 188 1 1 0 0 0 0 0 0
397 188 0 0 0 0 0 0 0 0
400 12 0 0 8 0 0 0 0 0
fn=_dl_load_cache_lookup
413 20 1 1 0 0 0 8 0 0
415 8 0 0 4 0 0 0 0 0
418 12 1 1 4 0 0 0 0 0
421 6 2 2 0 0 0 2 0 0
429 6 0 0 2 0 0 0 0 0
430 8 1 1 3 1 1 0 0 0
433 6 0 0 0 0 0 0 0 0
434 1 0 0 1 0 0 0 0 0
441 1 1 1 0 0 0 1 0 0
442 2 0 0 0 0 0 1 0 0
487 9 0 0 3 0 0 0 0 0
492 12 0 0 4 0 0 0 0 0
495 24 0 0 4 0 0 4 0 0
510 8 1 1 4 0 0 0 0 0
514 8 0 0 0 0 0 0 0 0
522 12 0 0 0 0 0 4 0 0
523 20 0 0 0 0 0 0 0 0
524 12 0 0 0 0 0 4 0 0
525 4 1 1 0 0 0 4 0 0
526 12 0 0 12 0 0 0 0 0
fn=_dl_unload_cache
535 1 1 0 0 0 0 0 0 0
536 4 1 1 1 1 0 0 0 0
538 2 0 0 1 1 0 1 0 0
539 1 0 0 0 0 0 1 0 0
543 1 0 0 0 0 0 1 0 0
545 2 0 0 1 0 0 0 0 0
fn=search_cache
194 76 0 0 0 0 0 0 0 0
206 52 2 2 0 0 0 40 0 0
208 4 0 0 4 0 0 0 0 0
211 24 1 1 4 0 0 8 0 0
213 76 2 2 20 0 0 16 0 0
214 8 0 0 0 0 0 0 0 0
216 24 0 0 8 0 0 4 0 0
228 76 0 0 0 0 0 0 0 0
230 190 1 1 0 0 0 0 0 0
231 80 0 0 42 30 30 0 0 0
235 76 0 0 0 0 0 0 0 0
236 44 1 1 12 0 0 4 0 0
239 114 0 0 38 0 0 38 0 0
240 76 0 0 0 0 0 0 0 0
248 16 0 0 0 0 0 0 0 0
250 8 0 0 4 0 0 0 0 0
253 8 0 0 0 0 0 0 0 0
255 24 0 0 0 0 0 4 0 0
257 4 0 0 0 0 0 0 0 0
267 8 0 0 0 0 0 0 0 0
277 8 1 1 4 0 0 0 0 0
278 12 0 0 4 0 0 0 0 0
285 8 0 0 4 0 0 0 0 0
294 8 1 1 0 0 0 0 0 0
303 8 0 0 4 0 0 0 0 0
306 8 0 0 4 0 0 0 0 0
311 4 0 0 0 0 0 0 0 0
312 12 0 0 4 0 0 0 0 0
340 8 0 0 0 0 0 4 0 0
356 34 0 0 0 0 0 0 0 0
357 19 1 1 0 0 0 0 0 0
359 15 0 0 0 0 0 0 0 0
363 36 1 1 32 0 0 0 0 0
fl=./elf/./elf/dl-call-libc-early-init.c
fn=_dl_call_libc_early_init
27 3 0 0 0 0 0 2 0 0
29 2 0 0 0 0 0 0 0 0
33 7 1 1 0 0 0 1 0 0
37 2 0 0 0 0 0 0 0 0
39 4 0 0 3 0 0 0 0 0
40 2 0 0 0 0 0 0 0 0
41 3 0 0 2 0 0 0 0 0
fl=./elf/./elf/dl-debug.c
fn=_dl_debug_initialize
56 1 1 1 0 0 0 0 0 0
57 3 1 1 0 0 0 0 0 0
59 2 0 0 0 0 0 0 0 0
63 3 0 0 1 1 1 0 0 0
64 1 0 0 0 0 0 1 0 0
85 3 0 0 1 0 0 0 0 0
90 3 2 2 1 0 0 1 0 0
91 2 0 0 0 0 0 1 0 0
92 1 0 0 0 0 0 1 0 0
95 3 0 0 2 0 0 0 0 0
96 6 1 1 1 0 0 1 0 0
99 2 0 0 0 0 0 0 0 0
107 2 0 0 1 0 0 0 0 0
fn=_dl_debug_state
117 2 1 1 2 0 0 0 0 0
fn=_dl_debug_update
40 12 0 0 0 0 0 0 0 0
41 6 0 0 0 0 0 0 0 0
44 12 1 1 6 1 0 0 0 0
48 6 0 0 6 0 0 0 0 0
fl=./elf/./elf/dl-deps.c
fn=_dl_map_object_deps
128 6 0 0 0 0 0 3 1 1
129 5 0 0 0 0 0 2 0 0
130 6 1 1 0 0 0 1 1 1
132 2 0 0 0 0 0 1 1 1
136 8 1 1 2 0 0 2 0 0
143 13 1 1 0 0 0 7 1 1
144 9 2 2 0 0 0 0 0 0
160 8 0 0 0 0 0 0 0 0
161 1 0 0 1 0 0 0 0 0
164 2 1 1 1 0 0 1 0 0
182 1 0 0 1 0 0 0 0 0
183 6 1 1 4 0 0 0 0 0
184 1 0 0 0 0 0 1 0 0
188 13 0 0 7 0 0 0 0 0
190 37 1 1 0 0 0 20 0 0
193 7 1 1 0 0 0 7 0 0
197 21 0 0 7 2 0 0 0 0
198 53 2 2 20 0 0 0 0 0
201 15 0 0 0 0 0 0 0 0
205 10 0 0 5 0 0 0 0 0
208 22 0 0 11 4 2 0 0 0
210 20 1 1 15 0 0 0 0 0
215 5 1 1 0 0 0 5 1 1
216 5 0 0 0 0 0 5 0 0
217 5 0 0 0 0 0 5 0 0
218 10 0 0 5 0 0 5 0 0
221 610 1 1 165 7 0 5 0 0
222 280 1 1 0 0 0 0 0 0
228 113 1 1 24 0 0 16 0 0
230 12 0 0 0 0 0 12 0 0
232 48 2 2 0 0 0 12 0 0
233 24 0 0 12 0 0 0 0 0
242 12 0 0 12 0 0 0 0 0
244 24 0 0 12 0 0 0 0 0
249 15 1 1 0 0 0 0 0 0
252 5 0 0 0 0 0 5 0 0
253 5 0 0 0 0 0 5 0 0
254 5 0 0 0 0 0 5 0 0
255 10 0 0 5 0 0 5 0 0
257 5 0 0 5 0 0 0 0 0
259 25 0 0 5 0 0 10 0 0
263 36 0 0 12 0 0 0 0 0
264 24 0 0 0 0 0 8 0 0
266 384 1 1 0 0 0 0 0 0
417 14 0 0 0 0 0 0 0 0
419 20 1 1 0 0 0 10 0 0
422 15 0 0 0 0 0 5 0 0
423 20 1 1 10 0 0 0 0 0
429 5 0 0 0 0 0 5 3 3
430 25 0 0 0 0 0 10 0 0
431 30 0 0 5 0 0 5 0 0
434 5 0 0 0 0 0 5 0 0
435 5 0 0 5 0 0 0 0 0
439 21 0 0 7 0 0 0 0 0
441 7 1 1 7 0 0 0 0 0
442 32 0 0 6 0 0 0 0 0
448 5 1 1 1 0 0 0 0 0
449 2 0 0 0 0 0 1 0 0
452 4 0 0 1 0 0 1 0 0
463 5 1 1 1 0 0 2 0 0
465 4 1 1 2 0 0 0 0 0
470 4 0 0 1 0 0 1 0 0
471 1 0 0 0 0 0 1 0 0
472 1 0 0 0 0 0 0 0 0
474 23 0 0 7 0 0 0 0 0
478 21 1 1 7 0 0 0 0 0
483 14 0 0 0 0 0 0 0 0
485 21 0 0 0 0 0 7 2 2
490 7 0 0 7 0 0 0 0 0
495 3 0 0 1 0 0 0 0 0
532 2 1 1 0 0 0 0 0 0
533 2 0 0 0 0 0 0 0 0
536 1 0 0 1 0 0 0 0 0
547 9 2 2 2 0 0 3 0 0
552 9 1 1 1 0 0 2 0 0
553 5 1 1 2 0 0 1 0 0
557 1 0 0 0 0 0 1 0 0
559 2 0 0 1 0 0 1 0 0
560 1 0 0 1 0 0 0 0 0
561 3 0 0 1 0 0 0 0 0
568 3 1 1 1 0 0 0 0 0
571 2 0 0 0 0 0 0 0 0
574 8 0 0 7 1 0 0 0 0
fn=openaux
61 24 0 0 0 0 0 12 0 0
64 132 0 0 48 0 0 24 1 1
65 12 0 0 12 0 0 0 0 0
68 12 0 0 12 0 0 0 0 0
69 24 0 0 24 0 0 0 0 0
fl=./elf/./elf/dl-environ.c
fn=_dl_next_ld_env_entry
29 3 1 1 3 0 0 0 0 0
32 187 0 0 62 0 0 0 0 0
34 122 1 1 61 0 0 0 0 0
35 14 0 0 7 0 0 0 0 0
37 2 0 0 0 0 0 0 0 0
40 4 0 0 0 0 0 2 0 0
42 2 0 0 2 0 0 0 0 0
45 59 0 0 0 0 0 0 0 0
49 1 0 0 1 0 0 0 0 0
fl=./elf/./elf/dl-error-skeleton.c
fn=_dl_catch_error
225 9 1 1 0 0 0 3 0 0
227 2 0 0 0 0 0 1 0 0
228 2 0 0 1 0 0 1 0 0
229 2 0 0 1 0 0 1 0 0
230 2 1 1 1 0 0 1 0 0
232 5 0 0 4 0 0 0 0 0
fn=_dl_catch_exception
175 52 1 1 0 0 0 39 2 2
178 26 0 0 0 0 0 0 0 0
180 26 0 0 13 0 0 13 0 0
185 13 1 1 0 0 0 0 0 0
199 26 0 0 13 0 0 13 2 2
200 26 0 0 0 0 0 13 0 0
203 26 1 1 0 0 0 13 0 0
206 65 0 0 0 0 0 13 0 0
208 39 0 0 26 0 0 13 0 0
209 26 0 0 13 0 0 13 0 0
210 52 0 0 13 0 0 26 0 0
219 26 0 0 13 0 0 0 0 0
fn=_dl_receive_error
238 5 0 0 0 0 0 2 0 0
239 1 0 0 1 0 0 0 0 0
240 1 0 0 1 0 0 0 0 0
243 1 1 1 0 0 0 1 0 0
244 1 0 0 0 0 0 1 0 0
246 1 0 0 0 0 0 1 0 0
248 1 0 0 0 0 0 1 0 0
249 1 0 0 0 0 0 1 0 0
250 4 0 0 3 0 0 0 0 0
fl=./elf/./elf/dl-find_object.c
fn=_dl_find_object_init
561 3 1 1 0 0 0 2 0 0
564 1 0 0 1 1 0 0 0 0
566 2 0 0 1 0 0 0 0 0
567 3 2 2 0 0 0 1 0 0
579 2 1 1 0 0 0 1 0 0
580 3 0 0 1 0 0 1 0 0
582 2 0 0 0 0 0 0 0 0
585 2 0 0 0 0 0 0 0 0
590 1 1 1 0 0 0 1 0 0
591 1 0 0 0 0 0 1 0 0
594 3 0 0 1 0 0 0 0 0
596 2 0 0 0 0 0 1 0 0
599 6 0 0 3 0 0 1 0 0
601 1 0 0 0 0 0 0 0 0
604 4 0 0 3 0 0 0 0 0
fn=_dlfo_process_initial
474 4 0 0 0 0 0 2 0 0
475 2 0 0 2 0 0 0 0 0
477 2 0 0 0 0 0 0 0 0
478 4 1 1 2 0 0 0 0 0
504 22 1 1 4 1 0 0 0 0
505 34 0 0 2 0 0 0 0 0
506 14 0 0 14 1 0 0 0 0
508 52 1 1 12 0 0 0 0 0
511 48 0 0 12 0 0 0 0 0
513 36 1 1 12 0 0 0 0 0
515 12 0 0 0 0 0 6 0 0
516 12 0 0 0 0 0 0 0 0
517 24 0 0 0 0 0 0 0 0
529 2 0 0 0 0 0 2 0 0
531 8 0 0 4 0 0 0 0 0
fn=_dlfo_sort_mappings
537 2 1 1 0 0 0 0 0 0
540 24 0 0 5 0 0 0 0 0
544 10 0 0 5 0 0 0 0 0
545 70 1 1 0 0 0 0 0 0
546 85 0 0 15 0 0 0 0 0
553 20 0 0 10 0 0 0 0 0
554 25 0 0 10 0 0 10 0 0
555 10 0 0 0 0 0 10 0 0
557 1 0 0 1 0 0 0 0 0
fl=./elf/./elf/dl-hwcaps.c
fn=_dl_important_hwcaps
55 16 2 2 0 0 0 4 0 0
57 2 0 0 0 0 0 0 0 0
58 6 0 0 2 0 0 0 0 0
59 2 0 0 0 0 0 0 0 0
103 4 0 0 0 0 0 2 0 0
105 3 1 1 1 0 0 0 0 0
108 1 0 0 0 0 0 1 0 0
111 2 0 0 0 0 0 1 0 0
115 4 1 1 0 0 0 1 0 0
117 1 0 0 0 0 0 0 0 0
128 12 1 1 0 0 0 3 0 0
130 10 0 0 4 0 0 2 1 1
131 4 0 0 2 0 0 2 0 0
132 4 0 0 0 0 0 2 0 0
133 2 0 0 0 0 0 0 0 0
136 5 0 0 1 0 0 0 0 0
145 14 0 0 7 0 0 1 0 0
146 10 0 0 0 0 0 1 0 0
148 8 1 1 1 0 0 5 0 0
154 2 1 1 2 0 0 0 0 0
158 7 1 1 2 0 0 1 0 0
159 3 0 0 1 0 0 0 0 0
160 3 0 0 0 0 0 0 0 0
164 1 0 0 1 0 0 0 0 0
165 3 0 0 1 0 0 1 0 0
166 2 0 0 0 0 0 2 0 0
175 13 2 2 0 0 0 10 3 3
176 6 0 0 1 0 0 1 0 0
178 2 0 0 1 0 0 1 0 0
179 4 0 0 1 0 0 1 0 0
187 2 0 0 0 0 0 2 0 0
188 4 1 1 1 0 0 0 0 0
198 2 1 1 0 0 0 1 0 0
199 4 0 0 0 0 0 1 0 0
203 17 0 0 1 0 0 0 0 0
204 6 0 0 0 0 0 0 0 0
205 4 1 1 0 0 0 0 0 0
208 1 0 0 0 0 0 0 0 0
228 6 0 0 0 0 0 2 0 0
230 8 0 0 3 0 0 0 0 0
231 4 0 0 2 0 0 2 1 1
233 1 0 0 0 0 0 1 0 0
234 2 0 0 0 0 0 2 0 0
235 9 1 1 0 0 0 3 0 0
236 3 1 1 0 0 0 0 0 0
238 3 0 0 1 0 0 0 0 0
240 2 1 1 0 0 0 1 0 0
241 2 0 0 1 0 0 1 0 0
242 3 0 0 0 0 0 0 0 0
245 5 0 0 0 0 0 1 0 0
246 1 0 0 0 0 0 1 0 0
249 3 1 1 1 0 0 0 0 0
253 2 0 0 0 0 0 0 0 0
254 4 1 1 1 0 0 2 0 0
257 4 0 0 2 0 0 1 0 0
258 2 0 0 0 0 0 0 0 0
260 3 1 1 0 0 0 0 0 0
261 4 0 0 0 0 0 0 0 0
262 4 0 0 1 0 0 0 0 0
263 2 1 1 0 0 0 0 0 0
270 4 0 0 1 0 0 0 0 0
274 9 0 0 2 0 0 2 1 1
281 5 1 1 1 0 0 1 0 0
282 2 0 0 0 0 0 0 0 0
289 1 1 1 0 0 0 1 0 0
290 6 0 0 2 0 0 2 0 0
291 5 0 0 1 0 0 1 0 0
292 5 1 1 2 0 0 1 0 0
295 1 0 0 1 0 0 0 0 0
296 1 0 0 1 0 0 0 0 0
303 4 0 0 2 0 0 0 0 0
305 1 0 0 0 0 0 1 0 0
314 2 0 0 1 0 0 1 0 0
327 1 0 0 0 0 0 1 1 1
330 2 1 1 0 0 0 0 0 0
337 7 0 0 3 0 0 1 0 0
340 2 0 0 0 0 0 0 0 0
343 17 0 0 7 0 0 5 0 0
346 13 1 1 2 0 0 1 0 0
347 22 1 1 0 0 0 6 0 0
348 5 1 1 2 0 0 2 0 0
351 10 0 0 4 0 0 4 0 0
353 16 1 1 7 0 0 0 0 0
358 25 0 0 0 0 0 0 0 0
359 8 0 0 0 0 0 8 0 0
363 17 1 1 0 0 0 0 0 0
366 66 0 0 0 0 0 0 0 0
367 72 0 0 0 0 0 0 0 0
368 36 0 0 24 0 0 0 0 0
370 9 1 1 0 0 0 0 0 0
373 6 0 0 2 0 0 0 0 0
374 2 0 0 0 0 0 0 0 0
375 9 0 0 0 0 0 0 0 0
377 6 1 1 0 0 0 0 0 0
378 2 0 0 2 0 0 0 0 0
380 1 0 0 1 0 0 0 0 0
381 7 0 0 0 0 0 2 0 0
388 18 1 1 5 0 0 4 0 0
389 4 0 0 0 0 0 0 0 0
391 8 0 0 0 0 0 0 0 0
394 3 0 0 2 0 0 0 0 0
400 9 0 0 7 0 0 0 0 0
fn=copy_hwcaps
77 12 1 1 0 0 0 8 1 1
80 16 0 0 0 0 0 4 0 0
82 6 1 1 4 0 0 2 0 0
83 16 0 0 4 0 0 6 1 1
87 2 0 0 0 0 0 2 0 0
88 2 0 0 2 0 0 0 0 0
89 6 0 0 2 0 0 2 0 0
90 4 0 0 0 0 0 2 0 0
91 4 0 0 0 0 0 2 0 0
93 12 0 0 10 0 0 0 0 0
fl=./elf/./elf/dl-hwcaps_split.c
fn=_dl_hwcaps_contains
67 12 1 1 0 0 0 0 0 0
68 6 1 1 0 0 0 0 0 0
77 6 0 0 6 0 0 0 0 0
fn=_dl_hwcaps_split
25 45 0 0 0 0 0 30 0 0
26 45 0 0 15 0 0 0 0 0
27 6 0 0 0 0 0 0 0 0
30 36 1 1 12 0 0 12 0 0
34 72 0 0 18 1 1 0 0 0
35 12 0 0 0 0 0 6 0 0
36 24 0 0 0 0 0 0 0 0
41 27 0 0 0 0 0 9 0 0
42 18 0 0 0 0 0 0 0 0
43 21 0 0 0 0 0 12 0 0
45 18 0 0 0 0 0 0 0 0
46 9 0 0 0 0 0 0 0 0
47 60 1 1 45 0 0 0 0 0
fn=_dl_hwcaps_split_masked
51 33 1 1 0 0 0 11 0 0
54 56 0 0 0 0 0 14 2 2
56 9 0 0 9 0 0 0 0 0
57 27 0 0 0 0 0 9 0 0
58 54 0 0 18 0 0 6 0 0
62 22 0 0 22 0 0 0 0 0
fl=./elf/./elf/dl-init.c
fn=_dl_init
81 11 1 1 0 0 0 6 0 0
82 1 0 0 1 1 0 0 0 0
83 1 0 0 1 0 0 0 0 0
86 3 0 0 1 0 0 0 0 0
88 1 1 1 0 0 0 1 1 0
89 2 0 0 0 0 0 1 0 0
94 2 0 0 0 0 0 0 0 0
119 1 1 1 1 0 0 0 0 0
120 26 0 0 0 0 0 0 0 0
121 42 0 0 14 1 0 7 0 0
127 8 1 1 7 0 0 0 0 0
fn=call_init
27 64 0 0 0 0 0 40 0 0
29 16 1 1 8 0 0 0 0 0
35 48 0 0 8 0 0 0 0 0
37 16 0 0 0 0 0 0 0 0
43 21 1 1 7 0 0 7 0 0
46 21 0 0 14 6 0 0 0 0
47 2 0 0 0 0 0 0 0 0
51 12 0 0 6 0 0 0 0 0
59 18 0 0 6 4 0 0 0 0
60 24 1 1 8 3 0 4 0 0
63 6 0 0 6 5 0 0 0 0
64 12 0 0 0 0 0 0 0 0
70 15 0 0 10 5 0 0 0 0
72 10 0 0 10 0 0 0 0 0
73 105 0 0 0 0 0 0 0 0
74 80 1 1 20 5 0 20 0 0
76 48 0 0 48 0 0 0 0 0
fl=./elf/./elf/dl-load.c
fn=_dl_dst_count
238 70 1 1 0 0 0 70 1 1
241 28 0 0 0 0 0 14 1 1
244 28 0 0 0 0 0 0 0 0
245 14 0 0 0 0 0 0 0 0
264 98 1 1 84 0 0 0 0 0
fn=_dl_init_paths
706 12 2 2 0 0 0 8 0 0
720 4 0 0 0 0 0 2 0 0
725 1 0 0 0 0 0 1 0 0
727 3 0 0 0 0 0 0 0 0
734 3 0 0 0 0 0 0 0 0
735 2 1 1 1 0 0 0 0 0
739 4 0 0 0 0 0 1 1 1
741 4 0 0 2 0 0 0 0 0
747 1 0 0 0 0 0 1 0 0
748 1 0 0 0 0 0 1 0 0
756 9 0 0 0 0 0 4 0 0
758 8 1 1 0 0 0 4 1 1
759 4 1 1 0 0 0 4 0 0
761 5 0 0 0 0 0 4 1 1
762 7 0 0 3 1 1 4 1 1
763 7 0 0 0 0 0 0 0 0
766 9 0 0 3 1 1 0 0 0
767 9 0 0 1 0 0 0 0 0
768 18 1 1 4 0 0 5 0 0
770 29 2 2 6 0 0 6 0 0
776 1 0 0 0 0 0 1 0 0
777 1 0 0 0 0 0 1 0 0
782 1 0 0 1 0 0 0 0 0
785 3 0 0 0 0 0 0 0 0
787 4 0 0 1 0 0 0 0 0
789 3 1 1 1 0 0 0 0 0
806 1 0 0 0 0 0 1 0 0
808 3 2 2 1 0 0 0 0 0
822 2 1 1 0 0 0 1 0 0
825 5 1 1 2 0 0 0 0 0
827 12 1 1 0 0 0 2 0 0
831 2 0 0 0 0 0 0 0 0
832 60 0 0 15 0 0 0 0 0
833 14 0 0 0 0 0 0 0 0
834 28 1 1 0 0 0 0 0 0
836 1 0 0 0 0 0 1 0 0
837 1 0 0 0 0 0 0 0 0
838 2 0 0 0 0 0 0 0 0
844 6 0 0 1 0 0 1 0 0
847 3 0 0 2 0 0 0 0 0
853 1 0 0 0 0 0 1 0 0
857 8 0 0 7 0 0 0 0 0
fn=_dl_map_object
1971 130 1 1 0 0 0 117 5 5
1973 5 0 0 0 0 0 5 0 0
1979 26 1 1 0 0 0 0 0 0
1980 52 0 0 13 1 1 0 0 0
1983 267 1 1 63 0 0 13 0 0
1988 406 0 0 116 0 0 0 0 0
1990 290 1 1 0 0 0 58 2 2
1994 100 0 0 50 0 0 0 0 0
1995 150 0 0 50 0 0 0 0 0
1998 140 0 0 84 0 0 0 0 0
1999 84 1 1 28 0 0 0 0 0
2000 140 0 0 0 0 0 28 0 0
2014 30 0 0 5 0 0 0 0 0
2015 15 1 1 5 0 0 5 2 2
2023 15 0 0 5 0 0 0 0 0
2038 5 0 0 0 0 0 5 0 0
2040 25 1 1 0 0 0 5 0 0
2044 16 1 1 0 0 0 8 0 0
2046 8 0 0 4 0 0 0 0 0
2053 16 0 0 4 0 0 0 0 0
2057 4 1 1 4 0 0 0 0 0
2058 4 1 1 0 0 0 0 0 0
2062 12 0 0 4 0 0 0 0 0
2063 32 1 1 0 0 0 4 0 0
2065 36 0 0 0 0 0 16 0 0
2072 16 1 1 16 0 0 0 0 0
2077 8 0 0 0 0 0 0 0 0
2078 24 2 2 4 0 0 0 0 0
2079 52 1 1 12 0 0 12 0 0
2088 8 0 0 0 0 0 0 0 0
2103 8 0 0 4 0 0 0 0 0
2104 68 1 1 8 0 0 20 0 0
2110 20 0 0 0 0 0 0 0 0
2111 32 1 1 0 0 0 4 0 0
2119 4 0 0 0 0 0 4 0 0
2133 8 0 0 4 0 0 0 0 0
2135 12 1 1 4 0 0 0 0 0
2139 12 0 0 0 0 0 4 0 0
2141 8 0 0 0 0 0 0 0 0
2145 8 0 0 0 0 0 0 0 0
2153 12 0 0 4 0 0 0 0 0
2176 36 1 1 0 0 0 8 0 0
2180 8 0 0 0 0 0 0 0 0
2181 4 0 0 0 0 0 4 0 0
2198 8 0 0 4 0 0 0 0 0
2204 1 0 0 0 0 0 1 0 0
2205 4 0 0 0 0 0 1 0 0
2206 2 0 0 0 0 0 0 0 0
2207 3 1 1 0 0 0 0 0 0
2211 9 0 0 0 0 0 2 0 0
2214 2 0 0 0 0 0 0 0 0
2226 20 0 0 5 0 0 0 0 0
2271 10 1 1 5 0 0 5 0 0
2272 80 1 1 25 0 0 25 0 0
2274 117 0 0 91 0 0 0 0 0
fn=_dl_map_object_from_fd
944 70 1 1 0 0 0 50 2 2
954 15 1 1 5 0 0 10 1 1
961 20 0 0 5 0 0 5 0 0
999 95 0 0 30 0 0 0 0 0
1000 40 1 1 20 0 0 0 0 0
1018 10 1 1 5 0 0 0 0 0
1046 20 1 1 5 0 0 5 0 0
1056 10 0 0 5 0 0 0 0 0
1063 40 0 0 25 0 0 5 0 0
1064 10 0 0 0 0 0 0 0 0
1075 10 0 0 5 0 0 5 2 2
1076 15 0 0 5 0 0 5 0 0
1077 10 0 0 5 0 0 5 0 0
1079 15 0 0 0 0 0 0 0 0
1080 20 1 1 10 0 0 0 0 0
1081 8 1 1 0 0 0 4 0 0
1084 6 0 0 0 0 0 1 0 0
1085 6 1 1 1 0 0 1 1 1
1096 5 1 1 0 0 0 5 0 0
1098 5 0 0 0 0 0 5 0 0
1100 60 0 0 5 0 0 5 0 0
1101 5 0 0 0 0 0 0 0 0
1102 5 0 0 0 0 0 5 0 0
1103 5 0 0 0 0 0 5 0 0
1104 5 0 0 0 0 0 0 0 0
1110 189 1 1 10 0 0 0 0 0
1111 450 3 3 53 7 7 0 0 0
1117 10 0 0 5 0 0 0 0 0
1124 12 0 0 7 0 0 5 0 0
1125 15 0 0 5 2 2 5 0 0
1126 50 1 1 10 0 0 5 0 0
1131 2 0 0 1 0 0 1 0 0
1132 1 0 0 0 0 0 0 0 0
1137 155 0 0 65 5 5 5 0 0
1145 80 1 1 20 0 0 0 0 0
1146 130 0 0 0 0 0 20 5 5
1147 100 1 1 20 4 4 20 0 0
1148 40 0 0 0 0 0 20 0 0
1149 40 0 0 20 0 0 20 6 6
1151 120 0 0 20 0 0 0 0 0
1153 40 0 0 0 0 0 20 0 0
1166 40 0 0 0 0 0 0 0 0
1167 75 0 0 30 0 0 15 0 0
1172 20 0 0 0 0 0 0 0 0
1173 205 1 1 40 0 0 40 1 1
1183 20 0 0 0 0 0 0 0 0
1186 6 1 1 2 0 0 0 0 0
1190 8 0 0 0 0 0 2 2 2
1191 2 0 0 2 0 0 0 0 0
1195 10 0 0 0 0 0 2 0 0
1196 4 1 1 2 0 0 2 0 0
1199 2 0 0 0 0 0 2 0 0
1204 8 0 0 2 0 0 0 0 0
1219 10 1 1 5 0 0 5 0 0
1220 5 0 0 0 0 0 0 0 0
1223 20 0 0 10 2 2 5 2 2
1228 35 1 1 25 0 0 0 0 0
1238 95 0 0 0 0 0 0 0 0
1239 40 0 0 0 0 0 20 0 0
1245 10 1 1 0 0 0 0 0 0
1255 20 0 0 10 0 0 0 0 0
1262 35 0 0 15 0 0 5 0 0
1278 20 1 1 10 0 0 0 0 0
1279 15 0 0 5 0 0 5 0 0
1285 18 1 1 4 0 0 0 0 0
1286 10 0 0 0 0 0 0 0 0
1288 10 0 0 0 0 0 0 0 0
1298 15 1 1 5 0 0 0 0 0
1317 10 0 0 5 0 0 5 0 0
1319 30 0 0 10 0 0 0 0 0
1371 15 0 0 5 3 3 0 0 0
1372 4 0 0 2 0 0 2 0 0
1378 146 1 1 68 0 0 0 0 0
1379 251 1 1 53 45 45 0 0 0
1385 61 0 0 0 0 0 2 0 0
1390 20 1 1 5 0 0 5 0 0
1403 10 0 0 5 0 0 0 0 0
1405 20 1 1 10 0 0 5 0 0
1407 10 0 0 5 0 0 0 0 0
1423 10 0 0 0 0 0 5 0 0
1427 10 0 0 5 0 0 0 0 0
1428 10 0 0 5 0 0 0 0 0
1445 10 0 0 5 0 0 0 0 0
1446 1 0 0 0 0 0 1 0 0
1449 10 1 1 5 0 0 5 2 2
1454 10 0 0 5 0 0 0 0 0
1464 10 0 0 5 0 0 0 0 0
1471 40 1 1 15 1 1 0 0 0
1472 15 2 2 5 0 0 0 0 0
1473 36 0 0 12 0 0 4 0 0
1474 12 0 0 4 0 0 0 0 0
1475 5 0 0 1 0 0 1 0 0
1481 10 0 0 5 0 0 0 0 0
1482 8 0 0 2 0 0 0 0 0
1487 4 0 0 0 0 0 2 0 0
1494 15 1 1 5 0 0 5 0 0
1497 20 0 0 10 0 0 0 0 0
1516 10 1 1 0 0 0 0 0 0
1520 35 1 1 15 0 0 0 0 0
1521 20 0 0 5 0 0 5 0 0
1525 45 1 1 35 0 0 0 0 0
fn=_dl_process_pt_gnu_property
868 3 0 0 0 0 0 0 0 0
869 6 0 0 6 0 0 0 0 0
870 3 0 0 3 0 0 0 0 0
876 6 2 1 3 0 0 0 0 0
882 15 1 1 0 0 0 0 0 0
885 9 0 0 3 2 2 0 0 0
886 6 0 0 3 1 1 0 0 0
887 6 0 0 3 0 0 0 0 0
930 3 0 0 3 0 0 0 0 0
fn=cache_rpath
681 24 1 1 0 0 0 0 0 0
682 36 0 0 12 0 0 0 0 0
683 24 0 0 0 0 0 0 0 0
699 24 1 1 12 0 0 0 0 0
fn=expand_dynamic_string_token
385 14 2 2 0 0 0 8 0 0
395 4 0 0 0 0 0 2 0 0
398 4 0 0 0 0 0 0 0 0
399 4 0 0 0 0 0 0 0 0
410 10 0 0 8 0 0 0 0 0
fn=fillin_rpath.isra.0
468 16 1 1 0 0 0 12 0 0
472 1 0 0 0 0 0 0 0 0
474 12 1 1 4 0 0 2 0 0
481 2 0 0 1 0 0 0 0 0
483 4 0 0 1 0 0 1 0 0
487 2 0 0 0 0 0 0 0 0
492 3 1 1 0 0 0 1 0 0
493 2 0 0 0 0 0 0 0 0
500 5 0 0 1 0 0 0 0 0
505 4 1 1 0 0 0 1 0 0
509 15 1 1 5 0 0 0 0 0
510 8 0 0 4 0 0 0 0 0
528 4 1 1 1 0 0 1 0 0
532 4 1 1 2 0 0 0 0 0
534 2 0 0 0 0 0 0 0 0
538 1 0 0 0 0 0 1 0 0
539 2 0 0 1 0 0 0 0 0
540 4 0 0 0 0 0 2 0 0
541 1 1 1 0 0 0 1 0 0
543 2 0 0 1 0 0 0 0 0
549 4 0 0 1 0 0 0 0 0
550 35 0 0 1 0 0 0 0 0
551 10 0 0 0 0 0 10 0 0
553 2 1 1 1 0 0 1 0 0
554 3 0 0 1 0 0 0 0 0
555 1 0 0 0 0 0 1 0 0
561 2 0 0 1 0 0 1 0 0
562 1 0 0 0 0 0 1 0 0
565 3 0 0 0 0 0 1 0 0
571 1 0 0 0 0 0 1 0 0
574 10 0 0 7 0 0 0 0 0
fn=open_path
1819 44 2 2 0 0 0 36 3 3
1820 8 0 0 4 0 0 4 0 0
1823 4 0 0 0 0 0 4 0 0
1824 4 0 0 0 0 0 0 0 0
1826 8 0 0 0 0 0 0 0 0
1829 8 0 0 0 0 0 0 0 0
1831 32 1 1 8 0 0 4 0 0
1834 8 0 0 8 0 0 0 0 0
1838 4 0 0 0 0 0 0 0 0
1843 24 1 1 4 0 0 4 0 0
1850 20 0 0 12 0 0 4 1 1
1851 142 2 2 44 0 0 0 0 0
1854 80 0 0 40 0 0 0 0 0
1859 143 1 1 65 0 0 26 0 0
1862 39 0 0 13 0 0 0 0 0
1868 39 0 0 13 0 0 0 0 0
1869 12 0 0 0 0 0 12 1 1
1871 104 1 1 65 0 0 13 0 0
1873 39 0 0 13 0 0 0 0 0
1875 20 0 0 0 0 0 0 0 0
1880 20 1 1 10 0 0 0 0 0
1881 80 1 1 40 0 0 0 0 0
1887 40 1 1 20 0 0 10 0 0
1889 59 1 1 0 0 0 19 0 0
1890 2 0 0 1 0 0 0 0 0
1892 18 0 0 0 0 0 1 0 0
1899 12 0 0 0 0 0 0 0 0
1901 14 0 0 0 0 0 4 0 0
1940 28 1 1 4 0 0 0 0 0
1945 4 0 0 4 0 0 0 0 0
1947 16 1 1 12 0 0 0 0 0
1950 16 0 0 8 0 0 0 0 0
1964 36 1 1 28 0 0 0 0 0
fn=open_verify.constprop.0
1578 216 1 1 0 0 0 144 1 1
1610 54 0 0 18 0 0 0 0 0
1615 26 1 1 0 0 0 0 0 0
1629 90 0 0 0 0 0 18 1 1
1631 36 1 1 0 0 0 0 0 0
1639 5 0 0 0 0 0 5 0 0
1640 5 0 0 0 0 0 5 0 0
1645 40 0 0 0 0 0 5 0 0
1647 10 1 1 0 0 0 0 0 0
1649 10 0 0 5 0 0 5 0 0
1651 10 0 0 0 0 0 0 0 0
1657 10 0 0 0 0 0 0 0 0
1674 74 3 3 23 2 2 0 0 0
1755 10 0 0 5 0 0 0 0 0
1760 10 1 1 5 0 0 0 0 0
1766 20 0 0 5 0 0 0 0 0
1772 10 0 0 5 0 0 0 0 0
1778 20 0 0 5 0 0 0 0 0
1779 20 1 1 5 0 0 0 0 0
1783 5 1 1 0 0 0 0 0 0
1784 5 0 0 0 0 0 1 0 0
1805 162 0 0 126 0 0 0 0 0
fl=./elf/./elf/dl-lookup-direct.c
fn=_dl_lookup_direct
74 33 2 2 0 0 0 24 0 0
75 3 0 0 3 0 0 0 0 0
76 6 0 0 0 0 0 0 0 0
78 21 0 0 9 2 0 0 0 0
79 6 0 0 0 0 0 0 0 0
81 9 1 1 3 0 0 0 0 0
84 25 0 0 5 3 1 0 0 0
86 9 0 0 0 0 0 0 0 0
87 18 0 0 6 0 0 3 0 0
90 6 0 0 0 0 0 0 0 0
93 6 1 1 0 0 0 0 0 0
115 3 0 0 0 0 0 0 0 0
116 27 0 0 21 0 0 0 0 0
fn=check_match
31 27 1 1 0 0 0 15 0 0
32 12 1 1 9 0 0 0 0 0
33 9 0 0 0 0 0 0 0 0
35 6 0 0 3 3 3 0 0 0
36 6 0 0 3 0 0 0 0 0
40 9 0 0 0 0 0 0 0 0
48 9 0 0 3 0 0 3 0 0
51 6 0 0 6 0 0 0 0 0
53 15 1 1 3 0 0 3 0 0
57 6 0 0 6 2 1 0 0 0
58 18 0 0 6 0 0 0 0 0
59 9 0 0 3 0 0 3 0 0
64 21 0 0 18 0 0 0 0 0
fl=./elf/./elf/dl-lookup.c
fn=_dl_lookup_symbol_x
756 24609 4 4 0 0 0 15144 13 2
758 3786 0 0 0 0 0 1893 0 0
759 3786 0 0 0 0 0 1893 0 0
762 1893 0 0 1893 9 2 0 0 0
766 7536 0 0 1875 0 0 0 0 0
768 22716 2 2 1893 0 0 5679 7 1
769 3786 0 0 1893 0 0 0 0 0
771 3786 2 2 3786 9 3 0 0 0
775 3861 0 0 15 1 0 0 0 0
776 32181 2 2 11358 0 0 13251 8 2
781 9465 0 0 3786 0 0 0 0 0
783 90 1 1 15 0 0 0 0 0
800 1893 0 0 0 0 0 1893 0 0
801 45 1 1 0 0 0 0 0 0
804 3786 0 0 1893 0 0 0 0 0
805 13130 0 0 1874 0 0 0 0 0
812 1878 2 2 1878 0 0 0 0 0
840 7512 0 0 1878 0 0 0 0 0
854 5634 0 0 1878 20 5 0 0 0
855 2 1 1 0 0 0 1 0 0
857 3756 0 0 1878 0 0 0 0 0
874 1878 0 0 1878 0 0 0 0 0
876 17037 2 2 13251 0 0 0 0 0
fn=check_match
71 24531 4 4 3774 0 0 9435 15 4
74 13209 1 1 3774 317 228 0 0 0
79 1897 0 0 0 0 0 0 0 0
87 9410 2 2 0 0 0 0 0 0
90 4292 0 0 176 0 0 88 0 0
94 1882 0 0 1882 16 3 0 0 0
95 3764 0 0 0 0 0 0 0 0
97 3758 0 0 0 0 0 0 0 0
116 3758 0 0 3758 66 23 0 0 0
117 15032 2 2 5637 35 4 0 0 0
118 9370 2 2 3748 9 0 1874 0 0
119 10 0 0 5 0 0 0 0 0
120 10 0 0 0 0 0 0 0 0
145 6 1 1 0 0 0 0 0 0
147 18 0 0 6 3 0 0 0 0
148 12 0 0 0 0 0 0 0 0
151 2 0 0 0 0 0 0 0 0
152 7 0 0 3 0 0 1 0 0
154 3 0 0 1 0 0 1 0 0
163 11322 0 0 11322 0 0 0 0 0
fn=do_lookup_x
171 300 0 0 2 0 0 0 0 0
172 904 4 4 522 0 0 2 0 0
173 940 0 0 250 47 47 0 0 0
175 98 0 0 0 0 0 0 0 0
176 294 0 0 0 0 0 0 0 0
177 528 1 1 0 0 0 0 0 0
180 152 0 0 0 0 0 152 0 0
181 152 1 1 0 0 0 152 0 0
182 82 0 0 0 0 0 82 19 11
183 152 0 0 0 0 0 152 24 24
223 492 1 1 82 0 0 328 0 0
225 738 1 1 82 2 0 246 0 0
227 164 0 0 82 2 0 0 0 0
228 82 0 0 82 0 0 0 0 0
229 328 0 0 164 0 0 0 0 0
231 2521 1 1 127 0 0 405 0 0
232 486 1 1 0 0 0 0 0 0
235 352 0 0 176 0 0 0 0 0
236 176 1 1 176 68 25 0 0 0
255 352 0 0 0 0 0 0 0 0
258 95 0 0 0 0 0 0 0 0
259 285 0 0 0 0 0 0 0 0
260 276 1 1 0 0 0 0 0 0
263 1458 0 0 648 1 0 0 0 0
270 12 1 1 0 0 0 6 0 0
273 4 0 0 0 0 0 0 0 0
280 290 2 2 4 0 0 0 0 0
281 276 0 0 92 5 1 0 0 0
282 350 1 1 210 9 0 0 0 0
286 18 1 1 6 0 0 4 0 0
287 2 0 0 0 0 0 2 0 0
289 4 0 0 2 0 0 2 0 0
290 8 0 0 6 0 0 2 0 0
301 3 1 1 2 0 0 0 0 0
303 2 0 0 0 0 0 0 0 0
306 1 0 0 0 0 0 1 0 0
307 1 0 0 0 0 0 1 0 0
308 2 0 0 1 0 0 1 1 1
311 164 0 0 0 0 0 0 0 0
312 492 2 2 164 0 0 0 0 0
319 328 0 0 82 0 0 0 0 0
330 574 1 1 246 0 0 82 0 0
332 164 0 0 164 0 0 82 0 0
334 246 0 0 164 0 0 82 0 0
335 164 0 0 0 0 0 82 0 0
348 26502 4 4 3786 0 0 18930 8 3
349 1893 0 0 1893 3 1 0 0 0
354 1893 0 0 0 0 0 0 0 0
355 1893 0 0 1893 5 2 0 0 0
359 12208 2 2 12208 50 16 0 0 0
362 12208 0 0 0 0 0 0 0 0
366 23584 0 0 1902 0 0 0 0 0
370 12202 0 0 6101 34 10 0 0 0
374 12202 0 0 6101 4 2 0 0 0
380 18303 2 2 6101 22 5 0 0 0
384 6101 0 0 0 0 0 6101 8 1
385 6101 0 0 0 0 0 6101 0 0
388 30505 0 0 18303 77 20 0 0 0
389 18303 0 0 12202 10 2 0 0 0
392 6101 0 0 6101 0 0 0 0 0
393 12202 2 2 0 0 0 0 0 0
395 6101 0 0 6101 942 141 0 0 0
396 3786 0 0 0 0 0 0 0 0
397 12202 0 0 6101 0 0 0 0 0
400 24404 0 0 6101 0 0 0 0 0
403 42707 0 0 0 0 0 0 0 0
406 3920 0 0 3920 1191 209 0 0 0
407 5880 4 3 0 0 0 0 0 0
408 3920 0 0 0 0 0 0 0 0
410 3902 0 0 1951 0 0 0 0 0
413 24165 0 0 4833 1696 483 0 0 0
415 5661 2 2 1887 0 0 0 0 0
416 47879 6 5 9435 0 0 23028 10 2
417 3774 0 0 0 0 0 0 0 0
420 5661 0 0 0 0 0 0 0 0
423 8888 0 0 10 0 0 0 0 0
432 1 1 1 0 0 0 1 0 0
437 16893 4 4 11262 0 0 0 0 0
454 149 2 2 75 0 0 0 0 0
456 2 0 0 0 0 0 0 0 0
460 3756 0 0 0 0 0 0 0 0
467 9888 0 0 1878 0 0 0 0 0
471 3729 3 2 1243 4 2 0 0 0
483 3592 0 0 1796 0 0 1796 0 0
484 1796 0 0 0 0 0 1796 0 0
485 3756 0 0 0 0 0 0 0 0
502 12678 0 0 0 0 0 0 0 0
505 15 0 0 0 0 0 0 0 0
506 15144 0 0 13251 0 0 0 0 0
fl=./elf/./elf/dl-minimal-malloc.c
fn=__minimal_calloc
78 68 0 0 0 0 0 0 0 0
82 17 1 1 0 0 0 0 0 0
85 17 1 1 0 0 0 0 0 0
86 51 0 0 0 0 0 0 0 0
fn=__minimal_free
97 12 0 0 6 0 0 0 0 0
fn=__minimal_malloc
35 168 1 1 0 0 0 84 0 0
36 126 0 0 42 4 1 0 0 0
41 3 0 0 0 0 0 1 0 0
42 2 1 1 1 0 0 0 0 0
43 2 0 0 0 0 0 0 0 0
47 167 1 1 41 0 0 42 0 0
50 282 0 0 0 0 0 0 0 0
55 12 1 1 3 0 0 0 0 0
56 12 0 0 0 0 0 0 0 0
58 3 0 0 0 0 0 0 0 0
59 24 0 0 0 0 0 3 1 1
61 6 0 0 0 0 0 0 0 0
63 6 0 0 3 0 0 0 0 0
65 8 0 0 0 0 0 3 0 0
68 43 0 0 1 0 0 42 4 1
69 46 0 0 0 0 0 42 0 0
71 168 0 0 126 0 0 0 0 0
fl=./elf/./elf/dl-minimal.c
fn=__rtld_malloc_init_real
76 7 1 1 0 0 0 5 0 0
86 2 0 0 0 0 0 1 0 0
87 1 0 0 0 0 0 1 0 0
89 1 0 0 0 0 0 1 0 0
91 6 0 0 0 0 0 1 0 0
92 5 1 1 0 0 0 1 0 0
93 5 0 0 0 0 0 1 0 0
94 4 0 0 0 0 0 1 0 0
99 1 0 0 0 0 0 1 0 0
100 1 1 1 0 0 0 1 0 0
101 1 0 0 0 0 0 1 0 0
102 1 0 0 0 0 0 1 0 0
103 7 0 0 6 0 0 0 0 0
fn=__rtld_malloc_init_stubs
43 2 1 1 0 0 0 1 1 1
44 2 0 0 0 0 0 1 0 0
45 2 0 0 0 0 0 1 0 0
46 2 1 1 0 0 0 1 0 0
47 1 0 0 1 0 0 0 0 0
fn=lookup_malloc_symbol
61 28 1 1 0 0 0 12 0 0
63 4 0 0 0 0 0 4 0 0
64 28 1 1 4 0 0 12 0 0
68 28 0 0 16 0 0 0 0 0
69 28 1 1 12 0 0 0 0 0
71 4 0 0 0 0 0 4 0 0
72 24 0 0 20 0 0 0 0 0
fn=strsep
242 6 1 1 2 1 1 0 0 0
244 2 0 0 2 0 0 0 0 0
245 4 1 1 0 0 0 0 0 0
249 91 1 1 15 0 0 0 0 0
254 56 0 0 0 0 0 0 0 0
256 112 0 0 28 0 0 0 0 0
260 14 0 0 0 0 0 0 0 0
267 1 0 0 0 0 0 1 0 0
271 4 0 0 2 0 0 0 0 0
fl=./elf/./elf/dl-misc.c
fn=_dl_higher_prime_number
124 2 0 0 0 0 0 0 0 0
125 2 0 0 0 0 0 0 0 0
127 26 1 1 0 0 0 0 0 0
129 87 0 0 0 0 0 0 0 0
130 30 0 0 10 4 2 0 0 0
131 6 0 0 0 0 0 0 0 0
145 2 0 0 2 0 0 0 0 0
146 2 0 0 2 0 0 0 0 0
fn=_dl_name_match_p
68 620 1 1 0 0 0 248 0 0
69 496 0 0 124 0 0 124 0 0
70 20 0 0 0 0 0 0 0 0
72 124 0 0 124 0 0 0 0 0
74 488 0 0 0 0 0 0 0 0
75 700 1 1 140 0 0 140 0 0
80 120 0 0 120 0 0 0 0 0
82 104 0 0 0 0 0 0 0 0
83 496 0 0 372 0 0 0 0 0
fn=_dl_sysdep_read_whole_file
36 8 1 1 0 0 0 4 0 0
39 3 0 0 0 0 0 1 0 0
40 2 0 0 0 0 0 0 0 0
42 6 1 1 0 0 0 1 0 0
44 2 0 0 1 1 1 1 1 1
47 2 0 0 0 0 0 0 0 0
49 8 0 0 0 0 0 1 0 0
60 3 0 0 0 0 0 1 0 0
63 7 0 0 5 0 0 0 0 0
fl=./elf/./elf/dl-object.c
fn=_dl_add_to_namespace_list
31 30 1 1 0 0 0 18 0 0
33 18 0 0 6 0 0 6 0 0
35 53 1 1 6 0 0 0 0 0
38 80 0 0 20 0 0 0 0 0
40 5 0 0 0 0 0 5 0 0
42 5 0 0 0 0 0 5 0 0
45 2 1 1 0 0 0 1 0 0
46 18 0 0 6 0 0 0 0 0
47 12 0 0 6 1 1 6 0 0
48 12 0 0 0 0 0 6 0 0
50 12 0 0 6 0 0 0 0 0
51 18 0 0 18 0 0 0 0 0
fn=_dl_new_object
59 78 1 1 0 0 0 54 2 2
62 12 0 0 0 0 0 0 0 0
64 2 1 1 0 0 0 0 0 0
66 3 1 1 1 0 0 0 0 0
67 2 0 0 0 0 0 0 0 0
71 6 1 1 0 0 0 2 0 0
77 2 0 0 0 0 0 0 0 0
80 5 0 0 5 0 0 0 0 0
83 31 1 1 5 0 0 16 0 0
87 10 0 0 0 0 0 0 0 0
92 5 0 0 0 0 0 0 0 0
95 12 0 0 0 0 0 0 0 0
98 6 1 1 0 0 0 6 5 5
99 6 0 0 0 0 0 6 6 6
100 12 0 0 6 0 0 0 0 0
103 12 0 0 0 0 0 6 1 1
104 42 0 0 18 0 0 18 2 2
106 6 0 0 0 0 0 6 0 0
119 22 1 1 11 0 0 0 0 0
123 5 0 0 0 0 0 0 0 0
125 1 0 0 0 0 0 0 0 0
127 42 0 0 12 6 6 12 0 0
130 12 0 0 6 0 0 0 0 0
131 12 1 1 0 0 0 6 6 6
132 6 0 0 0 0 0 6 1 1
136 6 1 1 0 0 0 6 0 0
139 82 1 1 0 0 0 0 0 0
141 16 0 0 0 0 0 16 4 4
149 12 0 0 0 0 0 6 1 1
150 6 0 0 0 0 0 6 6 6
153 1 1 1 0 0 0 0 0 0
155 36 0 0 6 0 0 0 0 0
157 20 0 0 0 0 0 5 2 2
160 14 0 0 0 0 0 0 0 0
164 20 0 0 5 0 0 0 0 0
168 30 1 1 5 0 0 0 0 0
176 1 1 1 0 0 0 1 1 1
179 12 1 1 0 0 0 6 0 0
189 18 0 0 6 0 0 0 0 0
191 25 0 0 0 0 0 10 0 0
195 15 0 0 0 0 0 0 0 0
200 20 0 0 0 0 0 0 0 0
208 5 0 0 0 0 0 0 0 0
212 5 0 0 0 0 0 0 0 0
245 20 1 1 5 0 0 5 0 0
250 168 0 0 0 0 0 0 0 0
251 168 0 0 84 0 0 0 0 0
253 10 0 0 0 0 0 0 0 0
256 5 0 0 0 0 0 5 0 0
259 5 0 0 0 0 0 5 2 2
263 54 0 0 42 0 0 0 0 0
fl=./elf/./elf/dl-profstub.c
fn=_dl_mcount_wrapper_check
36 128 0 0 0 0 0 0 0 0
37 384 1 1 256 0 0 0 0 0
39 128 1 1 128 0 0 0 0 0
fl=./elf/./elf/dl-reloc.c
fn=_dl_protect_relro
355 14 0 0 0 0 0 7 0 0
356 42 1 1 21 2 0 0 0 0
359 14 1 1 7 0 0 0 0 0
363 14 0 0 0 0 0 0 0 0
364 35 0 0 0 0 0 7 0 0
370 14 0 0 14 0 0 0 0 0
fn=_dl_relocate_object
170 13564 1 1 3391 1695 1319 0 0 0
171 6748 0 0 0 0 0 0 0 0
174 15420 1 1 3374 6 1 0 0 0
175 12219 1 1 2250 6 0 0 0 0
177 1608 1 1 1608 3 0 0 0 0
178 4824 0 0 1608 0 0 1608 0 0
182 1685 1 1 662 4 2 18 1 0
183 1766 1 1 0 0 0 1766 0 0
184 1766 0 0 0 0 0 1766 0 0
186 14169 1 1 7064 2 0 27 0 0
187 1760 0 0 0 0 0 0 0 0
188 10560 0 0 1760 59 0 1760 0 0
190 12368 1 1 1766 0 0 5298 1 0
193 1766 0 0 1766 0 0 0 0 0
194 12362 1 1 5298 0 0 1766 1 0
196 1608 0 0 1608 0 0 0 0 0
207 84 1 1 0 0 0 49 0 0
217 14 0 0 0 0 0 0 0 0
218 21 0 0 0 0 0 7 0 0
221 7 0 0 0 0 0 0 0 0
223 14 0 0 0 0 0 0 0 0
225 7 0 0 7 0 0 0 0 0
226 21 1 1 7 2 0 0 0 0
245 14 1 1 7 0 0 0 0 0
251 28 0 0 7 0 0 0 0 0
252 14 1 1 7 6 0 0 0 0
255 14 0 0 0 0 0 0 0 0
262 28 1 1 7 1 0 7 0 0
301 11653 8 8 1358 263 226 56 1 0
304 42 0 0 7 0 0 0 0 0
328 7 0 0 7 1 0 0 0 0
331 14 0 0 7 0 0 0 0 0
348 14 0 0 7 6 0 0 0 0
349 14 1 1 0 0 0 7 1 0
350 56 0 0 49 3 0 0 0 0
fl=./elf/./elf/dl-runtime.c
fn=_dl_fixup
46 861 2 2 0 0 0 492 0 0
48 615 0 0 492 14 9 0 0 0
49 369 0 0 246 0 0 0 0 0
54 123 0 0 123 10 5 0 0 0
55 492 2 2 123 12 5 0 0 0
56 861 0 0 123 117 14 123 0 0
58 246 0 0 123 10 2 0 0 0
63 246 0 0 0 0 0 0 0 0
67 246 2 2 123 118 80 0 0 0
71 369 0 0 123 12 5 0 0 0
75 369 0 0 246 104 16 0 0 0
76 492 0 0 123 3 2 0 0 0
77 369 0 0 123 29 7 0 0 0
84 123 0 0 0 0 0 0 0 0
85 369 2 2 123 1 0 0 0 0
95 1353 2 2 246 12 5 369 5 2
99 615 0 0 369 0 0 0 0 0
109 1230 2 2 492 3 1 123 0 0
124 492 0 0 123 0 0 0 0 0
125 16 0 0 0 0 0 8 0 0
133 369 0 0 123 0 0 0 0 0
159 369 0 0 123 1 0 0 0 0
162 246 3 3 123 0 0 0 0 0
163 738 0 0 615 0 0 0 0 0
fl=./elf/./elf/dl-setup_hash.c
fn=_dl_setup_hash
25 7 0 0 0 0 0 0 0 0
28 21 1 1 7 0 0 0 0 0
31 21 0 0 14 0 0 0 0 0
32 14 1 1 7 7 7 7 1 1
33 7 0 0 7 0 0 0 0 0
34 7 0 0 7 0 0 0 0 0
36 21 0 0 0 0 0 0 0 0
37 7 0 0 0 0 0 7 0 0
38 21 0 0 7 0 0 7 0 0
40 7 0 0 0 0 0 7 0 0
41 14 0 0 0 0 0 0 0 0
43 7 0 0 0 0 0 7 0 0
45 21 1 1 0 0 0 7 0 0
50 7 0 0 7 0 0 0 0 0
fl=./elf/./elf/dl-sort-maps.c
fn=_dl_sort_maps
145 35 0 0 7 0 0 7 0 0
186 1 0 0 0 0 0 1 0 0
187 2 0 0 1 0 0 0 0 0
188 26 1 1 0 0 0 0 0 0
189 14 0 0 14 0 0 0 0 0
216 9 2 2 0 0 0 0 0 0
221 2 0 0 0 0 0 1 0 0
223 1 0 0 0 0 0 1 0 0
224 5 0 0 0 0 0 0 0 0
226 19 0 0 0 0 0 0 0 0
228 7 0 0 7 0 0 0 0 0
231 21 1 1 7 0 0 0 0 0
249 4 0 0 1 0 0 0 0 0
262 1 1 1 0 0 0 0 0 0
269 4 1 1 0 0 0 1 0 0
282 4 0 0 1 0 0 0 0 0
304 12 2 1 0 0 0 7 0 0
312 3 0 0 1 1 0 0 0 0
316 9 0 0 7 0 0 0 0 0
fn=_dl_sort_maps_init
295 1 1 1 0 0 0 0 0 0
296 4 0 0 0 0 0 1 0 0
297 1 0 0 0 0 0 1 0 0
298 3 0 0 1 0 0 0 0 0
299 2 0 0 1 0 0 0 0 0
fn=dfs_traversal.part.0
140 56 2 2 0 0 0 28 0 0
145 26 0 0 13 0 0 0 0 0
148 7 0 0 7 0 0 0 0 0
150 21 0 0 7 0 0 0 0 0
152 72 0 0 18 0 0 0 0 0
161 14 0 0 0 0 0 0 0 0
176 21 1 1 7 0 0 7 0 0
177 7 0 0 0 0 0 7 0 0
178 42 0 0 35 0 0 0 0 0
fl=./elf/./elf/dl-tunables.c
fn=__GI___tunable_set_val
158 30 1 1 0 0 0 0 0 0
160 5 0 0 0 0 0 0 0 0
fn=__GI___tunables_init
71 310 0 0 62 0 0 0 0 0
74 61 0 0 0 0 0 0 0 0
77 5803 1 1 829 30 30 0 0 0
81 122 0 0 0 0 0 0 0 0
86 244 1 1 0 0 0 0 0 0
152 122 1 1 0 0 0 0 0 0
273 3 0 0 1 0 0 0 0 0
282 8 1 1 0 0 0 6 0 0
305 9028 0 0 0 0 0 0 0 0
307 5 1 1 0 0 0 0 0 0
311 12383 0 0 4514 37 37 0 0 0
323 244 1 1 61 0 0 0 0 0
357 8 0 0 7 0 0 0 0 0
fn=__tunable_get_val
408 372 1 1 34 24 16 0 0 0
417 44 0 0 34 7 0 10 0 0
427 24 0 0 0 0 0 24 0 0
428 24 0 0 0 0 0 0 0 0
434 170 1 1 34 7 0 0 0 0
436 34 0 0 34 0 0 0 0 0
fn=do_tunable_update_val
99 5 1 1 0 0 0 0 0 0
102 15 0 0 5 0 0 0 0 0
111 5 0 0 5 0 0 0 0 0
112 20 0 0 10 0 0 0 0 0
113 25 0 0 10 0 0 0 0 0
116 10 0 0 0 0 0 0 0 0
119 15 0 0 0 0 0 0 0 0
123 20 0 0 0 0 0 0 0 0
130 10 0 0 0 0 0 0 0 0
131 10 0 0 0 0 0 0 0 0
134 5 0 0 0 0 0 5 0 0
135 5 0 0 0 0 0 5 0 0
136 5 0 0 0 0 0 5 0 0
137 5 0 0 0 0 0 5 0 0
138 5 0 0 5 0 0 0 0 0
fl=./elf/./elf/dl-tunables.h
fn=__GI___tunables_init
140 1533 1 1 694 1 1 0 0 0
141 2608 0 0 0 0 0 0 0 0
fn=do_tunable_update_val
121 10 0 0 0 0 0 0 0 0
122 5 1 1 0 0 0 0 0 0
131 5 1 1 0 0 0 0 0 0
fl=./elf/./elf/dl-version.c
fn=_dl_check_all_versions
392 5 1 1 0 0 0 4 0 0
394 2 0 0 0 0 0 0 0 0
396 26 0 0 7 0 0 0 0 0
397 7 0 0 0 0 0 0 0 0
398 63 1 1 7 0 0 7 0 0
401 7 0 0 5 0 0 0 0 0
fn=_dl_check_map_versions
36 192 0 0 24 0 0 0 0 0
37 54 0 0 54 0 0 0 0 0
38 330 1 1 0 0 0 66 0 0
56 188 0 0 141 0 0 0 0 0
64 141 0 0 47 0 0 0 0 0
70 141 0 0 47 1 0 0 0 0
86 47 0 0 47 1 0 0 0 0
87 94 1 1 0 0 0 0 0 0
89 47 0 0 47 0 0 0 0 0
94 1829 0 0 750 31 31 141 0 0
108 1500 0 0 750 14 14 0 0 0
110 47 1 1 47 0 0 0 0 0
113 329 1 1 94 3 3 94 0 0
120 2109 0 0 703 15 15 0 0 0
124 703 1 1 0 0 0 0 0 0
155 56 2 2 0 0 0 49 0 0
156 7 0 0 0 0 0 7 0 0
164 12 1 1 0 0 0 7 0 0
170 21 0 0 7 0 0 0 0 0
172 28 0 0 14 1 0 0 0 0
174 7 0 0 7 1 0 0 0 0
175 7 0 0 7 1 0 0 0 0
177 14 0 0 0 0 0 0 0 0
180 15 1 1 10 0 0 0 0 0
184 35 0 0 5 5 5 20 0 0
198 7 0 0 0 0 0 0 0 0
200 36 1 1 24 1 1 0 0 0
204 24 0 0 0 0 0 0 0 0
208 36 0 0 12 0 0 0 0 0
213 36 0 0 12 1 1 0 0 0
215 35 0 0 0 0 0 0 0 0
217 141 1 1 94 11 11 0 0 0
218 357 1 1 265 1 0 0 0 0
221 94 0 0 47 0 0 47 0 0
224 188 0 0 94 0 0 0 0 0
225 5 0 0 0 0 0 1 0 0
228 26 1 1 13 0 0 12 0 0
231 188 0 0 47 0 0 0 0 0
234 141 0 0 47 0 0 0 0 0
239 35 0 0 0 0 0 0 0 0
243 36 0 0 12 0 0 0 0 0
248 7 0 0 0 0 0 0 0 0
257 30 1 1 15 0 0 0 0 0
260 10 0 0 10 0 0 0 0 0
263 507 0 0 128 2 2 5 0 0
266 374 0 0 123 3 3 5 0 0
270 118 0 0 0 0 0 0 0 0
274 18 1 1 6 0 0 0 0 0
279 6 0 0 0 0 0 6 3 0
280 24 2 2 6 0 0 6 0 0
281 18 0 0 6 0 0 0 0 0
291 6 0 0 0 0 0 6 0 0
294 32 1 1 19 3 0 6 1 0
296 12 0 0 0 0 0 0 0 0
299 20 0 0 10 0 0 0 0 0
301 7 0 0 0 0 0 0 0 0
303 36 0 0 12 0 0 0 0 0
306 141 1 1 47 0 0 0 0 0
308 188 0 0 0 0 0 0 0 0
310 235 0 0 47 0 0 47 0 0
311 94 0 0 0 0 0 47 17 17
312 141 1 1 47 0 0 47 2 2
313 141 0 0 47 0 0 47 2 2
316 141 0 0 47 0 0 0 0 0
321 35 0 0 0 0 0 0 0 0
324 36 0 0 12 0 0 0 0 0
329 7 0 0 0 0 0 0 0 0
334 12 0 0 0 0 0 0 0 0
337 10 0 0 5 0 0 0 0 0
341 118 0 0 118 0 0 0 0 0
343 246 0 0 123 0 0 0 0 0
347 118 0 0 118 0 0 0 0 0
348 590 0 0 118 0 0 118 30 30
349 354 0 0 118 0 0 118 0 0
350 118 0 0 0 0 0 118 16 16
353 369 0 0 123 0 0 0 0 0
357 118 0 0 0 0 0 0 0 0
365 10 0 0 0 0 0 0 0 0
366 10 1 1 5 0 0 0 0 0
367 10 1 1 5 1 0 0 0 0
368 4 0 0 2 0 0 0 0 0
370 4 1 1 3 0 0 0 0 0
372 108 1 1 28 0 0 0 0 0
373 52 0 0 0 0 0 0 0 0
375 2 0 0 1 0 0 0 0 0
376 7 1 1 0 0 0 1 0 0
387 63 0 0 56 0 0 0 0 0
fl=./elf/./elf/do-rel.h
fn=_dl_relocate_object
49 42 1 1 14 2 0 0 0 0
50 42 0 0 14 0 0 14 0 0
51 7 0 0 7 0 0 0 0 0
53 84 0 0 28 1 0 14 0 0
72 11 0 0 0 0 0 0 0 0
73 13 2 2 0 0 0 8 0 0
80 42 0 0 14 0 0 0 0 0
83 3638 1 1 5 0 0 5 0 0
85 4804 1 1 1201 450 449 0 0 0
87 171 0 0 0 0 0 0 0 0
96 25 0 0 5 1 0 0 0 0
97 193 1 1 2 0 0 2 0 0
98 114 0 0 57 0 0 0 0 0
114 27 1 1 0 0 0 0 0 0
123 2728 1 1 0 0 0 0 0 0
124 1804 0 0 902 115 112 0 0 0
126 27 1 1 9 6 0 0 0 0
129 28 0 0 14 3 0 7 1 0
131 13569 1 1 3394 0 0 0 0 0
133 16935 0 0 10161 2109 1154 0 0 0
134 13548 0 0 3387 0 0 3387 1 0
135 10161 1 1 6774 0 0 3387 0 0
136 13548 0 0 3387 1 0 0 0 0
138 10161 0 0 0 0 0 0 0 0
140 10 0 0 2 1 0 4 0 0
143 2 0 0 0 0 0 0 0 0
147 3385 0 0 0 0 0 3385 0 0
150 10178 1 1 3385 0 0 0 0 0
151 12 1 1 4 0 0 0 0 0
163 36 0 0 18 1 0 0 0 0
164 28 2 2 4 0 0 2 0 0
165 6 0 0 2 0 0 0 0 0
168 6 0 0 4 0 0 0 0 0
170 16 1 1 4 1 0 2 0 0
171 2 0 0 2 0 0 0 0 0
172 4 0 0 2 0 0 0 0 0
179 35 0 0 8 0 0 3 0 0
181 42 0 0 12 2 2 6 0 0
182 12 0 0 12 0 0 0 0 0
184 18 1 1 0 0 0 0 0 0
192 6 0 0 0 0 0 6 0 0
195 18 1 1 6 0 0 0 0 0
209 6 0 0 3 0 0 0 0 0
fn=_dl_start
49 6 0 0 2 0 0 0 0 0
50 4 0 0 2 0 0 0 0 0
51 1 0 0 1 0 0 0 0 0
53 10 0 0 4 0 0 0 0 0
56 4 0 0 0 0 0 0 0 0
61 25 1 1 0 0 0 0 0 0
63 21 1 1 7 2 2 0 0 0
64 14 0 0 0 0 0 0 0 0
65 7 0 0 7 0 0 0 0 0
fl=./elf/./elf/get-dynamic-info.h
fn=_dl_map_object_from_fd
39 10 0 0 0 0 0 0 0 0
43 5 0 0 0 0 0 0 0 0
45 531 0 0 134 36 36 0 0 0
49 258 0 0 0 0 0 0 0 0
54 121 0 0 0 0 0 0 0 0
55 82 0 0 0 0 0 0 0 0
56 25 0 0 0 0 0 0 0 0
58 5 0 0 0 0 0 0 0 0
59 25 2 2 0 0 0 0 0 0
62 20 1 1 0 0 0 0 0 0
64 20 0 0 0 0 0 0 0 0
68 129 0 0 0 0 0 129 31 31
72 20 1 1 5 0 0 0 0 0
84 17 0 0 7 0 0 0 0 0
85 20 0 0 10 0 0 0 0 0
86 20 1 1 10 0 0 0 0 0
87 20 0 0 10 0 0 0 0 0
88 17 0 0 7 2 2 0 0 0
89 19 0 0 9 1 1 0 0 0
90 19 0 0 9 1 1 0 0 0
91 20 1 1 10 0 0 0 0 0
103 40 0 0 10 0 0 5 0 0
110 16 0 0 5 0 0 0 0 0
115 8 0 0 4 0 0 0 0 0
122 8 0 0 4 0 0 0 0 0
123 15 1 1 10 0 0 0 0 0
129 15 0 0 5 0 0 0 0 0
130 6 0 0 4 0 0 0 0 0
147 15 1 1 5 0 0 0 0 0
152 4 0 0 2 0 0 2 0 0
154 4 0 0 0 0 0 0 0 0
156 4 0 0 0 0 0 0 0 0
158 4 0 0 0 0 0 0 0 0
162 15 1 1 5 0 0 0 0 0
164 3 0 0 1 0 0 1 0 0
165 2 0 0 0 0 0 0 0 0
174 2 0 0 1 0 0 0 0 0
175 3 1 1 0 0 0 0 0 0
180 2 1 1 0 0 0 0 0 0
184 10 0 0 5 0 0 0 0 0
fl=./elf/./elf/libc_early_init.c
fn=__libc_early_init
33 6 2 2 1 0 0 2 0 0
35 1 0 0 0 0 0 1 0 0
38 2 0 0 1 0 0 1 1 1
41 2 0 0 0 0 0 2 1 1
47 4 0 0 2 0 0 0 0 0
49 2 1 1 1 0 0 0 0 0
fl=./elf/./elf/rtld.c
fn=_dl_start
84 8 0 0 0 0 0 2 1 1
460 2 1 1 0 0 0 1 0 0
478 3 0 0 0 0 0 1 0 0
479 1 1 1 0 0 0 1 0 0
480 2 0 0 1 0 0 1 0 0
482 2 0 0 0 0 0 1 1 1
491 1 0 0 0 0 0 1 0 0
497 4 1 0 1 0 0 1 0 0
499 2 0 0 1 0 0 0 0 0
520 15 1 1 0 0 0 8 3 3
546 1 0 0 0 0 0 1 1 1
549 2 0 0 0 0 0 1 0 0
550 1 1 1 1 1 1 0 0 0
566 144 6 6 27 5 5 7 0 0
568 1 0 0 1 0 0 0 0 0
581 1 0 0 0 0 0 1 0 0
588 9 1 1 7 2 0 0 0 0
fn=dl_main
84 18 3 3 0 0 0 1 0 0
91 12 1 1 0 0 0 0 0 0
92 2 0 0 0 0 0 1 0 0
100 9 3 3 4 0 0 0 0 0
196 2 0 0 0 0 0 1 0 0
198 1 0 0 0 0 0 1 0 0
223 4 1 1 4 1 1 0 0 0
224 4 1 1 3 0 0 0 0 0
225 5 0 0 0 0 0 0 0 0
295 3 0 0 0 0 0 3 0 0
301 1 0 0 0 0 0 1 0 0
302 1 0 0 0 0 0 1 0 0
843 1 0 0 1 0 0 0 0 0
845 1 0 0 0 0 0 1 0 0
854 1 0 0 0 0 0 1 0 0
856 1 0 0 0 0 0 1 0 0
861 1 0 0 0 0 0 1 0 0
1121 1 0 0 1 0 0 0 0 0
1122 1 0 0 1 0 0 0 0 0
1124 4 0 0 1 0 0 1 0 0
1127 2 0 0 1 0 0 1 0 0
1129 2 0 0 1 1 1 1 0 0
1131 1 0 0 1 0 0 0 0 0
1132 1 0 0 1 0 0 0 0 0
1147 1 0 0 0 0 0 0 0 0
1150 46 4 4 0 0 0 0 0 0
1151 117 1 1 22 7 7 0 0 0
1155 3 1 1 1 0 0 1 0 0
1160 3 0 0 2 0 0 1 0 0
1161 9 0 0 2 0 0 1 0 0
1170 2 0 0 0 0 0 1 0 0
1171 2 0 0 2 1 1 0 0 0
1173 1 0 0 0 0 0 1 0 0
1180 3 1 1 1 0 0 0 0 0
1198 2 0 0 0 0 0 1 0 0
1206 8 0 0 4 0 0 0 0 0
1207 17 1 1 5 1 1 0 0 0
1208 8 1 1 4 0 0 0 0 0
1209 1 0 0 0 0 0 1 0 0
1211 12 0 0 4 0 0 0 0 0
1212 14 0 0 0 0 0 0 0 0
1216 8 0 0 4 3 3 0 0 0
1217 8 1 1 4 0 0 0 0 0
1218 4 0 0 0 0 0 4 0 0
1219 10 0 0 5 0 0 0 0 0
1220 1 0 0 0 0 0 1 0 0
1224 12 0 0 0 0 0 0 0 0
1252 2 1 1 1 0 0 1 1 1
1256 4 0 0 2 1 1 1 1 1
1258 1 0 0 0 0 0 0 0 0
1262 26 0 0 0 0 0 0 0 0
1263 61 1 1 13 0 0 0 0 0
1269 17 0 0 0 0 0 1 0 0
1275 4 0 0 2 1 1 0 0 0
1278 3 1 1 2 0 0 0 0 0
1280 3 0 0 2 0 0 0 0 0
1282 2 0 0 1 0 0 0 0 0
1357 12 2 2 0 0 0 9 1 1
1362 1 0 0 0 0 0 1 0 0
1368 1 0 0 0 0 0 1 1 1
1384 3 0 0 2 0 0 1 0 0
1385 4 1 1 2 0 0 0 0 0
1654 9 2 2 0 0 0 2 0 0
1656 2 0 0 0 0 0 0 0 0
1657 3 0 0 1 0 0 1 0 0
1658 2 0 0 1 0 0 1 1 1
1659 3 1 1 2 0 0 1 0 0
1663 2 0 0 0 0 0 1 0 0
1664 2 0 0 1 0 0 0 0 0
1689 3 1 1 1 0 0 0 0 0
1690 6 0 0 2 0 0 1 0 0
1691 3 0 0 2 0 0 0 0 0
1692 3 0 0 3 0 0 0 0 0
1695 1 0 0 0 0 0 1 0 0
1697 1 1 1 0 0 0 1 1 1
1698 1 0 0 0 0 0 1 1 1
1700 2 0 0 1 0 0 0 0 0
1701 2 0 0 0 0 0 1 0 0
1705 2 0 0 1 0 0 0 0 0
1707 2 1 1 1 0 0 0 0 0
1715 4 1 1 2 0 0 0 0 0
1722 2 1 1 1 0 0 1 0 0
1725 2 0 0 1 0 0 0 0 0
1750 4 0 0 1 0 0 2 0 0
1752 1 0 0 0 0 0 1 0 0
1757 2 0 0 1 0 0 0 0 0
1760 4 1 1 2 0 0 1 0 0
1761 4 0 0 1 0 0 1 0 0
1762 3 0 0 2 0 0 1 0 0
1763 1 0 0 0 0 0 1 0 0
1764 1 1 1 1 0 0 0 0 0
1765 1 0 0 1 0 0 0 0 0
1776 2 0 0 1 1 1 0 0 0
1777 2 1 1 1 0 0 0 0 0
1779 2 0 0 1 0 0 0 0 0
1781 1 0 0 0 0 0 1 0 0
1782 3 0 0 1 0 0 1 0 0
1787 5 1 1 0 0 0 0 0 0
1788 5 0 0 1 1 1 0 0 0
1790 4 1 1 2 0 0 1 1 1
1796 2 0 0 1 1 1 0 0 0
1805 2 1 1 1 0 0 0 0 0
1809 1 0 0 0 0 0 0 0 0
1810 2 0 0 1 0 0 0 0 0
1834 2 1 1 0 0 0 2 0 0
1840 2 0 0 1 0 0 1 0 0
1841 1 0 0 0 0 0 1 0 0
1846 3 1 1 1 0 0 1 0 0
1851 3 0 0 2 0 0 0 0 0
1853 1 0 0 0 0 0 0 0 0
1855 2 0 0 1 0 0 0 0 0
1859 5 0 0 2 0 0 1 0 0
1864 2 0 0 1 0 0 0 0 0
1880 6 1 1 0 0 0 1 0 0
1956 4 0 0 2 0 0 0 0 0
1960 9 2 2 0 0 0 0 0 0
1961 1 0 0 0 0 0 0 0 0
1964 3 0 0 0 0 0 1 0 0
1965 1 0 0 1 0 0 0 0 0
1966 2 0 0 0 0 0 0 0 0
1967 2 0 0 0 0 0 0 0 0
1972 3 0 0 1 0 0 0 0 0
1982 9 0 0 2 0 0 1 0 0
1988 31 0 0 1 0 0 0 0 0
1989 17 0 0 15 0 0 0 0 0
1992 3 1 1 2 0 0 1 0 0
1993 2 0 0 0 0 0 0 0 0
1994 1 0 0 0 0 0 1 0 0
1996 26 0 0 1 0 0 0 0 0
1997 12 1 1 6 0 0 0 0 0
2001 2 0 0 0 0 0 0 0 0
2007 1 1 1 0 0 0 1 0 0
2009 3 0 0 1 0 0 1 0 0
2010 2 0 0 0 0 0 0 0 0
2012 2 1 1 0 0 0 1 0 0
2014 3 0 0 0 0 0 0 0 0
2016 3 0 0 1 0 0 0 0 0
2017 1 0 0 1 0 0 0 0 0
2018 2 0 0 0 0 0 0 0 0
2030 2 0 0 0 0 0 0 0 0
2031 2 0 0 1 0 0 1 0 0
2032 3 0 0 1 0 0 0 0 0
2043 5 0 0 1 1 0 1 1 0
2044 4 1 1 0 0 0 1 0 0
2045 4 0 0 1 0 0 1 0 0
2055 2 0 0 1 1 0 1 0 0
2056 2 0 0 1 0 0 0 0 0
2057 4 1 1 0 0 0 2 0 0
2059 2 0 0 0 0 0 0 0 0
2064 3 0 0 1 0 0 0 0 0
2263 3 1 1 1 0 0 1 0 0
2267 3 0 0 1 0 0 2 0 0
2273 2 0 0 1 0 0 1 0 0
2276 2 0 0 1 0 0 0 0 0
2284 2 0 0 2 0 0 0 0 0
2295 3 0 0 1 0 0 0 0 0
2298 1 0 0 1 0 0 0 0 0
2304 29 0 0 3 1 0 1 0 0
2306 14 1 1 14 4 0 0 0 0
2311 14 0 0 14 6 0 0 0 0
2313 16 0 0 0 0 0 0 0 0
2315 1 1 1 0 0 0 1 0 0
2316 1 0 0 1 0 0 0 0 0
2319 7 0 0 7 1 0 0 0 0
2321 14 0 0 0 0 0 0 0 0
2322 48 0 0 12 6 0 6 0 0
2326 18 1 1 9 3 0 0 0 0
2327 6 0 0 0 0 0 2 0 0
2336 2 0 0 1 0 0 0 0 0
2340 4 0 0 2 0 0 0 0 0
2342 1 0 0 1 0 0 0 0 0
2349 4 0 0 1 0 0 1 0 0
2352 2 0 0 1 0 0 0 0 0
2362 3 1 1 2 1 0 0 0 0
2364 2 0 0 1 0 0 0 0 0
2374 1 1 1 0 0 0 1 0 0
2379 3 1 1 1 0 0 1 0 0
2382 1 0 0 0 0 0 1 0 0
2388 1 0 0 1 0 0 0 0 0
2389 5 0 0 2 0 0 1 0 0
2397 3 0 0 1 0 0 1 0 0
2404 1 0 0 0 0 0 1 0 0
2408 3 0 0 0 0 0 1 0 0
2413 2 0 0 0 0 0 1 0 0
2414 1 0 0 0 0 0 1 0 0
2415 1 0 0 0 0 0 1 0 0
2420 1 1 1 0 0 0 1 0 0
2425 8 0 0 7 2 0 0 0 0
2558 2 1 1 1 0 0 1 0 0
2560 1 0 0 0 0 0 0 0 0
2564 6 0 0 1 0 0 1 0 0
2566 18 1 1 3 0 0 4 0 0
2568 2 0 0 0 0 0 0 0 0
2570 107 0 0 21 0 0 0 0 0
2571 19 0 0 0 0 0 0 0 0
2579 13 1 1 2 1 1 0 0 0
2600 2 1 1 1 0 0 0 0 0
2607 4 3 3 2 0 0 0 0 0
2609 2 0 0 0 0 0 1 0 0
2610 1 0 0 0 0 0 0 0 0
2655 3 1 1 1 0 0 0 0 0
2656 5 2 2 2 0 0 0 0 0
2658 2 0 0 0 0 0 1 0 0
2659 2 0 0 0 0 0 1 0 0
2660 1 0 0 0 0 0 0 0 0
2697 4 0 0 1 0 0 1 0 0
2722 2 0 0 0 0 0 0 0 0
fn=do_preload
810 6 1 1 0 0 0 3 0 0
812 1 0 0 0 0 0 1 0 0
816 1 0 0 0 0 0 1 0 0
817 1 0 0 0 0 0 1 0 0
818 1 0 0 0 0 0 1 0 0
820 1 0 0 1 0 0 0 0 0
822 6 1 1 0 0 0 1 0 0
823 3 0 0 1 0 0 0 0 0
831 3 0 0 1 0 0 0 0 0
837 5 0 0 4 0 0 0 0 0
fn=handle_preload_list
182 3 0 0 1 0 0 0 0 0
875 8 1 1 0 0 0 7 1 1
876 1 0 0 0 0 0 0 0 0
880 7 0 0 2 0 0 0 0 0
883 4 1 1 0 0 0 1 0 0
884 3 0 0 0 0 0 0 0 0
886 6 1 1 0 0 0 1 0 0
887 2 0 0 0 0 0 1 0 0
893 1 0 0 0 0 0 0 0 0
895 2 0 0 1 0 0 0 0 0
897 2 0 0 1 0 0 0 0 0
898 5 0 0 1 0 0 1 0 0
901 9 1 1 7 0 0 0 0 0
fn=init_tls
737 3 1 1 0 0 0 2 0 0
739 2 0 0 1 0 0 1 0 0
743 3 1 1 1 0 0 0 0 0
749 2 1 1 0 0 0 1 0 0
752 1 0 0 0 0 0 1 0 0
753 1 0 0 0 0 0 0 0 0
754 1 0 0 0 0 0 0 0 0
758 1 0 0 0 0 0 0 0 0
760 1 0 0 0 0 0 1 0 0
764 2 0 0 1 1 1 0 0 0
765 2 0 0 0 0 0 0 0 0
766 17 0 0 1 0 0 0 0 0
767 7 1 1 7 0 0 0 0 0
768 14 0 0 7 3 0 0 0 0
772 6 0 0 0 0 0 2 1 1
774 2 0 0 0 0 0 0 0 0
776 3 0 0 1 0 0 0 0 0
779 2 0 0 0 0 0 1 0 0
782 1 0 0 0 0 0 1 0 0
789 2 0 0 0 0 0 1 0 0
790 2 0 0 0 0 0 0 0 0
796 2 0 0 1 0 0 1 0 0
799 8 1 1 0 0 0 2 0 0
802 1 0 0 0 0 0 1 0 0
803 1 0 0 0 0 0 1 0 0
806 5 0 0 3 0 0 0 0 0
fn=map_doit
644 2 1 1 0 0 0 1 0 0
646 4 0 0 1 0 0 0 0 0
647 6 0 0 2 0 0 2 1 1
649 2 0 0 2 0 0 0 0 0
fn=version_check_doit
677 2 1 1 0 0 0 1 0 0
679 6 0 0 2 0 0 1 0 0
683 2 0 0 2 0 0 0 0 0
fl=./elf/./get-dynamic-info.h
fn=_dl_start
45 83 0 0 21 6 6 0 0 0
49 40 0 0 0 0 0 0 0 0
54 17 2 2 0 0 0 0 0 0
55 11 0 0 0 0 0 0 0 0
56 5 0 0 0 0 0 0 0 0
58 1 0 0 0 0 0 0 0 0
59 5 0 0 0 0 0 0 0 0
62 4 1 1 0 0 0 0 0 0
64 4 0 0 0 0 0 0 0 0
68 21 0 0 0 0 0 20 8 8
72 3 0 0 0 0 0 0 0 0
84 4 0 0 2 0 0 0 0 0
85 4 1 1 2 0 0 0 0 0
86 4 0 0 2 0 0 0 0 0
87 4 0 0 2 0 0 0 0 0
88 5 0 0 2 0 0 0 0 0
89 4 1 1 2 0 0 0 0 0
90 4 0 0 2 0 0 0 0 0
91 4 0 0 2 0 0 0 0 0
103 10 2 2 2 0 0 1 0 0
110 3 0 0 1 0 0 0 0 0
115 2 0 0 1 0 0 0 0 0
122 1 0 0 0 0 0 0 0 0
123 3 0 0 2 0 0 0 0 0
129 3 0 0 1 0 0 0 0 0
130 3 1 1 2 0 0 0 0 0
133 2 0 0 1 0 0 0 0 0
134 3 0 0 1 0 0 0 0 0
139 3 0 0 1 0 0 0 0 0
142 3 1 1 1 0 0 0 0 0
fn=dl_main
39 4 0 0 2 0 0 0 0 0
43 1 0 0 0 0 0 0 0 0
45 115 0 0 29 8 8 0 0 0
49 56 0 0 0 0 0 0 0 0
54 25 0 0 0 0 0 0 0 0
55 17 1 1 0 0 0 0 0 0
56 5 0 0 0 0 0 0 0 0
58 1 0 0 0 0 0 0 0 0
59 5 1 1 0 0 0 0 0 0
62 4 0 0 0 0 0 0 0 0
64 4 1 1 0 0 0 0 0 0
68 28 0 0 0 0 0 28 7 7
72 7 3 3 4 0 0 0 0 0
84 3 0 0 1 0 0 0 0 0
85 5 0 0 3 0 0 0 0 0
86 5 0 0 3 0 0 0 0 0
87 5 1 1 3 0 0 0 0 0
88 4 0 0 2 0 0 0 0 0
89 5 1 1 3 0 0 0 0 0
90 5 0 0 3 0 0 0 0 0
91 5 0 0 3 0 0 0 0 0
103 9 0 0 3 0 0 1 0 0
110 3 1 1 1 0 0 0 0 0
115 2 0 0 1 0 0 0 0 0
122 3 1 1 2 0 0 0 0 0
123 4 0 0 3 0 0 0 0 0
129 3 0 0 1 0 0 0 0 0
147 4 1 1 2 0 0 0 0 0
162 4 1 1 2 0 0 0 0 0
164 3 0 0 1 0 0 1 0 0
165 2 0 0 0 0 0 0 0 0
174 2 1 1 1 0 0 0 0 0
175 3 1 1 0 0 0 0 0 0
180 2 0 0 0 0 0 0 0 0
184 3 0 0 2 0 0 0 0 0
fl=./elf/./setup-vdso.h
fn=dl_main
24 2 0 0 1 0 0 0 0 0
fl=./iconv/./iconv/gconv_simple.c
fn=__gconv_btwoc_ascii
51 512 1 1 0 0 0 0 0 0
54 128 0 0 128 0 0 0 0 0
fl=./intl/../include/../locale/localeinfo.h
fn=__dcigettext
222 6 1 1 2 1 1 0 0 0
fl=./intl/./intl/dcgettext.c
fn=dcgettext
46 1 1 1 0 0 0 0 0 0
47 4 0 0 0 0 0 0 0 0
fl=./intl/./intl/dcigettext.c
fn=__dcigettext
485 16 2 2 1 0 0 12 0 0
494 1 0 0 0 0 0 1 0 0
508 2 0 0 0 0 0 0 0 0
512 4 1 1 0 0 0 0 0 0
521 4 0 0 2 0 0 1 0 0
525 2 0 0 0 0 0 1 0 0
528 2 0 0 0 0 0 1 0 0
534 2 1 1 1 1 1 0 0 0
544 1 0 0 0 0 0 1 0 0
545 2 0 0 1 0 0 1 0 0
546 1 0 0 0 0 0 1 0 0
547 2 0 0 1 0 0 1 0 0
551 3 0 0 0 0 0 2 0 0
560 1 0 0 0 0 0 1 0 0
567 2 1 1 0 0 0 1 0 0
569 6 0 0 0 0 0 2 0 0
571 2 0 0 0 0 0 1 0 0
573 2 0 0 0 0 0 0 0 0
587 1 0 0 1 0 0 0 0 0
601 5 1 1 2 1 1 0 0 0
616 5 1 1 0 0 0 1 0 0
650 4 0 0 0 0 0 2 0 0
651 8 1 1 0 0 0 2 0 0
655 9 1 1 0 0 0 4 0 0
660 10 1 1 0 0 0 1 0 0
669 3 0 0 1 0 0 0 0 0
671 2 1 1 0 0 0 0 0 0
683 5 0 0 1 0 0 0 0 0
684 3 0 0 0 0 0 1 0 0
685 1 0 0 0 0 0 1 0 0
689 4 0 0 2 2 2 0 0 0
696 4 0 0 2 0 0 0 0 0
709 2 0 0 0 0 0 1 0 0
833 2 1 1 1 0 0 1 0 0
835 2 0 0 0 0 0 1 0 0
837 2 0 0 0 0 0 1 0 0
852 3 1 1 2 0 0 1 0 0
856 3 0 0 1 0 0 0 0 0
857 12 0 0 9 0 0 0 0 0
1539 2 1 1 0 0 0 1 0 0
1568 4 1 1 2 1 1 0 0 0
fl=./io/../sysdeps/unix/sysv/linux/access.c
fn=access
27 7 0 0 0 0 0 1 0 0
31 1 0 0 1 0 0 0 0 0
fl=./io/../sysdeps/unix/sysv/linux/close_nocancel.c
fn=__GI___close_nocancel
26 24 1 1 0 0 0 0 0 0
27 6 0 0 6 0 0 0 0 0
fl=./io/../sysdeps/unix/sysv/linux/fstat64.c
fn=fstat
29 8 3 3 0 0 0 0 0 0
30 16 0 0 0 0 0 0 0 0
35 24 2 2 0 0 0 0 0 0
fl=./io/../sysdeps/unix/sysv/linux/fstatat64.c
fn=fstatat
99 36 0 0 0 0 0 0 0 0
154 18 3 3 0 0 0 0 0 0
168 18 0 0 0 0 0 9 0 0
169 63 0 0 9 0 0 0 0 0
170 9 0 0 9 0 0 0 0 0
fl=./io/../sysdeps/unix/sysv/linux/open64_nocancel.c
fn=__open_nocancel
28 19 0 0 0 0 0 19 2 2
31 133 1 1 0 0 0 0 0 0
39 172 1 1 0 0 0 13 0 0
41 19 0 0 19 0 0 0 0 0
fl=./io/../sysdeps/unix/sysv/linux/pread64_nocancel.c
fn=__pread64_nocancel
25 2 1 1 0 0 0 0 0 0
26 8 0 0 0 0 0 0 0 0
27 2 0 0 2 0 0 0 0 0
fl=./io/../sysdeps/unix/sysv/linux/read.c
fn=read
26 12 2 2 2 0 0 0 0 0
27 2 0 0 2 0 0 0 0 0
fl=./io/../sysdeps/unix/sysv/linux/read_nocancel.c
fn=__read_nocancel
26 20 1 1 0 0 0 0 0 0
27 5 0 0 5 0 0 0 0 0
fl=./io/../sysdeps/unix/sysv/linux/stat64.c
fn=stat
28 10 1 1 0 0 0 0 0 0
29 40 0 0 0 0 0 0 0 0
fl=./io/../sysdeps/unix/sysv/linux/write.c
fn=write
26 1350 2 2 225 4 3 0 0 0
27 225 0 0 225 0 0 0 0 0
fl=./libio/../include/sys/sysmacros.h
fn=_IO_file_doallocate
47 6 1 1 0 0 0 0 0 0
fl=./libio/./libio/filedoalloc.c
fn=_IO_file_doallocate
78 16 2 2 2 0 0 8 0 0
84 18 0 0 6 0 0 2 0 0
86 8 0 0 2 0 0 0 0 0
89 2 0 0 0 0 0 0 0 0
91 2 1 1 1 0 0 0 0 0
94 2 0 0 1 0 0 0 0 0
97 8 2 2 2 0 0 0 0 0
101 6 0 0 0 0 0 2 0 0
102 4 0 0 0 0 0 0 0 0
104 8 0 0 0 0 0 2 0 0
105 2 0 0 0 0 0 0 0 0
106 16 1 1 12 0 0 0 0 0
fl=./libio/./libio/fileops.c
fn=_IO_do_write@@GLIBC_2.2.5
423 212 0 0 0 0 0 106 0 0
425 1102 1 1 0 0 0 106 0 0
426 332 0 0 332 0 0 0 0 0
fn=_IO_file_overflow@@GLIBC_2.2.5
731 920 2 2 0 0 0 690 0 0
732 690 0 0 230 0 0 0 0 0
739 1376 4 2 230 0 0 0 0 0
742 4 1 1 0 0 0 0 0 0
744 4 2 2 0 0 0 2 0 0
745 12 2 2 2 0 0 4 0 0
754 6 0 0 2 0 0 0 0 0
763 6 0 0 2 0 0 0 0 0
765 2 0 0 0 0 0 2 0 0
766 2 0 0 0 0 0 2 0 0
767 2 0 0 0 0 0 2 0 0
768 6 0 0 2 0 0 4 0 0
770 6 1 1 0 0 0 2 0 0
771 10 0 0 2 0 0 0 0 0
772 2 0 0 0 0 0 2 0 0
774 460 0 0 0 0 0 0 0 0
775 240 0 0 0 0 0 0 0 0
776 468 3 2 348 0 0 0 0 0
777 220 0 0 110 0 0 0 0 0
780 330 0 0 0 0 0 220 0 0
781 330 0 0 110 0 0 0 0 0
782 28 0 0 0 0 0 0 0 0
783 424 0 0 0 0 0 106 0 0
784 318 0 0 212 0 0 0 0 0
786 110 3 3 0 0 0 0 0 0
787 800 1 1 800 0 0 0 0 0
fn=_IO_file_read
1131 2 2 2 2 0 0 0 0 0
1132 2 0 0 0 0 0 0 0 0
1133 6 0 0 2 0 0 0 0 0
fn=_IO_file_stat
1147 4 0 0 2 0 0 0 0 0
fn=_IO_file_sync@@GLIBC_2.2.5
792 2704 3 2 0 0 0 1352 0 0
797 2704 0 0 1352 7 4 0 0 0
799 676 1 1 676 0 0 0 0 0
800 1352 0 0 676 0 0 0 0 0
811 1352 2 2 0 0 0 676 0 0
815 2704 0 0 2028 0 0 0 0 0
fn=_IO_file_underflow@@GLIBC_2.2.5
461 16 2 2 0 0 0 12 0 0
465 6 0 0 2 0 0 0 0 0
466 2 0 0 0 0 0 0 0 0
468 4 0 0 0 0 0 0 0 0
474 6 0 0 4 0 0 0 0 0
477 4 0 0 2 0 0 0 0 0
480 3 1 1 1 0 0 0 0 0
485 2 1 1 0 0 0 1 0 0
489 6 0 0 1 0 0 0 0 0
498 4 2 2 0 0 0 0 0 0
505 4 0 0 0 0 0 2 0 0
511 12 0 0 2 0 0 6 0 0
516 10 0 0 6 0 0 2 0 0
518 4 0 0 0 0 0 0 0 0
521 7 0 0 1 0 0 1 0 0
525 1 0 0 1 0 0 0 0 0
531 1 1 1 0 0 0 1 1 1
534 3 1 1 1 1 0 0 0 0
536 2 0 0 2 0 0 0 0 0
537 16 1 1 14 0 0 0 0 0
fn=_IO_file_write@@GLIBC_2.2.5
1173 1350 1 1 0 0 0 900 1 1
1174 450 0 0 0 0 0 0 0 0
1175 1350 0 0 0 0 0 0 0 0
1179 675 3 2 225 0 0 0 0 0
1180 675 0 0 225 0 0 225 0 0
1181 450 0 0 0 0 0 0 0 0
1186 225 0 0 0 0 0 0 0 0
1187 225 0 0 0 0 0 0 0 0
1189 675 6 3 0 0 0 0 0 0
1190 675 0 0 225 0 0 0 0 0
1193 1350 0 0 1125 0 0 0 0 0
fn=_IO_file_xsputn@@GLIBC_2.2.5
1197 1220 3 2 0 0 0 732 0 0
1199 120 3 2 0 0 0 0 0 0
1203 244 0 0 0 0 0 0 0 0
1204 122 1 1 0 0 0 0 0 0
1210 488 0 0 122 0 0 0 0 0
1212 126 2 2 124 0 0 0 0 0
1213 4 0 0 0 0 0 0 0 0
1216 22 2 2 0 0 0 0 0 0
1218 24 0 0 8 0 0 0 0 0
1227 360 0 0 120 0 0 0 0 0
1228 2 0 0 0 0 0 0 0 0
1233 2 0 0 0 0 0 0 0 0
1235 6 0 0 0 0 0 4 0 0
1236 2 0 0 0 0 0 0 0 0
1237 8 0 0 0 0 0 0 0 0
1239 4 0 0 0 0 0 0 0 0
1243 720 3 2 240 9 3 120 0 0
1249 240 0 0 240 6 3 0 0 0
1250 243 0 0 0 0 0 0 0 0
1252 479 3 2 0 0 0 0 0 0
1254 476 0 0 0 0 0 119 0 0
1255 238 0 0 0 0 0 0 0 0
1256 238 0 0 0 0 0 0 0 0
1263 240 0 0 0 0 0 0 0 0
1264 4 0 0 0 0 0 1 0 0
1266 7 0 0 0 0 0 0 0 0
1267 976 1 1 854 0 0 0 0 0
fn=new_do_write
431 2250 8 6 0 0 0 1350 1 1
433 450 0 0 225 0 0 0 0 0
440 900 3 2 450 0 0 0 0 0
443 225 0 0 225 0 0 0 0 0
448 1125 0 0 225 1 0 225 2 1
449 1125 3 2 225 0 0 0 0 0
451 675 0 0 225 0 0 450 0 0
452 450 0 0 0 0 0 225 0 0
453 225 0 0 0 0 0 225 0 0
454 450 1 1 225 0 0 0 0 0
455 900 0 0 225 0 0 0 0 0
457 2025 0 0 1575 0 0 0 0 0
fl=./libio/./libio/genops.c
fn=_IO_default_uflow
361 8 2 2 0 0 0 4 0 0
362 6 0 0 4 0 0 2 0 0
363 4 0 0 0 0 0 0 0 0
365 4 0 0 2 0 0 1 0 0
366 8 0 0 6 0 0 0 0 0
fn=_IO_default_xsputn
371 882 4 3 0 0 0 686 5 4
374 196 0 0 0 0 0 0 0 0
375 13 0 0 13 0 0 0 0 0
379 68 2 2 34 0 0 0 0 0
381 36 0 0 0 0 0 0 0 0
384 24 0 0 0 0 0 0 0 0
386 12 0 0 0 0 0 6 0 0
387 6 0 0 0 0 0 0 0 0
389 18 0 0 0 0 0 0 0 0
393 117 0 0 0 0 0 0 0 0
394 114 1 1 39 0 0 48 0 0
397 12 0 0 0 0 0 0 0 0
399 66 0 0 12 0 0 4 0 0
401 4 0 0 0 0 0 0 0 0
404 784 4 3 686 0 0 0 0 0
fn=_IO_doallocbuf
330 1 0 0 0 0 0 0 0 0
332 1 0 0 0 0 0 1 0 0
333 1 0 0 0 0 0 1 1 0
337 2 0 0 0 0 0 1 0 0
343 9 0 0 0 0 0 9 0 0
344 6 1 1 3 0 0 0 0 0
346 15 1 1 4 0 0 0 0 0
347 10 1 1 4 0 0 2 0 0
349 2 1 1 0 0 0 0 0 0
350 12 1 1 12 0 0 0 0 0
fn=_IO_no_init
563 360 4 3 0 0 0 160 0 0
564 40 0 0 0 0 0 40 0 0
565 40 0 0 0 0 0 40 0 0
566 80 0 0 0 0 0 0 0 0
586 80 4 3 0 0 0 40 0 0
587 40 0 0 0 0 0 40 0 0
588 240 0 0 200 0 0 0 0 0
fn=_IO_old_init
532 80 0 0 0 0 0 40 0 0
534 240 3 3 40 4 3 40 0 0
539 280 0 0 0 0 0 240 0 0
544 40 0 0 0 0 0 40 1 0
550 80 4 3 0 0 0 40 0 0
555 120 0 0 40 0 0 0 0 0
558 40 0 0 40 0 0 0 0 0
fn=_IO_setb
329 378 16 4 0 0 0 168 1 1
330 248 0 0 84 0 0 0 0 0
332 42 0 0 0 0 0 42 0 0
333 42 0 0 0 0 0 42 0 0
335 252 0 0 0 0 0 42 0 0
338 252 8 3 210 0 0 0 0 0
fn=_IO_sputbackc
635 5788 3 3 0 0 0 2894 0 0
638 4341 0 0 2894 0 0 0 0 0
639 2894 0 0 1447 0 0 0 0 0
641 2894 3 3 0 0 0 1447 0 0
642 1447 0 0 0 0 0 0 0 0
647 1447 0 0 0 0 0 0 0 0
648 1447 0 0 1447 0 0 0 0 0
651 5788 0 0 4341 0 0 0 0 0
fn=_IO_switch_to_get_mode
164 8 2 2 0 0 0 4 0 0
165 6 0 0 4 0 0 0 0 0
168 6 2 2 2 0 0 0 0 0
172 4 0 0 2 0 0 2 0 0
173 4 0 0 2 0 0 0 0 0
176 2 0 0 0 0 0 2 0 0
178 4 0 0 0 0 0 4 0 0
180 4 2 2 0 0 0 2 0 0
181 2 0 0 0 0 0 0 0 0
182 8 0 0 6 0 0 0 0 0
fn=__overflow
199 212 3 3 0 0 0 106 0 0
201 318 0 0 106 0 0 0 0 0
203 318 0 0 212 0 0 0 0 0
204 212 3 3 106 0 0 0 0 0
fn=__uflow
299 8 2 2 0 0 0 4 0 0
300 9 3 3 2 2 1 1 0 0
305 4 0 0 2 0 0 0 0 0
308 6 0 0 4 0 0 0 0 0
310 4 0 0 2 0 0 0 0 0
316 4 0 0 2 0 0 0 0 0
321 6 1 1 2 0 0 0 0 0
323 8 2 2 4 0 0 0 0 0
324 6 0 0 4 0 0 0 0 0
fl=./libio/./libio/getc.c
fn=getc
34 8192 3 3 0 0 0 4096 0 0
37 4096 0 0 2048 4 4 0 0 0
38 12284 4 4 6142 16 16 2046 0 0
43 8190 2 2 6142 0 0 0 0 0
fl=./libio/./libio/iofflush.c
fn=fflush
32 2704 0 0 0 0 0 1352 0 0
33 1352 1 1 0 0 0 0 0 0
39 8788 1 1 4732 24 12 676 0 0
40 3380 0 0 1352 14 6 676 0 0
44 2704 0 0 2028 0 0 0 0 0
fl=./libio/./libio/iofwrite.c
fn=fwrite
31 847 2 2 0 0 0 726 0 0
32 242 0 0 0 0 0 0 0 0
35 242 0 0 0 0 0 0 0 0
37 2057 1 1 847 14 7 121 0 0
38 603 2 1 121 0 0 2 0 0
39 605 0 0 242 7 3 121 0 0
45 726 0 0 0 0 0 0 0 0
46 121 0 0 0 0 0 0 0 0
49 1089 0 0 847 0 0 0 0 0
fl=./libio/./libio/ioungetc.c
fn=ungetc
31 8682 0 0 0 0 0 4341 0 0
34 2896 4 4 0 0 0 0 0 0
35 1 1 1 0 0 0 0 0 0
36 2894 0 0 1447 0 0 0 0 0
37 4341 3 3 0 0 0 0 0 0
42 5789 3 3 4342 0 0 0 0 0
fl=./libio/./libio/libioP.h
fn=_IO_default_uflow
940 6 2 2 0 0 0 0 0 0
942 4 0 0 0 0 0 0 0 0
943 4 0 0 0 0 0 0 0 0
fn=_IO_default_xsputn
940 91 2 2 0 0 0 0 0 0
942 8 0 0 0 0 0 0 0 0
943 8 0 0 0 0 0 0 0 0
946 18 0 0 0 0 0 0 0 0
fn=_IO_doallocbuf
940 6 0 0 0 0 0 0 0 0
942 4 0 0 0 0 0 0 0 0
943 4 0 0 0 0 0 0 0 0
fn=_IO_file_doallocate
940 6 2 2 0 0 0 0 0 0
942 4 0 0 0 0 0 0 0 0
943 4 0 0 0 0 0 0 0 0
fn=_IO_file_underflow@@GLIBC_2.2.5
940 4 0 0 0 0 0 0 0 0
942 8 2 2 0 0 0 0 0 0
943 4 0 0 0 0 0 0 0 0
fn=_IO_file_xsputn@@GLIBC_2.2.5
940 360 0 0 0 0 0 0 0 0
942 240 0 0 0 0 0 0 0 0
943 240 0 0 0 0 0 0 0 0
fn=__overflow
940 318 0 0 0 0 0 0 0 0
942 212 0 0 0 0 0 0 0 0
943 212 0 0 0 0 0 0 0 0
fn=__uflow
940 6 0 0 0 0 0 0 0 0
942 4 0 0 0 0 0 0 0 0
943 4 0 0 0 0 0 0 0 0
fn=fflush
883 1352 0 0 676 0 0 0 0 0
884 6760 1 1 2704 0 0 1352 0 0
940 2028 0 0 0 0 0 0 0 0
942 1352 0 0 0 0 0 0 0 0
943 1352 0 0 0 0 0 0 0 0
fn=fwrite
883 242 0 0 121 0 0 0 0 0
884 968 1 1 484 0 0 121 0 0
940 363 1 1 0 0 0 0 0 0
942 242 0 0 0 0 0 0 0 0
943 242 0 0 0 0 0 0 0 0
fn=new_do_write
940 675 0 0 0 0 0 0 0 0
942 675 0 0 0 0 0 0 0 0
943 450 0 0 0 0 0 0 0 0
fl=./libio/./libio/putc.c
fn=putc
25 636 4 4 0 0 0 318 0 0
28 212 0 0 106 0 0 0 0 0
29 742 4 4 212 0 0 0 0 0
34 424 4 4 318 0 0 0 0 0
fl=./libio/./libio/strops.c
fn=_IO_str_init_static_internal
36 320 4 3 0 0 0 160 0 0
40 80 0 0 0 0 0 0 0 0
42 40 3 3 0 0 0 0 0 0
43 200 0 0 0 0 0 0 0 0
46 200 4 3 0 0 0 40 0 0
48 40 0 0 0 0 0 40 0 0
49 40 0 0 0 0 0 40 0 0
50 40 0 0 0 0 0 40 0 0
51 120 0 0 0 0 0 0 0 0
53 40 0 0 0 0 0 40 0 0
54 40 0 0 0 0 0 40 0 0
55 40 0 0 0 0 0 40 0 0
64 40 0 0 0 0 0 40 0 0
65 240 0 0 200 0 0 0 0 0
fl=./libio/./libio/vasprintf.c
fn=__vasprintf_internal
34 17 2 2 3 1 0 8 0 0
45 2 0 0 0 0 0 1 0 0
46 2 0 0 0 0 0 0 0 0
49 1 0 0 0 0 0 1 0 0
51 8 1 1 0 0 0 1 0 0
52 2 0 0 0 0 0 1 0 0
53 5 1 1 0 0 0 1 0 0
54 1 0 0 1 0 0 0 0 0
55 2 0 0 1 0 0 1 0 0
57 6 0 0 0 0 0 1 0 0
58 2 0 0 0 0 0 0 0 0
60 1 1 1 1 0 0 0 0 0
65 4 0 0 2 0 0 0 0 0
66 2 0 0 1 0 0 0 0 0
67 3 0 0 0 0 0 0 0 0
79 4 0 0 0 0 0 2 0 0
81 2 0 0 0 0 0 0 0 0
83 1 0 0 0 0 0 1 0 0
85 12 1 1 9 0 0 0 0 0
fl=./libio/./libio/vsnprintf.c
fn=__vsnprintf_internal
95 507 6 6 39 0 0 273 0 0
99 39 0 0 0 0 0 39 0 0
104 78 0 0 0 0 0 0 0 0
110 273 0 0 0 0 0 39 1 1
111 78 0 0 0 0 0 39 0 0
112 39 2 2 0 0 0 39 0 0
113 351 3 3 39 0 0 78 1 0
114 195 0 0 0 0 0 39 0 0
116 78 0 0 39 0 0 0 0 0
117 78 0 0 39 0 0 39 0 0
119 429 0 0 351 0 0 0 0 0
fn=vsnprintf
124 78 3 3 0 0 0 0 0 0
fl=./libio/./libio/vtables.c
fn=check_stdfiles_vtables
84 4 1 1 2 2 0 0 0 0
85 3 1 1 2 1 0 0 0 0
86 3 0 0 2 1 0 0 0 0
88 1 0 0 1 0 0 0 0 0
fl=./locale/./locale/localename.c
fn=__current_locale_name
25 8 1 1 6 2 1 0 0 0
26 2 0 0 2 0 0 0 0 0
fl=./locale/./locale/newlocale.c
fn=newlocale
43 13 2 2 1 0 0 7 0 0
55 2 0 0 0 0 0 0 0 0
56 1 0 0 0 0 0 0 0 0
63 2 1 1 0 0 0 0 0 0
66 3 1 1 0 0 0 0 0 0
73 4 1 1 2 0 0 0 0 0
75 1 1 1 0 0 0 0 0 0
277 12 2 2 9 0 0 0 0 0
fl=./locale/./locale/uselocale.c
fn=uselocale
31 240 8 8 160 7 6 0 0 0
33 160 0 0 0 0 0 0 0 0
36 160 0 0 0 0 0 0 0 0
37 80 0 0 0 0 0 80 0 0
65 240 0 0 160 11 9 80 0 0
66 240 0 0 160 4 3 80 0 0
68 240 0 0 160 4 3 80 0 0
72 240 3 3 0 0 0 0 0 0
73 80 0 0 80 0 0 0 0 0
fl=./malloc/./malloc/arena.c
fn=free
162 117 0 0 0 0 0 0 0 0
fn=malloc
162 38 0 0 0 0 0 0 0 0
315 1 1 1 0 0 0 1 0 0
fn=ptmalloc_init.part.0
313 6 1 1 1 0 0 3 0 0
318 1 0 0 0 0 0 1 0 0
343 2 2 2 1 0 0 0 0 0
347 3 0 0 1 1 0 1 1 0
352 4 0 0 0 0 0 1 0 0
353 4 1 1 0 0 0 1 0 0
354 4 0 0 0 0 0 1 0 0
355 4 0 0 0 0 0 1 0 0
356 4 1 1 0 0 0 1 0 0
357 4 0 0 0 0 0 1 0 0
358 4 0 0 0 0 0 1 0 0
360 4 1 1 0 0 0 1 0 0
361 4 0 0 0 0 0 1 0 0
362 4 0 0 0 0 0 1 0 0
365 4 0 0 0 0 0 1 0 0
366 4 1 1 0 0 0 1 0 0
367 2 0 0 1 1 1 0 0 0
430 7 0 0 5 0 0 0 0 0
fn=realloc
162 7 1 1 1 0 0 0 0 0
fl=./malloc/./malloc/malloc.c
fn=_int_free
2006 18 3 3 6 0 0 0 0 0
3175 33 4 4 0 0 0 33 0 0
3177 132 4 4 33 6 0 33 0 0
3178 33 0 0 0 0 0 33 0 0
3179 66 0 0 0 0 0 33 0 0
4417 429 7 6 39 2 0 273 2 2
4427 117 0 0 39 0 0 0 0 0
4433 195 0 0 0 0 0 0 0 0
4434 78 0 0 0 0 0 0 0 0
4438 195 0 0 0 0 0 0 0 0
4445 78 0 0 0 0 0 0 0 0
4446 273 5 4 117 3 0 0 0 0
4449 39 0 0 0 0 0 0 0 0
4455 117 0 0 78 8 4 0 0 0
4464 39 0 0 39 0 0 0 0 0
4475 156 5 4 39 3 0 0 0 0
4478 33 0 0 0 0 0 0 0 0
4489 12 0 0 6 3 0 0 0 0
4500 24 0 0 6 0 0 0 0 0
4502 18 0 0 6 3 1 0 0 0
4523 6 0 0 0 0 0 6 3 0
4524 6 0 0 0 0 0 0 0 0
4528 18 0 0 6 0 0 0 0 0
4530 12 0 0 6 3 0 0 0 0
4534 12 0 0 0 0 0 0 0 0
4536 24 0 0 0 0 0 6 0 0
4537 6 0 0 0 0 0 6 0 0
4556 24 0 0 0 0 0 0 0 0
4698 429 9 8 351 0 0 0 0 0
fn=_int_malloc
1338 40 5 4 0 0 0 0 0 0
1357 80 0 0 0 0 0 0 0 0
1999 9 2 2 3 0 0 0 0 0
3171 3 0 0 0 0 0 3 0 0
3175 6 0 0 3 0 0 3 0 0
3177 13 0 0 5 0 0 3 0 0
3179 8 0 0 2 0 0 3 0 0
3180 1 0 0 0 0 0 0 0 0
3766 180 5 4 0 0 0 120 0 0
3807 40 0 0 0 0 0 0 0 0
3834 40 0 0 20 0 0 0 0 0
3836 90 0 0 0 0 0 0 0 0
3837 2 0 0 0 0 0 0 0 0
3839 15 0 0 15 4 4 0 0 0
3841 75 8 7 0 0 0 0 0 0
3843 4 0 0 0 0 0 0 0 0
3846 4 0 0 2 0 0 0 0 0
3847 10 0 0 2 1 1 2 0 0
3852 4 0 0 2 0 0 0 0 0
3853 4 2 2 0 0 0 0 0 0
3859 4 0 0 0 0 0 0 0 0
3860 12 0 0 6 0 0 0 0 0
3865 4 0 0 2 0 0 0 0 0
3866 20 2 2 8 0 0 0 0 0
3868 4 0 0 0 0 0 0 0 0
3870 4 0 0 2 0 0 0 0 0
3871 12 2 2 2 0 0 2 0 0
3897 10 3 2 0 0 0 0 0 0
3899 6 2 1 0 0 0 0 0 0
3900 30 8 6 0 0 0 0 0 0
3902 45 0 0 15 3 1 0 0 0
3904 1 0 0 1 0 0 0 0 0
3905 2 0 0 1 0 0 0 0 0
3907 1 0 0 1 0 0 0 0 0
3908 1 0 0 0 0 0 1 0 0
3909 1 0 0 0 0 0 1 0 0
3911 3 0 0 0 0 0 0 0 0
3917 2 0 0 0 0 0 0 0 0
3918 6 1 1 3 0 0 0 0 0
3923 6 0 0 2 0 0 0 0 0
3924 10 1 1 2 0 0 0 0 0
3926 2 0 0 0 0 0 0 0 0
3928 1 1 1 1 0 0 0 0 0
3929 1 0 0 1 0 0 0 0 0
3930 2 0 0 0 0 0 0 0 0
3932 1 0 0 0 0 0 1 0 0
3933 1 1 1 0 0 0 1 0 0
3940 1 0 0 0 0 0 0 0 0
3959 35 2 1 0 0 0 0 0 0
3960 9 1 1 3 2 1 0 0 0
3961 3 1 1 0 0 0 1 0 0
3978 17 0 0 0 0 0 0 0 0
3979 51 0 0 0 0 0 17 0 0
3980 83 4 4 50 0 0 0 0 0
3984 17 1 1 0 0 0 17 0 0
3989 1 0 0 0 0 0 0 0 0
3990 77 1 1 20 2 1 1 0 0
3992 2 0 0 2 0 0 0 0 0
3993 4 0 0 2 0 0 0 0 0
3994 2 0 0 0 0 0 0 0 0
3996 4 0 0 0 0 0 0 0 0
3997 6 1 1 2 1 1 0 0 0
3999 2 0 0 2 0 0 0 0 0
4000 8 0 0 0 0 0 0 0 0
4002 8 0 0 2 0 0 0 0 0
4004 4 1 1 2 0 0 0 0 0
4005 4 0 0 2 0 0 0 0 0
4007 4 0 0 0 0 0 0 0 0
4018 8 0 0 0 0 0 0 0 0
4049 2 0 0 0 0 0 2 0 0
4050 2 0 0 0 0 0 2 0 0
4054 4 0 0 0 0 0 0 0 0
4083 4 1 1 0 0 0 0 0 0
4085 4 1 1 0 0 0 0 0 0
4086 8 0 0 0 0 0 0 0 0
4087 2 0 0 2 0 0 0 0 0
4140 34 4 3 0 0 0 0 0 0
4143 12 1 1 2 0 0 0 0 0
4144 2 0 0 0 0 0 2 0 0
4145 2 0 0 0 0 0 2 0 0
4146 2 0 0 0 0 0 2 0 0
4147 2 0 0 0 0 0 2 0 0
4152 4 0 0 4 0 0 0 0 0
4153 4 0 0 0 0 0 0 0 0
4162 6 1 1 0 0 0 0 0 0
4168 2 0 0 0 0 0 0 0 0
4179 34 4 3 0 0 0 0 0 0
4181 9 0 0 0 0 0 0 0 0
4184 9 0 0 3 2 1 0 0 0
4252 17 0 0 0 0 0 0 0 0
4253 34 0 0 0 0 0 0 0 0
4254 34 0 0 0 0 0 0 0 0
4255 34 0 0 17 3 1 0 0 0
4256 51 4 3 0 0 0 0 0 0
4261 34 0 0 0 0 0 0 0 0
4265 177 0 0 0 0 0 0 0 0
4268 168 0 0 42 0 0 0 0 0
4365 17 0 0 17 0 0 0 0 0
4366 34 0 0 17 3 2 0 0 0
4368 34 0 0 17 0 0 0 0 0
4371 52 4 3 0 0 0 1 0 0
4373 16 0 0 0 0 0 0 0 0
4374 16 0 0 0 0 0 0 0 0
4375 16 0 0 0 0 0 16 0 0
4376 128 7 5 0 0 0 16 0 0
4378 32 0 0 0 0 0 16 14 14
4381 16 0 0 0 0 0 0 0 0
4382 16 0 0 0 0 0 0 0 0
4388 3 0 0 1 0 0 0 0 0
4403 4 2 2 0 0 0 1 0 0
4404 2 0 0 0 0 0 0 0 0
4405 102 3 2 17 0 0 34 0 0
4409 180 9 6 140 0 0 0 0 0
fn=_int_realloc
4814 7 1 1 0 0 0 6 0 0
4825 4 0 0 1 0 0 0 0 0
4826 4 0 0 1 0 0 0 0 0
4832 2 0 0 0 0 0 0 0 0
4834 2 1 1 0 0 0 0 0 0
4835 4 0 0 1 0 0 0 0 0
4837 4 0 0 0 0 0 0 0 0
4840 2 0 0 0 0 0 0 0 0
4854 4 1 1 0 0 0 0 0 0
4907 2 0 0 0 0 0 0 0 0
4909 2 0 0 0 0 0 0 0 0
4911 5 0 0 0 0 0 1 0 0
4912 1 0 0 1 0 0 0 0 0
4928 1 0 0 0 0 0 0 0 0
4929 9 0 0 7 0 0 0 0 0
fn=alloc_perturb
1999 51 4 3 17 0 0 0 0 0
2001 17 0 0 17 0 0 0 0 0
fn=free
3346 117 0 0 0 0 0 78 0 0
3350 80 3 3 0 0 0 0 0 0
3358 78 4 4 78 6 0 0 0 0
3360 39 0 0 0 0 0 0 0 0
3362 117 0 0 39 21 3 0 0 0
3379 117 0 0 78 6 0 0 0 0
3385 78 4 4 0 0 0 39 0 0
3388 39 0 0 0 0 0 39 0 0
3389 157 1 1 118 0 0 0 0 0
fn=malloc
1338 106 4 3 0 0 0 0 0 0
1357 265 1 1 0 0 0 0 0 0
3187 68 0 0 34 5 5 0 0 0
3188 68 0 0 0 0 0 0 0 0
3190 136 0 0 34 19 19 34 0 0
3191 68 3 3 0 0 0 34 0 0
3192 34 0 0 0 0 0 34 0 0
3235 4 1 1 2 0 0 1 0 0
3281 265 5 4 0 0 0 159 0 0
3288 106 0 0 53 6 4 0 0 0
3298 106 0 0 0 0 0 0 0 0
3300 212 0 0 106 8 6 0 0 0
3303 106 1 1 53 4 3 0 0 0
3305 153 4 3 51 6 4 0 0 0
3313 38 6 4 19 2 0 0 0 0
3315 76 2 1 0 0 0 19 0 0
3316 95 5 4 19 0 0 0 0 0
3341 265 4 3 212 0 0 0 0 0
fn=malloc_consolidate
4711 8 1 1 0 0 0 6 0 0
4726 1 0 0 0 0 0 1 0 0
4728 2 0 0 0 0 0 1 0 0
4739 1 0 0 0 0 0 0 0 0
4741 20 0 0 20 1 1 0 0 0
4742 20 0 0 0 0 0 0 0 0
4745 4 1 1 0 0 0 0 0 0
4749 6 0 0 2 2 2 0 0 0
4750 8 1 1 0 0 0 0 0 0
4755 10 0 0 2 2 2 0 0 0
4758 4 0 0 0 0 0 0 0 0
4759 2 0 0 0 0 0 0 0 0
4760 6 0 0 2 0 0 0 0 0
4762 4 0 0 0 0 0 0 0 0
4771 4 1 1 2 1 1 0 0 0
4774 4 1 1 2 2 2 0 0 0
4778 4 0 0 0 0 0 2 0 0
4780 2 0 0 2 0 0 0 0 0
4781 4 0 0 0 0 0 2 0 0
4782 4 0 0 2 0 0 2 0 0
4784 4 0 0 0 0 0 0 0 0
4789 6 0 0 0 0 0 2 0 0
4791 2 0 0 0 0 0 2 0 0
4792 2 0 0 0 0 0 2 0 0
4801 5 0 0 0 0 0 0 0 0
4804 30 0 0 10 0 0 0 0 0
4805 8 0 0 7 0 0 0 0 0
fn=ptmalloc_init.part.0
1960 385 1 1 0 0 0 0 0 0
1963 381 0 0 0 0 0 127 32 32
1971 1 0 0 0 0 0 1 0 0
1972 1 0 0 0 0 0 1 1 0
1974 1 0 0 0 0 0 1 0 0
3156 7 1 1 0 0 0 1 0 0
fn=realloc
1338 2 0 0 0 0 0 0 0 0
1357 6 0 0 0 0 0 0 0 0
3394 9 1 1 0 0 0 6 0 0
3400 2 1 1 1 0 0 0 0 0
3404 2 0 0 0 0 0 0 0 0
3411 2 0 0 0 0 0 0 0 0
3420 1 0 0 0 0 0 0 0 0
3422 3 0 0 1 0 0 0 0 0
3424 2 1 1 0 0 0 0 0 0
3425 1 0 0 0 0 0 0 0 0
3428 3 0 0 2 0 0 0 0 0
3436 4 1 1 0 0 0 0 0 0
3437 2 0 0 0 0 0 0 0 0
3447 2 1 1 0 0 0 0 0 0
3478 2 0 0 1 0 0 0 0 0
3480 7 0 0 0 0 0 2 0 0
3481 7 1 1 1 0 0 0 0 0
3510 9 0 0 7 0 0 0 0 0
fn=sysmalloc
2022 9 2 2 2 0 0 0 0 0
2034 3 1 1 0 0 0 1 0 0
2542 9 1 1 0 0 0 6 0 0
2562 4 1 1 3 0 0 1 0 0
2563 1 0 0 0 0 0 1 0 0
2573 2 0 0 0 0 0 0 0 0
2574 2 0 0 1 0 0 0 0 0
2600 1 0 0 1 0 0 0 0 0
2601 3 0 0 1 0 0 0 0 0
2602 1 0 0 0 0 0 0 0 0
2604 2 0 0 0 0 0 0 0 0
2611 5 1 1 0 0 0 0 0 0
2617 3 0 0 0 0 0 0 0 0
2620 3 1 1 0 0 0 0 0 0
2681 2 1 1 1 0 0 0 0 0
2690 4 0 0 1 0 0 0 0 0
2703 3 0 0 1 0 0 0 0 0
2711 5 0 0 0 0 0 1 0 0
2719 2 1 1 0 0 0 0 0 0
2721 5 1 1 0 0 0 3 0 0
2722 3 0 0 1 0 0 0 0 0
2723 1 0 0 1 0 0 0 0 0
2758 2 1 1 1 1 1 0 0 0
2759 2 2 2 0 0 0 1 0 0
2760 3 0 0 1 0 0 1 0 0
2766 2 1 1 0 0 0 0 0 0
2769 4 1 1 1 0 0 0 0 0
2809 3 1 1 0 0 0 0 0 0
2831 3 0 0 0 0 0 0 0 0
2832 7 1 1 0 0 0 1 0 0
2834 2 0 0 0 0 0 0 0 0
2835 5 0 0 0 0 0 3 0 0
2847 4 0 0 2 0 0 0 0 0
2889 1 0 0 0 0 0 1 0 0
2890 4 1 1 0 0 0 1 1 1
2891 5 0 0 2 0 0 1 0 0
2902 2 0 0 0 0 0 0 0 0
2935 2 1 1 1 0 0 0 0 0
2936 1 0 0 0 0 0 1 0 0
2941 2 0 0 1 0 0 0 0 0
2944 2 0 0 0 0 0 0 0 0
2946 1 0 0 0 0 0 0 0 0
2947 1 0 0 0 0 0 0 0 0
2948 1 0 0 0 0 0 1 0 0
2949 8 1 1 0 0 0 1 0 0
2950 2 0 0 0 0 0 1 1 1
2952 1 0 0 0 0 0 0 0 0
2958 11 1 1 9 0 0 0 0 0
fn=tcache_init.part.0
3229 3 1 1 0 0 0 2 0 0
3238 8 0 0 3 0 0 0 0 0
3239 4 1 1 0 0 0 1 0 0
3240 2 0 0 0 0 0 0 0 0
3248 4 0 0 2 0 0 0 0 0
3257 2 0 0 1 0 0 1 0 0
3258 88 1 1 0 0 0 81 9 9
3261 4 0 0 3 0 0 0 0 0
fl=./malloc/./malloc/morecore.c
fn=__glibc_morecore
25 2 0 0 0 0 0 0 0 0
26 4 1 1 2 0 0 0 0 0
29 2 1 1 0 0 0 2 0 0
30 4 0 0 0 0 0 0 0 0
34 4 0 0 2 0 0 0 0 0
fl=./malloc/./malloc/scratch_buffer_set_array_size.c
fn=__libc_scratch_buffer_set_array_size
30 45 1 1 0 0 0 15 0 0
34 5 0 0 0 0 0 0 0 0
35 10 0 0 0 0 0 0 0 0
45 10 0 0 5 0 0 0 0 0
46 5 0 0 0 0 0 0 0 0
63 20 1 1 20 0 0 0 0 0
fl=./math/../sysdeps/ieee754/dbl-64/e_log.c
fn=__ieee754_log_fma
39 6358998 0 0 0 0 0 0 0 0
61 15897495 3 3 0 0 0 0 0 0
85 9538497 0 0 0 0 0 0 0 0
102 6358998 3 3 0 0 0 0 0 0
103 6358998 0 0 0 0 0 0 0 0
104 3179499 0 0 0 0 0 0 0 0
105 9538497 0 0 0 0 0 0 0 0
106 15897495 3 3 0 0 0 0 0 0
114 9538497 0 0 6358998 3 3 0 0 0
119 6358998 0 0 0 0 0 0 0 0
122 6358998 0 0 6358998 91452 38 0 0 0
123 3179499 0 0 0 0 0 0 0 0
124 9538497 0 0 3179499 0 0 0 0 0
127 3179499 3 3 0 0 0 0 0 0
130 28615491 0 0 15897495 3 3 0 0 0
131 3179499 0 0 3179499 0 0 0 0 0
fl=./math/../sysdeps/ieee754/dbl-64/math_config.h
fn=__ieee754_log_fma
67 3179499 0 0 0 0 0 0 0 0
fl=./math/../sysdeps/x86_64/fpu/multiarch/e_asin.c
fn=__asin_finite@GLIBC_2.15
27 1 0 0 1 0 0 0 0 0
fl=./math/../sysdeps/x86_64/fpu/multiarch/e_atan2.c
fn=__atan2_finite@GLIBC_2.15
26 1 0 0 1 0 0 0 0 0
fl=./math/../sysdeps/x86_64/fpu/multiarch/e_exp.c
fn=__exp_finite@GLIBC_2.15
27 1 0 0 1 0 0 0 0 0
fl=./math/../sysdeps/x86_64/fpu/multiarch/e_exp2f.c
fn=exp2f@@GLIBC_2.27
27 1 0 0 1 0 0 0 0 0
fl=./math/../sysdeps/x86_64/fpu/multiarch/e_expf.c
fn=expf@@GLIBC_2.27
27 1 0 0 1 0 0 0 0 0
fl=./math/../sysdeps/x86_64/fpu/multiarch/e_log.c
fn=__log_finite@GLIBC_2.15
27 1 0 0 1 0 0 0 0 0
fl=./math/../sysdeps/x86_64/fpu/multiarch/e_log2f.c
fn=log2f@@GLIBC_2.27
27 1 0 0 1 0 0 0 0 0
fl=./math/../sysdeps/x86_64/fpu/multiarch/e_logf.c
fn=logf@@GLIBC_2.27
27 1 0 0 1 0 0 0 0 0
fl=./math/../sysdeps/x86_64/fpu/multiarch/e_pow.c
fn=__pow_finite@GLIBC_2.15
27 1 0 0 1 0 0 0 0 0
fl=./math/../sysdeps/x86_64/fpu/multiarch/ifunc-avx-fma4.h
fn=__atan2_finite@GLIBC_2.15
32 5 1 1 2 0 0 0 0 0
33 2 1 1 1 0 0 0 0 0
fn=__exp_finite@GLIBC_2.15
32 5 2 2 2 0 0 0 0 0
33 2 0 0 1 0 0 0 0 0
fn=__log_finite@GLIBC_2.15
32 5 1 1 2 0 0 0 0 0
33 2 1 1 1 0 0 0 0 0
fn=cos
32 5 1 1 2 0 0 0 0 0
33 2 0 0 1 0 0 0 0 0
fn=sin
32 5 2 2 2 0 0 0 0 0
33 2 0 0 1 0 0 0 0 0
fl=./math/../sysdeps/x86_64/fpu/multiarch/ifunc-fma.h
fn=cosf
29 4 2 2 2 0 0 0 0 0
30 3 0 0 1 0 0 0 0 0
fn=exp2f@@GLIBC_2.27
29 4 1 1 2 0 0 0 0 0
30 3 1 1 1 0 0 0 0 0
fn=expf@@GLIBC_2.27
29 4 2 2 2 0 0 0 0 0
30 3 0 0 1 0 0 0 0 0
fn=log2f@@GLIBC_2.27
29 4 1 1 2 0 0 0 0 0
30 3 1 1 1 0 0 0 0 0
fn=logf@@GLIBC_2.27
29 4 1 1 2 0 0 0 0 0
30 3 0 0 1 0 0 0 0 0
fn=powf@@GLIBC_2.27
29 4 1 1 2 0 0 0 0 0
30 4 1 1 2 0 0 0 0 0
fn=sincosf
29 4 2 2 2 0 0 0 0 0
30 3 0 0 1 0 0 0 0 0
fn=sinf
29 4 1 1 2 0 0 0 0 0
30 3 0 0 1 0 0 0 0 0
fl=./math/../sysdeps/x86_64/fpu/multiarch/ifunc-fma4.h
fn=__acos_finite@GLIBC_2.15
31 4 1 1 2 0 0 0 0 0
32 2 0 0 1 0 0 0 0 0
35 1 0 0 1 0 0 0 0 0
fn=__asin_finite@GLIBC_2.15
31 4 1 1 2 0 0 0 0 0
32 2 0 0 1 0 0 0 0 0
fn=__pow_finite@GLIBC_2.15
31 4 1 1 2 0 0 0 0 0
32 2 0 0 1 0 0 0 0 0
fn=sincos
31 4 1 1 2 0 0 0 0 0
32 2 0 0 1 0 0 0 0 0
fl=./math/../sysdeps/x86_64/fpu/multiarch/s_cosf.c
fn=cosf
26 1 0 0 1 0 0 0 0 0
fl=./math/../sysdeps/x86_64/fpu/multiarch/s_fma.c
fn=fma
49 5 2 2 3 0 0 0 0 0
fl=./math/../sysdeps/x86_64/fpu/multiarch/s_sin.c
fn=cos
34 1 1 1 1 0 0 0 0 0
fn=sin
27 1 0 0 1 0 0 0 0 0
fl=./math/../sysdeps/x86_64/fpu/multiarch/s_sincos.c
fn=sincos
26 1 1 1 1 0 0 0 0 0
fl=./math/../sysdeps/x86_64/fpu/multiarch/s_sincosf.c
fn=sincosf
26 1 0 0 1 0 0 0 0 0
fl=./math/../sysdeps/x86_64/fpu/multiarch/s_sinf.c
fn=sinf
26 1 0 0 1 0 0 0 0 0
fl=./math/./w_log_template.c
fn=log@@GLIBC_2.29
32 9538497 3 3 0 0 0 0 0 0
41 3179499 0 0 0 0 0 0 0 0
fl=./misc/../sysdeps/unix/syscall-template.S
fn=mprotect
117 28 1 1 0 0 0 0 0 0
122 7 0 0 7 0 0 0 0 0
fn=munmap
117 4 0 0 0 0 0 0 0 0
122 1 0 0 1 0 0 0 0 0
fl=./misc/../sysdeps/unix/sysv/linux/brk.c
fn=brk
37 4 0 0 2 0 0 2 0 0
38 4 0 0 0 0 0 0 0 0
44 2 0 0 0 0 0 0 0 0
45 2 0 0 2 0 0 0 0 0
fl=./misc/../sysdeps/unix/sysv/linux/brk_call.h
fn=brk
24 4 1 1 0 0 0 0 0 0
fl=./misc/../sysdeps/unix/sysv/linux/mmap64.c
fn=mmap
47 27 2 2 0 0 0 0 0 0
50 54 0 0 0 0 0 0 0 0
58 108 0 0 0 0 0 0 0 0
60 27 0 0 27 0 0 0 0 0
fl=./misc/./misc/init-misc.c
fn=__init_misc
30 4 0 0 0 0 0 2 0 0
31 5 2 2 1 0 0 0 0 0
33 3 0 0 0 0 0 1 0 0
37 5 0 0 1 0 0 1 1 0
38 3 0 0 2 0 0 1 0 0
40 4 0 0 3 0 0 0 0 0
fl=./misc/./misc/sbrk.c
fn=sbrk
37 8 2 2 0 0 0 6 0 0
40 4 0 0 4 1 0 0 0 0
43 4 0 0 2 0 0 0 0 0
58 4 0 0 0 0 0 0 0 0
59 4 0 0 0 0 0 1 0 0
62 4 0 0 0 0 0 0 0 0
63 1 1 1 1 0 0 0 0 0
66 4 0 0 0 0 0 0 0 0
74 3 1 1 0 0 0 1 0 0
78 10 0 0 8 0 0 0 0 0
fl=./misc/./misc/tsearch.c
fn=tfind
372 3 1 1 0 0 0 3 0 0
376 2 0 0 0 0 0 0 0 0
377 1 1 1 0 0 0 0 0 0
382 6 0 0 1 1 1 0 0 0
394 5 0 0 4 0 0 0 0 0
fl=./nptl/../nptl/descr.h
fn=pthread_setcancelstate
426 1 0 0 0 0 0 0 0 0
fl=./nptl/../sysdeps/nptl/futex-internal.h
fn=__pthread_once_slow
209 8 1 1 0 0 0 0 0 0
fl=./nptl/../sysdeps/unix/sysv/linux/internal-signals.h
fn=pthread_kill@@GLIBC_2.34
53 1 1 1 0 0 0 0 0 0
fl=./nptl/../sysdeps/unix/sysv/linux/x86/elision-conf.c
fn=__lll_elision_init
96 5 1 1 1 0 0 2 0 0
101 5 0 0 0 0 0 1 0 0
103 4 1 1 0 0 0 1 0 0
105 4 0 0 0 0 0 1 0 0
107 4 0 0 0 0 0 1 0 0
109 4 1 1 0 0 0 1 0 0
113 3 0 0 1 1 1 0 0 0
114 1 0 0 0 0 0 1 1 1
115 6 0 0 4 0 0 0 0 0
fl=./nptl/./nptl/alloca_cutoff.c
fn=__libc_alloca_cutoff
28 351 6 6 39 3 3 0 0 0
35 39 0 0 39 0 0 0 0 0
fl=./nptl/./nptl/cleanup_compat.c
fn=_pthread_cleanup_pop@@GLIBC_2.34
43 2 1 1 1 0 0 1 0 0
47 2 0 0 0 0 0 0 0 0
49 1 0 0 1 0 0 0 0 0
fn=_pthread_cleanup_push@@GLIBC_2.34
28 1 1 1 0 0 0 1 0 0
29 1 0 0 0 0 0 1 0 0
30 2 0 0 1 1 0 1 0 0
32 1 0 0 0 0 0 1 0 0
33 1 0 0 1 0 0 0 0 0
fl=./nptl/./nptl/libc-cleanup.c
fn=__libc_cleanup_pop_restore
55 1 1 1 1 0 0 0 0 0
57 2 0 0 1 0 0 1 0 0
59 1 0 0 1 0 0 0 0 0
60 3 0 0 1 0 0 0 0 0
71 1 1 1 1 0 0 0 0 0
fn=__libc_cleanup_push_defer
25 1 1 1 1 0 0 0 0 0
27 2 1 1 1 0 0 1 0 0
29 2 0 0 1 0 0 0 0 0
32 2 0 0 0 0 0 0 0 0
46 3 0 0 0 0 0 1 0 0
48 1 0 0 0 0 0 1 0 0
49 1 0 0 1 0 0 0 0 0
fl=./nptl/./nptl/pthread_kill.c
fn=__pthread_kill_implementation
29 10 1 1 1 0 0 6 0 0
31 2 1 1 1 0 0 0 0 0
42 3 1 1 0 0 0 0 0 0
43 6 0 0 0 0 0 1 0 0
fn=pthread_kill@@GLIBC_2.34
78 2 0 0 0 0 0 0 0 0
86 2 0 0 0 0 0 0 0 0
fl=./nptl/./nptl/pthread_mutex_conf.c
fn=__pthread_tunables_init
50 5 2 2 1 0 0 2 0 0
51 5 0 0 0 0 0 1 0 0
53 4 0 0 0 0 0 1 0 0
55 6 1 1 4 0 0 0 0 0
fl=./nptl/./nptl/pthread_once.c
fn=__pthread_once_slow
68 9 1 1 1 0 0 4 0 0
76 1 0 0 1 0 0 0 0 0
80 2 0 0 0 0 0 0 0 0
88 2 1 1 1 1 1 0 0 0
92 2 0 0 1 0 0 0 0 0
101 4 0 0 0 0 0 0 0 0
114 13 2 2 0 0 0 7 0 0
116 1 0 0 0 0 0 1 0 0
118 3 0 0 0 0 0 1 0 0
124 1 0 0 0 0 0 1 0 0
132 9 0 0 6 0 0 0 0 0
fn=pthread_once@@GLIBC_2.34
139 53 8 4 53 4 3 0 0 0
140 106 0 0 0 0 0 0 0 0
143 1 0 0 0 0 0 0 0 0
144 104 0 0 52 0 0 0 0 0
fl=./nptl/./nptl/pthread_rwlock_common.c
fn=pthread_rwlock_rdlock@@GLIBC_2.34
298 12 2 2 6 4 4 0 0 0
310 9 0 0 3 0 0 0 0 0
353 9 0 0 6 0 0 0 0 0
370 6 0 0 0 0 0 0 0 0
390 6 0 0 0 0 0 0 0 0
391 3 0 0 0 0 0 0 0 0
fn=pthread_rwlock_unlock@@GLIBC_2.34
221 18 0 0 3 0 0 0 0 0
232 3 0 0 3 0 0 0 0 0
236 3 1 1 0 0 0 0 0 0
240 9 0 0 0 0 0 0 0 0
243 12 1 1 0 0 0 0 0 0
244 6 0 0 0 0 0 0 0 0
254 9 0 0 3 0 0 0 0 0
259 6 0 0 0 0 0 0 0 0
275 9 0 0 0 0 0 0 0 0
fl=./nptl/./nptl/pthread_rwlock_rdlock.c
fn=pthread_rwlock_rdlock@@GLIBC_2.34
23 9 0 0 0 0 0 9 0 0
29 15 0 0 12 0 0 0 0 0
fl=./nptl/./nptl/pthread_rwlock_unlock.c
fn=pthread_rwlock_unlock@@GLIBC_2.34
30 12 1 1 0 0 0 6 1 1
38 9 0 0 3 0 0 0 0 0
39 3 0 0 3 0 0 0 0 0
44 15 0 0 9 0 0 0 0 0
fl=./nptl/./nptl/pthread_self.c
fn=pthread_self
25 2 1 1 2 0 0 0 0 0
fl=./nptl/./nptl/pthread_setcancelstate.c
fn=pthread_setcancelstate
28 2 1 1 0 0 0 0 0 0
29 2 0 0 1 0 0 0 0 0
33 3 0 0 2 1 1 0 0 0
38 6 0 0 0 0 0 0 0 0
40 2 0 0 0 0 0 0 0 0
44 2 1 1 0 0 0 0 0 0
47 2 0 0 1 0 0 0 0 0
50 2 0 0 0 0 0 0 0 0
fl=./posix/../sysdeps/unix/syscall-template.S
fn=getpid
91 2 1 1 0 0 0 0 0 0
93 1 0 0 1 0 0 0 0 0
fl=./resource/../sysdeps/unix/sysv/linux/getrlimit64.c
fn=getrlimit
38 1 1 1 0 0 0 0 0 0
39 7 0 0 0 0 0 0 0 0
40 1 0 0 1 0 0 0 0 0
fl=./setjmp/../sysdeps/x86_64/bsd-_setjmp.S
fn=_setjmp
30 1 1 1 0 0 0 0 0 0
32 1 0 0 0 0 0 0 0 0
fl=./setjmp/../sysdeps/x86_64/setjmp.S
fn=__sigsetjmp
32 14 2 2 0 0 0 14 0 0
41 14 0 0 0 0 0 0 0 0
42 28 1 1 14 0 0 0 0 0
43 14 0 0 0 0 0 14 0 0
47 14 0 0 0 0 0 14 0 0
48 14 0 0 0 0 0 14 0 0
49 14 0 0 0 0 0 14 0 0
50 14 0 0 0 0 0 14 0 0
51 14 0 0 0 0 0 0 0 0
53 28 0 0 14 0 0 0 0 0
55 14 0 0 0 0 0 14 2 2
56 14 0 0 14 0 0 0 0 0
59 28 1 1 14 0 0 0 0 0
61 14 1 1 0 0 0 14 0 0
80 13 0 0 0 0 0 0 0 0
81 13 0 0 13 0 0 0 0 0
84 1 0 0 0 0 0 0 0 0
fl=./setjmp/./setjmp/sigjmp.c
fn=__sigjmp_save
28 2 0 0 0 0 0 1 0 0
29 1 0 0 0 0 0 1 0 0
30 2 0 0 0 0 0 0 0 0
34 3 0 0 2 0 0 0 0 0
fl=./signal/../sysdeps/posix/raise.c
fn=raise
25 2 1 1 0 0 0 1 0 0
26 4 0 0 0 0 0 2 0 0
fl=./stdio-common/../include/../locale/localeinfo.h
fn=__printf_fp_l
331 117 0 0 78 6 6 39 0 0
fl=./stdio-common/../include/rounding-mode.h
fn=__printf_fp_l
49 24 2 2 0 0 0 0 0 0
52 149 2 2 0 0 0 0 0 0
fl=./stdio-common/../libio/libioP.h
fn=__vfprintf_internal
940 205 0 0 0 0 0 41 0 0
942 250 0 0 0 0 0 0 0 0
943 250 4 3 56 0 0 0 0 0
fn=buffered_vfprintf
940 3 0 0 0 0 0 0 0 0
942 2 1 1 0 0 0 0 0 0
943 2 0 0 0 0 0 0 0 0
fl=./stdio-common/../sysdeps/generic/get-rounding-mode.h
fn=__printf_fp_l
94 39 2 2 0 0 0 39 0 0
95 273 3 3 39 0 0 0 0 0
fl=./stdio-common/../sysdeps/pthread/allocalim.h
fn=__printf_fp_l
27 78 0 0 0 0 0 39 0 0
29 195 3 3 0 0 0 39 0 0
fl=./stdio-common/./stdio-common/_itoa.c
fn=_itoa_word
163 1 0 0 0 0 0 0 0 0
166 4 1 1 0 0 0 0 0 0
168 4 0 0 0 0 0 0 0 0
177 29 1 1 2 1 1 2 0 0
186 2 1 1 1 0 0 0 0 0
fl=./stdio-common/./stdio-common/asprintf.c
fn=asprintf
26 10 2 2 1 0 0 5 0 0
30 6 1 1 0 0 0 4 0 0
31 3 0 0 0 0 0 1 0 0
35 5 0 0 3 0 0 0 0 0
fl=./stdio-common/./stdio-common/fxprintf.c
fn=__fxprintf
78 10 2 2 1 0 0 5 0 0
80 6 1 1 0 0 0 4 0 0
81 3 0 0 0 0 0 1 0 0
84 5 0 0 3 0 0 0 0 0
fn=__vfxprintf
67 4 1 1 0 0 0 2 0 0
68 2 0 0 0 0 0 0 0 0
69 3 1 1 2 1 1 0 0 0
70 13 1 1 7 0 0 1 0 0
71 2 0 0 0 0 0 1 0 0
72 12 0 0 5 0 0 2 0 0
74 4 0 0 3 0 0 0 0 0
fn=locked_vfxprintf
28 16 2 2 1 0 0 8 0 0
29 3 0 0 1 0 0 0 0 0
30 3 1 1 0 0 0 1 0 0
62 11 1 1 9 0 0 0 0 0
fl=./stdio-common/./stdio-common/printf-parse.h
fn=__vfprintf_internal
82 356 3 3 41 0 0 130 3 3
fl=./stdio-common/./stdio-common/printf_fp.c
fn=__printf_fp
1278 39 0 0 0 0 0 0 0 0
1279 195 3 3 78 0 0 0 0 0
fn=__printf_fp_l
216 624 5 5 39 0 0 351 6 6
233 39 0 0 0 0 0 39 0 0
234 39 0 0 0 0 0 39 0 0
257 39 0 0 0 0 0 39 3 3
266 195 0 0 39 0 0 39 0 0
274 39 3 3 0 0 0 39 0 0
277 78 0 0 0 0 0 0 0 0
280 78 0 0 39 3 3 39 0 0
298 117 0 0 39 0 0 0 0 0
341 39 3 3 0 0 0 39 0 0
387 78 0 0 0 0 0 0 0 0
388 78 0 0 39 0 0 39 0 0
392 78 3 3 0 0 0 0 0 0
396 663 9 9 117 6 6 39 3 3
400 39 3 3 0 0 0 0 0 0
418 117 6 6 39 0 0 0 0 0
432 195 3 3 39 0 0 0 0 0
433 39 0 0 0 0 0 0 0 0
434 78 0 0 0 0 0 0 0 0
437 273 3 3 0 0 0 39 0 0
438 156 0 0 0 0 0 39 0 0
439 156 3 3 0 0 0 39 0 0
445 39 0 0 0 0 0 39 0 0
446 78 0 0 0 0 0 0 0 0
649 78 3 3 0 0 0 0 0 0
652 39 0 0 0 0 0 39 0 0
662 39 0 0 0 0 0 0 0 0
665 195 3 3 0 0 0 39 3 3
666 195 3 3 78 0 0 78 0 0
669 39 0 0 0 0 0 39 0 0
670 195 0 0 39 0 0 39 0 0
675 468 3 3 0 0 0 0 0 0
677 936 0 0 468 15 15 0 0 0
684 5 1 1 2 0 0 0 0 0
685 2 0 0 1 0 0 0 0 0
686 1 0 0 1 1 1 0 0 0
688 1 0 0 1 0 0 0 0 0
690 5 0 0 0 0 0 1 0 0
693 6 1 1 2 0 0 1 0 0
697 6 0 0 2 0 0 0 0 0
698 2 0 0 0 0 0 0 0 0
699 4 0 0 0 0 0 0 0 0
706 5 0 0 1 0 0 0 0 0
728 3 0 0 0 0 0 0 0 0
736 3 2 2 0 0 0 1 0 0
737 4 0 0 1 0 0 0 0 0
742 3 0 0 0 0 0 0 0 0
745 3 0 0 1 0 0 0 0 0
746 2 2 2 0 0 0 0 0 0
753 1 0 0 0 0 0 0 0 0
756 5 0 0 0 0 0 0 0 0
769 4 0 0 0 0 0 0 0 0
779 2 1 1 1 0 0 1 0 0
782 3 0 0 1 0 0 1 0 0
787 468 0 0 0 0 0 0 0 0
789 2264 3 3 1 0 0 0 0 0
791 78 3 3 0 0 0 0 0 0
795 190 0 0 114 0 0 38 0 0
796 76 0 0 38 0 0 38 0 0
799 114 3 3 76 0 0 0 0 0
800 266 0 0 38 0 0 0 0 0
808 152 4 3 38 0 0 38 0 0
809 76 3 3 38 0 0 38 0 0
810 38 0 0 38 0 0 0 0 0
813 117 0 0 39 0 0 39 0 0
831 117 3 3 78 0 0 39 0 0
835 39 0 0 0 0 0 39 0 0
840 39 3 3 0 0 0 39 0 0
841 234 3 3 156 3 3 39 0 0
843 78 0 0 0 0 0 0 0 0
847 78 0 0 39 0 0 39 0 0
853 78 3 3 39 0 0 0 0 0
861 39 0 0 39 0 0 0 0 0
873 273 0 0 39 0 0 78 0 0
874 117 0 0 39 0 0 0 0 0
875 78 3 3 0 0 0 0 0 0
878 39 0 0 0 0 0 39 0 0
888 156 6 6 39 0 0 78 0 0
895 195 3 3 39 0 0 39 0 0
898 234 3 3 117 0 0 39 0 0
901 78 0 0 39 0 0 0 0 0
915 117 0 0 39 0 0 0 0 0
916 39 0 0 39 0 0 0 0 0
922 39 0 0 0 0 0 0 0 0
924 39 0 0 0 0 0 39 0 0
932 234 0 0 0 0 0 39 0 0
933 78 3 3 39 0 0 0 0 0
936 195 0 0 78 0 0 0 0 0
954 78 3 3 39 0 0 39 3 3
955 39 0 0 39 0 0 0 0 0
956 234 3 3 39 0 0 78 0 0
960 78 0 0 0 0 0 0 0 0
961 117 3 3 0 0 0 39 0 0
962 352 3 3 39 0 0 39 0 0
963 1644 0 0 548 0 0 0 0 0
965 235 0 0 0 0 0 0 0 0
966 705 0 0 235 0 0 470 0 0
967 235 0 0 0 0 0 0 0 0
969 1174 3 3 0 0 0 0 0 0
971 1 0 0 1 0 0 0 0 0
972 3 2 2 1 0 0 0 0 0
978 156 0 0 78 0 0 0 0 0
979 195 3 3 39 0 0 117 0 0
981 312 0 0 78 0 0 0 0 0
982 11 0 0 0 0 0 0 0 0
983 55 2 2 22 0 0 0 0 0
986 22 0 0 11 0 0 0 0 0
991 59 3 3 12 0 0 0 0 0
1003 44 0 0 0 0 0 0 0 0
1007 22 0 0 0 0 0 0 0 0
1008 119 1 1 24 0 0 0 0 0
1010 1 0 0 0 0 0 1 0 0
1011 1 0 0 0 0 0 0 0 0
1013 129 3 3 43 0 0 0 0 0
1014 63 0 0 0 0 0 21 0 0
1015 66 3 3 22 0 0 0 0 0
1017 44 0 0 0 0 0 22 0 0
1028 44 0 0 22 0 0 0 0 0
1039 39 2 2 0 0 0 0 0 0
1097 234 0 0 86 0 0 0 0 0
1099 3 0 0 0 0 0 0 0 0
1100 3 0 0 0 0 0 0 0 0
1104 78 0 0 0 0 0 0 0 0
1107 117 3 3 39 0 0 0 0 0
1120 117 6 6 39 0 0 0 0 0
1166 201 5 5 117 0 0 0 0 0
1168 312 6 6 39 0 0 78 0 0
1170 429 3 3 117 0 0 0 0 0
1174 396 3 3 108 0 0 72 0 0
1175 6 0 0 0 0 0 0 0 0
1177 6 0 0 0 0 0 0 0 0
1180 231 4 3 150 0 0 0 0 0
1188 117 6 6 39 0 0 0 0 0
1195 117 39 3 78 0 0 0 0 0
1200 156 13 3 39 0 0 78 0 0
1202 156 0 0 78 0 0 0 0 0
1203 78 0 0 0 0 0 0 0 0
1207 117 7 3 39 0 0 0 0 0
1209 78 0 0 39 0 0 0 0 0
1220 195 0 0 0 0 0 0 0 0
1221 78 0 0 0 0 0 39 0 0
1227 1632 6 6 234 0 0 195 0 0
1228 930 4 3 310 0 0 0 0 0
1229 156 0 0 39 0 0 39 0 0
1230 542 0 0 0 0 0 0 0 0
1233 542 0 0 0 0 0 271 0 0
1237 156 0 0 78 0 0 0 0 0
1254 4383 9 6 969 0 0 659 0 0
1257 78 3 3 39 0 0 0 0 0
1268 117 3 3 78 0 0 0 0 0
1272 468 4 3 351 0 0 0 0 0
fn=hack_digit
170 1096 3 3 0 0 0 548 3 3
173 3014 3 3 822 0 0 274 0 0
175 819 0 0 273 0 0 0 0 0
177 1092 3 3 819 0 0 0 0 0
178 1365 0 0 0 0 0 546 0 0
209 273 0 0 0 0 0 0 0 0
210 1370 0 0 822 0 0 0 0 0
fl=./stdio-common/./stdio-common/vfprintf-internal.c
fn=__vfprintf_internal
127 1253 4 4 0 0 0 0 0 0
192 4 2 2 0 0 0 0 0 0
239 679 2 2 235 5 5 97 0 0
351 117 0 0 0 0 0 0 0 0
352 117 0 0 0 0 0 0 0 0
354 78 4 3 0 0 0 39 0 0
684 462 3 3 0 0 0 336 7 7
714 210 0 0 126 0 0 84 4 4
718 41 3 3 0 0 0 41 0 0
722 210 7 6 42 0 0 0 0 0
726 210 0 0 84 0 0 0 0 0
737 84 0 0 0 0 0 0 0 0
740 8 1 1 4 0 0 0 0 0
744 82 0 0 0 0 0 41 0 0
748 164 0 0 82 0 0 82 4 4
752 41 0 0 0 0 0 41 0 0
759 41 0 0 0 0 0 41 2 2
763 164 3 3 0 0 0 82 3 3
767 205 0 0 82 0 0 0 0 0
771 123 4 3 82 0 0 0 0 0
775 328 0 0 123 9 9 41 0 0
795 48 0 0 0 0 0 48 0 0
796 48 0 0 0 0 0 48 0 0
797 48 0 0 0 0 0 48 0 0
798 48 0 0 0 0 0 48 0 0
799 48 0 0 0 0 0 0 0 0
802 48 0 0 0 0 0 0 0 0
803 48 0 0 0 0 0 0 0 0
804 48 0 0 0 0 0 48 0 0
805 48 0 0 0 0 0 0 0 0
806 48 0 0 0 0 0 48 0 0
807 48 0 0 0 0 0 0 0 0
810 48 0 0 0 0 0 48 0 0
811 96 0 0 0 0 0 48 0 0
817 720 8 6 144 8 6 48 0 0
896 1 0 0 1 0 0 0 0 0
925 117 6 6 39 0 0 39 0 0
926 117 0 0 39 0 0 0 0 0
930 117 9 6 0 0 0 78 0 0
931 156 0 0 39 0 0 0 0 0
946 273 0 0 78 0 0 39 0 0
949 234 3 3 39 0 0 0 0 0
967 546 3 3 117 6 6 0 0 0
1035 78 3 3 39 0 0 0 0 0
1038 1404 6 6 312 0 0 234 0 0
1058 429 9 9 117 0 0 78 0 0
1059 78 0 0 0 0 0 39 0 0
1062 78 3 3 0 0 0 0 0 0
1067 78 0 0 0 0 0 0 0 0
1086 48 0 0 48 0 0 0 0 0
1092 144 3 3 48 0 0 48 0 0
1096 192 3 3 0 0 0 0 0 0
1098 137 0 0 48 0 0 0 0 0
1111 82 4 3 41 0 0 0 0 0
1112 82 0 0 41 0 0 0 0 0
1115 499 4 3 375 0 0 0 0 0
fn=buffered_vfprintf
1716 12 1 1 1 0 0 6 0 0
1724 6 2 2 1 0 0 0 0 0
1728 1 0 0 0 0 0 1 1 1
1734 3 0 0 0 0 0 2 1 1
1735 1 0 0 0 0 0 1 0 0
1737 1 0 0 0 0 0 1 0 0
1742 1 0 0 0 0 0 1 1 1
1744 2 0 0 1 1 0 1 1 1
1745 2 1 1 0 0 0 1 0 0
1748 3 0 0 0 0 0 1 1 1
1751 6 1 1 1 0 0 3 0 0
1752 8 0 0 5 0 0 0 0 0
1764 5 1 1 2 0 0 0 0 0
1766 5 0 0 3 1 0 1 0 0
1767 3 0 0 0 0 0 0 0 0
1772 7 0 0 3 0 0 1 0 0
1773 2 1 1 0 0 0 1 0 0
1776 11 0 0 8 0 0 0 0 0
fl=./stdio-common/./stdio-common/vfprintf-process-arg.c
fn=__vfprintf_internal
66 1 1 1 0 0 0 1 0 0
67 1 0 0 0 0 0 0 0 0
92 2 0 0 0 0 0 1 0 0
93 1 0 0 0 0 0 1 0 0
94 3 1 1 0 0 0 2 0 0
134 3 1 1 1 0 0 0 0 0
136 2 1 1 0 0 0 0 0 0
138 2 1 1 0 0 0 0 0 0
139 7 0 0 2 0 0 1 0 0
144 2 1 1 0 0 0 0 0 0
164 12 1 1 1 0 0 3 0 0
166 6 0 0 2 0 0 0 0 0
169 5 0 0 2 0 0 0 0 0
174 9 2 1 2 0 0 0 0 0
178 5 1 1 1 0 0 0 0 0
180 3 0 0 1 0 0 0 0 0
182 3 1 1 1 0 0 0 0 0
184 5 1 1 1 0 0 0 0 0
188 5 0 0 3 0 0 0 0 0
191 2 0 0 1 0 0 0 0 0
194 2 0 0 0 0 0 0 0 0
204 2 0 0 0 0 0 0 0 0
210 1 0 0 0 0 0 0 0 0
213 2 0 0 0 0 0 0 0 0
288 2 0 0 1 0 0 0 0 0
302 7 2 2 3 0 0 1 0 0
305 3 0 0 1 0 0 0 0 0
307 2 1 0 0 0 0 0 0 0
309 2 1 1 0 0 0 0 0 0
310 2 0 0 0 0 0 1 0 0
363 56 2 2 21 0 0 7 0 0
368 14 1 1 0 0 0 0 0 0
382 49 2 2 7 0 0 0 0 0
392 14 0 0 0 0 0 0 0 0
397 28 1 1 0 0 0 7 0 0
419 21 1 1 7 0 0 0 0 0
429 14 0 0 0 0 0 0 0 0
fl=./stdlib/../sysdeps/ieee754/dbl-64/dbl2mpn.c
fn=__mpn_extract_double
33 78 0 0 0 0 0 0 0 0
35 39 3 3 0 0 0 0 0 0
37 117 3 3 0 0 0 39 0 0
38 195 0 0 0 0 0 39 0 0
47 117 0 0 0 0 0 39 0 0
56 117 0 0 0 0 0 0 0 0
103 78 3 3 0 0 0 39 0 0
107 78 0 0 39 0 0 0 0 0
fl=./stdlib/../sysdeps/unix/sysv/linux/getrandom.c
fn=getrandom
29 6 1 1 1 0 0 0 0 0
30 1 0 0 1 0 0 0 0 0
fl=./stdlib/../sysdeps/unix/sysv/linux/internal-signals.h
fn=abort
73 6 0 0 0 0 0 0 0 0
fl=./stdlib/../sysdeps/unix/sysv/linux/internal-sigset.h
fn=abort
94 1 0 0 0 0 0 1 0 0
fl=./stdlib/../sysdeps/x86_64/lshift.S
fn=__mpn_lshift
29 39 2 2 0 0 0 0 0 0
30 39 0 0 0 0 0 0 0 0
32 39 0 0 0 0 0 0 0 0
33 39 0 0 0 0 0 0 0 0
34 39 0 0 0 0 0 0 0 0
46 39 3 3 0 0 0 0 0 0
47 39 0 0 0 0 0 0 0 0
48 39 0 0 39 0 0 0 0 0
49 39 0 0 0 0 0 0 0 0
50 39 0 0 0 0 0 0 0 0
51 39 0 0 0 0 0 0 0 0
52 39 0 0 0 0 0 0 0 0
58 39 0 0 0 0 0 0 0 0
59 39 0 0 0 0 0 39 3 3
60 39 0 0 39 0 0 0 0 0
fl=./stdlib/../sysdeps/x86_64/mul_1.S
fn=__mpn_mul_1
32 312 3 3 0 0 0 312 0 0
35 312 0 0 0 0 0 0 0 0
36 312 0 0 312 0 0 0 0 0
37 312 0 0 0 0 0 0 0 0
38 312 0 0 0 0 0 0 0 0
39 312 0 0 0 0 0 0 0 0
41 312 3 3 0 0 0 0 0 0
42 312 0 0 0 0 0 0 0 0
44 312 0 0 0 0 0 0 0 0
45 312 0 0 0 0 0 0 0 0
46 312 0 0 0 0 0 0 0 0
47 312 0 0 0 0 0 0 0 0
48 273 0 0 0 0 0 0 0 0
50 273 0 0 0 0 0 0 0 0
51 273 0 0 0 0 0 0 0 0
52 273 0 0 0 0 0 273 0 0
53 273 0 0 0 0 0 0 0 0
79 39 3 3 0 0 0 0 0 0
80 39 0 0 0 0 0 0 0 0
81 39 0 0 0 0 0 0 0 0
82 39 0 0 0 0 0 0 0 0
83 39 0 0 0 0 0 0 0 0
84 39 0 0 0 0 0 0 0 0
85 39 3 3 39 0 0 0 0 0
86 39 0 0 0 0 0 0 0 0
87 39 0 0 0 0 0 0 0 0
113 39 3 3 0 0 0 0 0 0
114 39 0 0 0 0 0 0 0 0
115 39 0 0 0 0 0 0 0 0
117 39 0 0 0 0 0 39 0 0
118 39 0 0 0 0 0 0 0 0
119 39 0 0 0 0 0 0 0 0
120 39 3 3 0 0 0 39 0 0
121 39 0 0 0 0 0 0 0 0
122 312 0 0 0 0 0 0 0 0
124 312 0 0 312 0 0 0 0 0
127 312 0 0 312 0 0 0 0 0
fl=./stdlib/../sysdeps/x86_64/rshift.S
fn=__mpn_rshift
29 39 5 3 0 0 0 0 0 0
30 39 0 0 0 0 0 0 0 0
31 39 0 0 0 0 0 0 0 0
44 39 0 0 0 0 0 0 0 0
45 39 0 0 0 0 0 0 0 0
61 39 39 3 0 0 0 0 0 0
62 39 0 0 39 0 0 0 0 0
63 39 0 0 39 0 0 0 0 0
64 39 0 0 0 0 0 0 0 0
65 39 0 0 0 0 0 0 0 0
66 39 0 0 0 0 0 0 0 0
67 39 0 0 0 0 0 0 0 0
72 39 0 0 0 0 0 0 0 0
73 39 0 0 0 0 0 39 0 0
74 39 13 3 0 0 0 0 0 0
75 39 0 0 0 0 0 39 0 0
76 39 0 0 39 0 0 0 0 0
fl=./stdlib/./stdlib/abort.c
fn=abort
49 6 1 1 1 0 0 3 0 0
53 9 0 0 4 0 0 1 0 0
58 2 1 1 1 1 1 0 0 0
60 1 0 0 0 0 0 1 0 0
68 3 0 0 1 0 0 0 0 0
76 2 1 1 0 0 0 1 0 0
77 9 0 0 3 0 0 2 0 0
79 2 0 0 0 0 0 1 0 0
fl=./stdlib/./stdlib/cxa_atexit.c
fn=__cxa_atexit
70 22 2 1 0 0 0 0 0 0
fn=__internal_atexit
36 55 2 1 0 0 0 44 0 0
41 22 0 0 0 0 0 0 0 0
43 88 0 0 11 2 1 0 0 0
44 22 2 1 0 0 0 11 0 0
46 22 0 0 0 0 0 0 0 0
53 33 0 0 11 0 0 0 0 0
55 11 0 0 0 0 0 11 0 0
56 11 0 0 0 0 0 11 6 6
57 11 0 0 0 0 0 11 0 0
58 11 0 0 0 0 0 11 0 0
59 44 0 0 22 0 0 0 0 0
60 11 0 0 0 0 0 0 0 0
61 66 2 1 55 0 0 0 0 0
fn=__new_exitfn
82 44 0 0 0 0 0 22 0 0
83 11 0 0 0 0 0 0 0 0
88 22 1 1 11 2 1 0 0 0
93 59 0 0 12 2 0 0 0 0
95 44 1 1 11 0 0 0 0 0
96 50 0 0 10 1 0 0 0 0
103 1 0 0 0 0 0 1 0 0
106 20 0 0 0 0 0 0 0 0
124 1 0 0 0 0 0 0 0 0
125 1 1 1 0 0 0 1 0 0
131 30 0 0 0 0 0 0 0 0
132 20 0 0 0 0 0 10 0 0
136 1 0 0 0 0 0 0 0 0
138 11 1 1 0 0 0 11 0 0
139 11 0 0 11 0 0 0 0 0
143 55 0 0 33 0 0 0 0 0
fl=./stdlib/./stdlib/mul.c
fn=__mpn_mul
48 16 2 2 1 0 0 7 0 0
54 2 0 0 0 0 0 0 0 0
66 2 0 0 0 0 0 0 0 0
71 1 1 1 1 1 1 0 0 0
72 2 0 0 0 0 0 0 0 0
81 7 1 1 3 0 0 3 1 1
83 1 0 0 0 0 0 1 0 0
84 1 0 0 0 0 0 0 0 0
88 2 0 0 0 0 0 0 0 0
141 1 1 1 0 0 0 1 0 0
142 11 0 0 9 0 0 0 0 0
fl=./string/../include/rtld-malloc.h
fn=strdup
56 12 0 0 6 0 0 6 0 0
fl=./string/../string/strcspn.c
fn=strcspn
32 3 1 1 0 0 0 1 0 0
33 3 0 0 1 1 1 0 0 0
34 2 0 0 1 0 0 0 0 0
39 6 1 1 0 0 0 4 1 1
40 4 0 0 0 0 0 4 1 1
41 4 1 1 0 0 0 4 1 1
42 4 0 0 0 0 0 4 1 1
44 1 0 0 0 0 0 0 0 0
47 9 0 0 3 0 0 3 0 0
48 6 0 0 0 0 0 0 0 0
51 4 1 1 2 0 0 0 0 0
52 4 0 0 2 0 0 0 0 0
53 4 0 0 2 0 0 0 0 0
54 4 0 0 2 0 0 0 0 0
56 3 0 0 0 0 0 0 0 0
61 12 0 0 0 0 0 0 0 0
62 24 1 1 24 1 1 0 0 0
63 24 0 0 24 0 0 0 0 0
64 24 0 0 24 0 0 0 0 0
65 12 0 0 12 0 0 0 0 0
67 72 0 0 12 0 0 0 0 0
69 1 0 0 0 0 0 0 0 0
70 4 1 1 0 0 0 0 0 0
71 3 0 0 2 0 0 0 0 0
fl=./string/../sysdeps/x86/cacheinfo.c
fn=__x86_cacheinfo
86 2 0 0 1 0 0 0 0 0
fl=./string/../sysdeps/x86/cacheinfo.h
fn=__x86_cacheinfo
61 1 1 1 1 0 0 0 0 0
64 3 0 0 1 1 0 0 0 0
66 3 0 0 0 0 0 1 0 0
67 1 1 1 0 0 0 1 1 1
73 3 0 0 1 0 0 0 0 0
75 3 0 0 0 0 0 1 0 0
76 1 0 0 0 0 0 1 0 0
80 2 0 0 1 0 0 1 1 1
82 2 1 1 1 0 0 1 0 0
83 2 0 0 1 1 0 1 0 0
84 2 0 0 1 0 0 1 0 0
86 2 0 0 1 0 0 0 0 0
fl=./string/../sysdeps/x86_64/multiarch/../multiarch/memcmp-sse2.S
fn=bcmp
71 1 1 1 0 0 0 0 0 0
72 1 0 0 0 0 0 0 0 0
94 1 0 0 0 0 0 0 0 0
95 1 0 0 0 0 0 0 0 0
140 1 1 1 1 0 0 0 0 0
141 1 0 0 1 0 0 0 0 0
143 1 0 0 0 0 0 0 0 0
144 1 0 0 0 0 0 0 0 0
146 1 0 0 1 0 0 0 0 0
147 1 0 0 1 0 0 0 0 0
149 1 0 0 0 0 0 0 0 0
150 1 0 0 0 0 0 0 0 0
197 1 0 0 0 0 0 0 0 0
198 1 0 0 0 0 0 0 0 0
199 1 0 0 0 0 0 0 0 0
200 1 0 0 0 0 0 0 0 0
201 1 0 0 0 0 0 0 0 0
202 1 0 0 1 0 0 0 0 0
fl=./string/../sysdeps/x86_64/multiarch/../multiarch/memset-vec-unaligned-erms.S
fn=memset
141 55 1 1 0 0 0 0 0 0
146 11 0 0 0 0 0 0 0 0
147 11 0 0 0 0 0 0 0 0
150 9 0 0 0 0 0 0 0 0
151 9 0 0 0 0 0 0 0 0
153 1 0 0 0 0 0 1 1 1
154 1 0 0 0 0 0 1 0 0
155 1 0 0 1 0 0 0 0 0
189 4 0 0 0 0 0 4 0 0
190 4 0 0 0 0 0 4 0 0
192 4 0 0 4 0 0 0 0 0
252 8 0 0 0 0 0 8 4 4
253 8 0 0 0 0 0 8 2 2
265 8 0 0 0 0 0 0 0 0
268 8 0 0 0 0 0 0 0 0
269 8 1 1 0 0 0 0 0 0
281 4 0 0 0 0 0 4 1 1
282 4 0 0 0 0 0 4 2 2
295 4 0 0 0 0 0 0 0 0
296 4 0 0 0 0 0 0 0 0
298 4 0 0 0 0 0 0 0 0
301 3 0 0 0 0 0 0 0 0
304 6 0 0 0 0 0 0 0 0
307 87 0 0 0 0 0 87 56 56
308 87 0 0 0 0 0 87 0 0
309 87 0 0 0 0 0 87 29 29
310 87 0 0 0 0 0 87 0 0
311 87 0 0 0 0 0 0 0 0
312 87 0 0 0 0 0 0 0 0
313 87 0 0 0 0 0 0 0 0
316 4 0 0 0 0 0 4 1 1
317 4 0 0 0 0 0 4 0 0
318 4 1 0 0 0 0 4 0 0
319 4 0 0 0 0 0 4 1 1
324 4 0 0 4 0 0 0 0 0
358 2 1 1 0 0 0 0 0 0
360 2 0 0 0 0 0 0 0 0
361 2 0 0 0 0 0 0 0 0
400 2 0 0 0 0 0 2 2 2
401 2 0 0 0 0 0 2 0 0
403 2 0 0 2 0 0 0 0 0
fl=./string/../sysdeps/x86_64/multiarch/../multiarch/strchr-sse2.S
fn=index
33 28 1 1 0 0 0 0 0 0
34 28 0 0 0 0 0 0 0 0
35 28 0 0 0 0 0 0 0 0
36 28 0 0 0 0 0 0 0 0
37 28 0 0 0 0 0 0 0 0
38 28 0 0 0 0 0 0 0 0
39 28 0 0 0 0 0 0 0 0
40 28 0 0 0 0 0 0 0 0
41 28 0 0 28 3 3 0 0 0
42 28 0 0 0 0 0 0 0 0
43 28 0 0 0 0 0 0 0 0
44 28 0 0 0 0 0 0 0 0
45 28 0 0 0 0 0 0 0 0
46 28 0 0 0 0 0 0 0 0
47 28 0 0 0 0 0 0 0 0
48 28 1 1 0 0 0 0 0 0
49 28 0 0 0 0 0 0 0 0
50 24 0 0 0 0 0 0 0 0
54 24 0 0 0 0 0 0 0 0
55 24 0 0 0 0 0 0 0 0
56 24 0 0 24 0 0 0 0 0
57 24 0 0 0 0 0 0 0 0
59 24 0 0 24 0 0 0 0 0
63 4 0 0 4 0 0 0 0 0
64 4 0 0 0 0 0 0 0 0
65 4 0 0 0 0 0 0 0 0
66 4 0 0 0 0 0 0 0 0
67 4 0 0 0 0 0 0 0 0
68 4 0 0 0 0 0 0 0 0
69 4 0 0 4 0 0 0 0 0
70 4 0 0 0 0 0 0 0 0
71 4 0 0 0 0 0 0 0 0
72 4 1 1 0 0 0 0 0 0
73 4 0 0 0 0 0 0 0 0
74 4 0 0 0 0 0 0 0 0
75 4 0 0 0 0 0 0 0 0
76 4 0 0 4 2 2 0 0 0
77 4 0 0 0 0 0 0 0 0
78 4 0 0 0 0 0 0 0 0
79 4 0 0 0 0 0 0 0 0
80 4 0 0 0 0 0 0 0 0
81 4 0 0 0 0 0 0 0 0
82 4 0 0 0 0 0 0 0 0
83 4 0 0 0 0 0 0 0 0
84 4 0 0 0 0 0 0 0 0
85 4 0 0 0 0 0 0 0 0
86 4 0 0 0 0 0 0 0 0
138 4 1 1 0 0 0 0 0 0
142 4 0 0 0 0 0 0 0 0
143 4 0 0 0 0 0 0 0 0
144 4 0 0 4 0 0 0 0 0
145 4 0 0 0 0 0 0 0 0
147 4 0 0 4 0 0 0 0 0
fl=./string/../sysdeps/x86_64/multiarch/../multiarch/strcmp-sse2.S
fn=strcmp
131 2317 2 2 0 0 0 0 0 0
132 2317 0 0 0 0 0 0 0 0
134 2317 0 0 0 0 0 0 0 0
135 2317 0 0 0 0 0 0 0 0
156 2317 0 0 0 0 0 0 0 0
157 2317 0 0 0 0 0 0 0 0
158 1240 0 0 0 0 0 0 0 0
159 1240 0 0 0 0 0 0 0 0
160 1081 0 0 1081 101 44 0 0 0
161 1081 0 0 1081 25 15 0 0 0
162 1081 1 1 1081 0 0 0 0 0
163 1081 0 0 1081 0 0 0 0 0
180 1081 0 0 0 0 0 0 0 0
181 1081 0 0 0 0 0 0 0 0
182 1081 0 0 0 0 0 0 0 0
183 1081 0 0 0 0 0 0 0 0
184 1081 0 0 0 0 0 0 0 0
185 1081 0 0 0 0 0 0 0 0
186 1081 0 0 0 0 0 0 0 0
191 26 0 0 0 0 0 0 0 0
192 26 0 0 0 0 0 0 0 0
201 1262 1 1 0 0 0 0 0 0
202 1262 0 0 0 0 0 0 0 0
203 1262 0 0 0 0 0 0 0 0
204 1262 0 0 0 0 0 0 0 0
205 1262 4 3 0 0 0 0 0 0
206 1262 0 0 0 0 0 0 0 0
207 1262 0 0 0 0 0 0 0 0
208 1262 0 0 0 0 0 0 0 0
209 258 0 0 0 0 0 0 0 0
210 155 0 0 0 0 0 0 0 0
211 155 0 0 0 0 0 0 0 0
212 155 0 0 0 0 0 0 0 0
214 258 0 0 0 0 0 0 0 0
215 258 0 0 0 0 0 0 0 0
216 258 0 0 0 0 0 0 0 0
217 258 0 0 258 14 5 0 0 0
218 258 0 0 0 0 0 0 0 0
219 258 0 0 0 0 0 0 0 0
229 1004 0 0 1004 14 3 0 0 0
230 1004 0 0 0 0 0 0 0 0
231 1004 0 0 0 0 0 0 0 0
233 1004 0 0 1004 2 0 0 0 0
239 1004 2 2 0 0 0 0 0 0
240 1004 0 0 0 0 0 0 0 0
241 1004 0 0 0 0 0 0 0 0
242 1004 0 0 0 0 0 0 0 0
243 1004 0 0 0 0 0 0 0 0
248 1004 0 0 0 0 0 0 0 0
250 993 0 0 0 0 0 0 0 0
251 993 0 0 0 0 0 0 0 0
252 1986 0 0 0 0 0 0 0 0
260 993 0 0 993 11 2 0 0 0
261 993 0 0 993 1 0 0 0 0
264 993 0 0 0 0 0 0 0 0
265 993 2 2 0 0 0 0 0 0
266 993 0 0 0 0 0 0 0 0
267 993 0 0 0 0 0 0 0 0
268 993 0 0 0 0 0 0 0 0
269 993 0 0 0 0 0 0 0 0
300 11 2 2 0 0 0 0 0 0
301 11 0 0 11 0 0 0 0 0
302 11 0 0 11 0 0 0 0 0
303 11 0 0 0 0 0 0 0 0
304 11 0 0 0 0 0 0 0 0
306 11 0 0 0 0 0 0 0 0
307 11 0 0 0 0 0 0 0 0
308 11 0 0 0 0 0 0 0 0
309 11 0 0 0 0 0 0 0 0
310 11 0 0 0 0 0 0 0 0
311 11 0 0 0 0 0 0 0 0
312 11 0 0 0 0 0 0 0 0
313 1 1 1 1 0 0 0 0 0
316 1 0 0 0 0 0 0 0 0
317 1 0 0 0 0 0 0 0 0
318 1 0 0 0 0 0 0 0 0
324 1 0 0 0 0 0 0 0 0
325 1 0 0 0 0 0 0 0 0
326 2 0 0 0 0 0 0 0 0
330 1 0 0 0 0 0 0 0 0
331 1 0 0 0 0 0 0 0 0
334 1 0 0 1 0 0 0 0 0
335 1 1 1 1 0 0 0 0 0
336 1 0 0 0 0 0 0 0 0
338 1 0 0 0 0 0 0 0 0
339 1 0 0 0 0 0 0 0 0
340 1 0 0 0 0 0 0 0 0
344 1 0 0 0 0 0 0 0 0
345 1 0 0 0 0 0 0 0 0
346 1 0 0 0 0 0 0 0 0
347 1 0 0 0 0 0 0 0 0
348 1 0 0 0 0 0 0 0 0
349 1 0 0 0 0 0 0 0 0
424 5 1 1 0 0 0 0 0 0
425 5 0 0 5 1 1 0 0 0
426 5 0 0 5 1 1 0 0 0
427 5 0 0 0 0 0 0 0 0
428 5 0 0 0 0 0 0 0 0
430 5 0 0 0 0 0 0 0 0
431 5 0 0 0 0 0 0 0 0
432 5 0 0 0 0 0 0 0 0
433 5 0 0 0 0 0 0 0 0
434 5 0 0 0 0 0 0 0 0
435 5 0 0 0 0 0 0 0 0
436 5 0 0 0 0 0 0 0 0
437 2 1 1 2 0 0 0 0 0
440 2 0 0 0 0 0 0 0 0
441 2 0 0 0 0 0 0 0 0
442 2 0 0 0 0 0 0 0 0
448 2 0 0 0 0 0 0 0 0
449 2 0 0 0 0 0 0 0 0
450 4 0 0 0 0 0 0 0 0
454 2 0 0 0 0 0 0 0 0
455 2 0 0 0 0 0 0 0 0
458 2 0 0 2 0 0 0 0 0
459 2 1 1 2 0 0 0 0 0
460 2 0 0 0 0 0 0 0 0
462 2 0 0 0 0 0 0 0 0
463 2 0 0 0 0 0 0 0 0
464 2 0 0 0 0 0 0 0 0
468 2 0 0 0 0 0 0 0 0
469 2 0 0 0 0 0 0 0 0
470 2 0 0 0 0 0 0 0 0
471 2 0 0 0 0 0 0 0 0
472 2 0 0 0 0 0 0 0 0
473 2 0 0 0 0 0 0 0 0
542 3 2 1 0 0 0 0 0 0
543 3 0 0 3 0 0 0 0 0
544 3 0 0 3 1 1 0 0 0
545 3 0 0 0 0 0 0 0 0
546 3 0 0 0 0 0 0 0 0
548 3 0 0 0 0 0 0 0 0
549 3 0 0 0 0 0 0 0 0
550 3 0 0 0 0 0 0 0 0
551 3 0 0 0 0 0 0 0 0
552 3 0 0 0 0 0 0 0 0
553 3 0 0 0 0 0 0 0 0
554 3 0 0 0 0 0 0 0 0
555 3 2 1 3 0 0 0 0 0
559 3 0 0 0 0 0 0 0 0
560 3 0 0 0 0 0 0 0 0
561 3 0 0 0 0 0 0 0 0
567 3 0 0 0 0 0 0 0 0
568 3 0 0 0 0 0 0 0 0
569 6 0 0 0 0 0 0 0 0
573 3 0 0 0 0 0 0 0 0
574 3 0 0 0 0 0 0 0 0
577 3 0 0 3 0 0 0 0 0
578 3 1 1 3 0 0 0 0 0
579 3 0 0 0 0 0 0 0 0
581 3 0 0 0 0 0 0 0 0
582 3 0 0 0 0 0 0 0 0
583 3 0 0 0 0 0 0 0 0
587 3 0 0 0 0 0 0 0 0
588 3 0 0 0 0 0 0 0 0
589 3 0 0 0 0 0 0 0 0
590 3 0 0 0 0 0 0 0 0
591 3 0 0 0 0 0 0 0 0
592 3 0 0 0 0 0 0 0 0
661 5 2 1 0 0 0 0 0 0
662 5 0 0 5 2 2 0 0 0
663 5 0 0 5 2 1 0 0 0
664 5 0 0 0 0 0 0 0 0
665 5 0 0 0 0 0 0 0 0
667 5 0 0 0 0 0 0 0 0
668 5 0 0 0 0 0 0 0 0
669 5 0 0 0 0 0 0 0 0
670 5 0 0 0 0 0 0 0 0
671 5 0 0 0 0 0 0 0 0
672 5 0 0 0 0 0 0 0 0
673 5 0 0 0 0 0 0 0 0
674 5 2 1 5 0 0 0 0 0
678 5 0 0 0 0 0 0 0 0
679 5 0 0 0 0 0 0 0 0
680 5 0 0 0 0 0 0 0 0
686 5 0 0 0 0 0 0 0 0
687 5 0 0 0 0 0 0 0 0
688 10 0 0 0 0 0 0 0 0
692 5 0 0 0 0 0 0 0 0
693 5 0 0 0 0 0 0 0 0
696 5 0 0 5 1 1 0 0 0
697 5 2 1 5 1 1 0 0 0
698 5 0 0 0 0 0 0 0 0
700 5 0 0 0 0 0 0 0 0
701 5 0 0 0 0 0 0 0 0
702 5 0 0 0 0 0 0 0 0
706 5 0 0 0 0 0 0 0 0
707 5 0 0 0 0 0 0 0 0
708 5 0 0 0 0 0 0 0 0
709 5 0 0 0 0 0 0 0 0
710 5 0 0 0 0 0 0 0 0
711 5 0 0 0 0 0 0 0 0
718 1 0 0 0 0 0 0 0 0
719 1 0 0 0 0 0 0 0 0
721 1 0 0 0 0 0 0 0 0
722 1 0 0 0 0 0 0 0 0
724 1 1 1 1 0 0 0 0 0
725 1 0 0 1 0 0 0 0 0
726 1 0 0 0 0 0 0 0 0
728 1 0 0 0 0 0 0 0 0
729 1 0 0 0 0 0 0 0 0
730 1 0 0 0 0 0 0 0 0
734 1 0 0 0 0 0 0 0 0
735 1 0 0 0 0 0 0 0 0
736 1 0 0 0 0 0 0 0 0
737 1 0 0 0 0 0 0 0 0
738 1 0 0 0 0 0 0 0 0
739 1 0 0 0 0 0 0 0 0
780 12 3 1 0 0 0 0 0 0
781 12 0 0 12 1 0 0 0 0
782 12 0 0 12 3 2 0 0 0
783 12 0 0 0 0 0 0 0 0
784 12 0 0 0 0 0 0 0 0
786 12 0 0 0 0 0 0 0 0
787 12 0 0 0 0 0 0 0 0
788 12 0 0 0 0 0 0 0 0
789 12 0 0 0 0 0 0 0 0
790 12 0 0 0 0 0 0 0 0
791 12 0 0 0 0 0 0 0 0
792 12 0 0 0 0 0 0 0 0
793 10 3 1 10 0 0 0 0 0
797 10 0 0 0 0 0 0 0 0
798 10 0 0 0 0 0 0 0 0
799 10 0 0 0 0 0 0 0 0
805 10 0 0 0 0 0 0 0 0
806 10 0 0 0 0 0 0 0 0
807 20 0 0 0 0 0 0 0 0
811 11 0 0 0 0 0 0 0 0
812 11 0 0 0 0 0 0 0 0
815 11 0 0 11 7 6 0 0 0
816 11 2 1 11 1 1 0 0 0
817 11 0 0 0 0 0 0 0 0
819 11 0 0 0 0 0 0 0 0
820 11 0 0 0 0 0 0 0 0
821 11 0 0 0 0 0 0 0 0
825 11 0 0 0 0 0 0 0 0
826 11 0 0 0 0 0 0 0 0
827 11 0 0 0 0 0 0 0 0
828 11 0 0 0 0 0 0 0 0
829 11 0 0 0 0 0 0 0 0
830 11 0 0 0 0 0 0 0 0
837 2 0 0 0 0 0 0 0 0
838 2 0 0 0 0 0 0 0 0
840 2 0 0 0 0 0 0 0 0
841 2 0 0 0 0 0 0 0 0
843 2 1 1 2 0 0 0 0 0
844 2 0 0 2 1 1 0 0 0
845 2 0 0 0 0 0 0 0 0
847 2 0 0 0 0 0 0 0 0
848 2 0 0 0 0 0 0 0 0
849 2 0 0 0 0 0 0 0 0
853 2 0 0 0 0 0 0 0 0
854 2 0 0 0 0 0 0 0 0
855 2 0 0 0 0 0 0 0 0
856 2 0 0 0 0 0 0 0 0
857 2 0 0 0 0 0 0 0 0
858 2 0 0 0 0 0 0 0 0
865 1 0 0 0 0 0 0 0 0
866 1 0 0 0 0 0 0 0 0
867 1 1 1 0 0 0 0 0 0
899 18 2 1 0 0 0 0 0 0
900 18 0 0 18 4 1 0 0 0
901 18 0 0 18 5 1 0 0 0
902 18 0 0 0 0 0 0 0 0
903 18 0 0 0 0 0 0 0 0
905 18 0 0 0 0 0 0 0 0
906 18 0 0 0 0 0 0 0 0
907 18 0 0 0 0 0 0 0 0
908 18 0 0 0 0 0 0 0 0
909 18 0 0 0 0 0 0 0 0
910 18 0 0 0 0 0 0 0 0
911 18 0 0 0 0 0 0 0 0
912 15 2 1 15 0 0 0 0 0
916 15 0 0 0 0 0 0 0 0
917 15 0 0 0 0 0 0 0 0
918 15 0 0 0 0 0 0 0 0
924 15 0 0 0 0 0 0 0 0
925 15 0 0 0 0 0 0 0 0
926 30 0 0 0 0 0 0 0 0
930 15 0 0 0 0 0 0 0 0
931 15 0 0 0 0 0 0 0 0
934 15 0 0 15 2 1 0 0 0
935 15 2 1 15 4 1 0 0 0
936 15 0 0 0 0 0 0 0 0
938 15 0 0 0 0 0 0 0 0
939 15 0 0 0 0 0 0 0 0
940 15 0 0 0 0 0 0 0 0
944 15 0 0 0 0 0 0 0 0
945 15 0 0 0 0 0 0 0 0
946 15 0 0 0 0 0 0 0 0
947 15 0 0 0 0 0 0 0 0
948 15 0 0 0 0 0 0 0 0
949 15 0 0 0 0 0 0 0 0
1018 11 1 1 0 0 0 0 0 0
1019 11 0 0 11 2 0 0 0 0
1020 11 0 0 11 4 1 0 0 0
1021 11 0 0 0 0 0 0 0 0
1022 11 0 0 0 0 0 0 0 0
1024 11 0 0 0 0 0 0 0 0
1025 11 0 0 0 0 0 0 0 0
1026 11 0 0 0 0 0 0 0 0
1027 11 0 0 0 0 0 0 0 0
1028 11 0 0 0 0 0 0 0 0
1029 11 0 0 0 0 0 0 0 0
1030 11 0 0 0 0 0 0 0 0
1031 5 2 1 5 0 0 0 0 0
1035 5 0 0 0 0 0 0 0 0
1036 5 0 0 0 0 0 0 0 0
1037 5 0 0 0 0 0 0 0 0
1043 5 0 0 0 0 0 0 0 0
1044 5 0 0 0 0 0 0 0 0
1045 10 0 0 0 0 0 0 0 0
1049 5 0 0 0 0 0 0 0 0
1050 5 0 0 0 0 0 0 0 0
1053 5 0 0 5 2 1 0 0 0
1054 5 2 1 5 1 0 0 0 0
1055 5 0 0 0 0 0 0 0 0
1057 5 0 0 0 0 0 0 0 0
1058 5 0 0 0 0 0 0 0 0
1059 5 0 0 0 0 0 0 0 0
1063 5 0 0 0 0 0 0 0 0
1064 5 0 0 0 0 0 0 0 0
1065 5 0 0 0 0 0 0 0 0
1066 5 0 0 0 0 0 0 0 0
1067 5 0 0 0 0 0 0 0 0
1068 5 0 0 0 0 0 0 0 0
1075 1 0 0 0 0 0 0 0 0
1076 1 0 0 0 0 0 0 0 0
1078 1 0 0 0 0 0 0 0 0
1079 1 0 0 0 0 0 0 0 0
1081 1 1 1 1 0 0 0 0 0
1082 1 0 0 1 1 1 0 0 0
1083 1 0 0 0 0 0 0 0 0
1085 1 0 0 0 0 0 0 0 0
1086 1 0 0 0 0 0 0 0 0
1087 1 0 0 0 0 0 0 0 0
1091 1 0 0 0 0 0 0 0 0
1092 1 0 0 0 0 0 0 0 0
1093 1 0 0 0 0 0 0 0 0
1094 1 0 0 0 0 0 0 0 0
1095 1 0 0 0 0 0 0 0 0
1096 1 0 0 0 0 0 0 0 0
1137 6 1 1 0 0 0 0 0 0
1138 6 0 0 6 1 1 0 0 0
1139 6 0 0 6 2 1 0 0 0
1140 6 0 0 0 0 0 0 0 0
1141 6 0 0 0 0 0 0 0 0
1143 6 0 0 0 0 0 0 0 0
1144 6 0 0 0 0 0 0 0 0
1145 6 0 0 0 0 0 0 0 0
1146 6 0 0 0 0 0 0 0 0
1147 6 0 0 0 0 0 0 0 0
1148 6 0 0 0 0 0 0 0 0
1149 6 0 0 0 0 0 0 0 0
1150 4 1 1 4 0 0 0 0 0
1154 4 0 0 0 0 0 0 0 0
1155 4 0 0 0 0 0 0 0 0
1156 4 0 0 0 0 0 0 0 0
1162 4 0 0 0 0 0 0 0 0
1163 4 0 0 0 0 0 0 0 0
1164 8 0 0 0 0 0 0 0 0
1168 4 0 0 0 0 0 0 0 0
1169 4 0 0 0 0 0 0 0 0
1172 4 0 0 4 2 1 0 0 0
1173 4 1 1 4 0 0 0 0 0
1174 4 0 0 0 0 0 0 0 0
1176 4 0 0 0 0 0 0 0 0
1177 4 0 0 0 0 0 0 0 0
1178 4 0 0 0 0 0 0 0 0
1182 4 0 0 0 0 0 0 0 0
1183 4 0 0 0 0 0 0 0 0
1184 4 0 0 0 0 0 0 0 0
1185 4 0 0 0 0 0 0 0 0
1186 4 0 0 0 0 0 0 0 0
1187 4 0 0 0 0 0 0 0 0
1256 58 2 2 0 0 0 0 0 0
1257 58 0 0 58 4 1 0 0 0
1258 58 0 0 58 3 1 0 0 0
1259 58 0 0 0 0 0 0 0 0
1260 58 0 0 0 0 0 0 0 0
1262 58 0 0 0 0 0 0 0 0
1263 58 0 0 0 0 0 0 0 0
1264 58 0 0 0 0 0 0 0 0
1265 58 0 0 0 0 0 0 0 0
1266 58 0 0 0 0 0 0 0 0
1267 58 0 0 0 0 0 0 0 0
1268 58 0 0 0 0 0 0 0 0
1269 30 3 2 30 0 0 0 0 0
1273 30 0 0 0 0 0 0 0 0
1274 30 0 0 0 0 0 0 0 0
1275 30 0 0 0 0 0 0 0 0
1281 30 0 0 0 0 0 0 0 0
1282 30 0 0 0 0 0 0 0 0
1283 60 0 0 0 0 0 0 0 0
1287 31 0 0 0 0 0 0 0 0
1288 31 0 0 0 0 0 0 0 0
1291 31 0 0 31 3 1 0 0 0
1292 31 3 2 31 1 0 0 0 0
1293 31 0 0 0 0 0 0 0 0
1295 31 0 0 0 0 0 0 0 0
1296 31 0 0 0 0 0 0 0 0
1297 31 0 0 0 0 0 0 0 0
1301 31 0 0 0 0 0 0 0 0
1302 31 0 0 0 0 0 0 0 0
1303 31 0 0 0 0 0 0 0 0
1304 31 0 0 0 0 0 0 0 0
1305 31 0 0 0 0 0 0 0 0
1306 31 0 0 0 0 0 0 0 0
1313 2 0 0 0 0 0 0 0 0
1314 2 0 0 0 0 0 0 0 0
1316 2 0 0 0 0 0 0 0 0
1317 2 0 0 0 0 0 0 0 0
1319 2 1 1 2 0 0 0 0 0
1320 2 0 0 2 0 0 0 0 0
1321 2 0 0 0 0 0 0 0 0
1323 2 0 0 0 0 0 0 0 0
1324 2 0 0 0 0 0 0 0 0
1325 2 0 0 0 0 0 0 0 0
1329 2 0 0 0 0 0 0 0 0
1330 2 0 0 0 0 0 0 0 0
1331 2 0 0 0 0 0 0 0 0
1332 2 0 0 0 0 0 0 0 0
1333 2 0 0 0 0 0 0 0 0
1334 2 0 0 0 0 0 0 0 0
1341 1 0 0 0 0 0 0 0 0
1342 1 0 0 0 0 0 0 0 0
1343 1 1 1 0 0 0 0 0 0
1375 26 3 2 0 0 0 0 0 0
1376 26 0 0 26 4 1 0 0 0
1377 26 0 0 26 3 1 0 0 0
1378 26 0 0 0 0 0 0 0 0
1379 26 0 0 0 0 0 0 0 0
1381 26 0 0 0 0 0 0 0 0
1382 26 0 0 0 0 0 0 0 0
1383 26 0 0 0 0 0 0 0 0
1384 26 0 0 0 0 0 0 0 0
1385 26 0 0 0 0 0 0 0 0
1386 26 0 0 0 0 0 0 0 0
1387 26 0 0 0 0 0 0 0 0
1388 11 3 2 11 0 0 0 0 0
1392 11 0 0 0 0 0 0 0 0
1393 11 0 0 0 0 0 0 0 0
1394 11 0 0 0 0 0 0 0 0
1400 11 0 0 0 0 0 0 0 0
1401 11 0 0 0 0 0 0 0 0
1402 22 0 0 0 0 0 0 0 0
1406 11 0 0 0 0 0 0 0 0
1407 11 0 0 0 0 0 0 0 0
1410 11 0 0 11 3 1 0 0 0
1411 11 4 2 11 2 2 0 0 0
1412 11 0 0 0 0 0 0 0 0
1414 11 0 0 0 0 0 0 0 0
1415 11 0 0 0 0 0 0 0 0
1416 11 0 0 0 0 0 0 0 0
1420 11 0 0 0 0 0 0 0 0
1421 11 0 0 0 0 0 0 0 0
1422 11 0 0 0 0 0 0 0 0
1423 11 0 0 0 0 0 0 0 0
1424 11 0 0 0 0 0 0 0 0
1425 11 0 0 0 0 0 0 0 0
1494 17 2 1 0 0 0 0 0 0
1495 17 0 0 17 4 1 0 0 0
1496 17 0 0 17 3 2 0 0 0
1497 17 0 0 0 0 0 0 0 0
1498 17 0 0 0 0 0 0 0 0
1500 17 0 0 0 0 0 0 0 0
1501 17 0 0 0 0 0 0 0 0
1502 17 0 0 0 0 0 0 0 0
1503 17 0 0 0 0 0 0 0 0
1504 17 0 0 0 0 0 0 0 0
1505 17 0 0 0 0 0 0 0 0
1506 17 0 0 0 0 0 0 0 0
1507 11 6 2 11 0 0 0 0 0
1511 11 0 0 0 0 0 0 0 0
1512 11 0 0 0 0 0 0 0 0
1513 11 0 0 0 0 0 0 0 0
1519 11 0 0 0 0 0 0 0 0
1520 11 0 0 0 0 0 0 0 0
1521 22 0 0 0 0 0 0 0 0
1525 11 0 0 0 0 0 0 0 0
1526 11 0 0 0 0 0 0 0 0
1529 11 0 0 11 2 2 0 0 0
1530 11 3 1 11 3 0 0 0 0
1531 11 0 0 0 0 0 0 0 0
1533 11 0 0 0 0 0 0 0 0
1534 11 0 0 0 0 0 0 0 0
1535 11 0 0 0 0 0 0 0 0
1539 11 0 0 0 0 0 0 0 0
1540 11 0 0 0 0 0 0 0 0
1541 11 0 0 0 0 0 0 0 0
1542 11 0 0 0 0 0 0 0 0
1543 11 0 0 0 0 0 0 0 0
1544 11 0 0 0 0 0 0 0 0
1551 2 0 0 0 0 0 0 0 0
1552 2 0 0 0 0 0 0 0 0
1554 2 0 0 0 0 0 0 0 0
1555 2 0 0 0 0 0 0 0 0
1557 2 2 2 2 0 0 0 0 0
1558 2 0 0 2 0 0 0 0 0
1559 2 0 0 0 0 0 0 0 0
1561 2 0 0 0 0 0 0 0 0
1562 2 0 0 0 0 0 0 0 0
1563 2 0 0 0 0 0 0 0 0
1567 2 0 0 0 0 0 0 0 0
1568 2 0 0 0 0 0 0 0 0
1569 2 0 0 0 0 0 0 0 0
1570 2 0 0 0 0 0 0 0 0
1571 2 0 0 0 0 0 0 0 0
1572 2 0 0 0 0 0 0 0 0
1613 10 2 1 0 0 0 0 0 0
1614 10 0 0 10 0 0 0 0 0
1615 10 0 0 10 4 4 0 0 0
1616 10 0 0 0 0 0 0 0 0
1617 10 0 0 0 0 0 0 0 0
1619 10 0 0 0 0 0 0 0 0
1620 10 0 0 0 0 0 0 0 0
1621 10 0 0 0 0 0 0 0 0
1622 10 0 0 0 0 0 0 0 0
1623 10 0 0 0 0 0 0 0 0
1624 10 0 0 0 0 0 0 0 0
1625 10 0 0 0 0 0 0 0 0
1626 8 2 1 8 0 0 0 0 0
1630 8 0 0 0 0 0 0 0 0
1631 8 0 0 0 0 0 0 0 0
1632 8 0 0 0 0 0 0 0 0
1638 8 0 0 0 0 0 0 0 0
1639 8 0 0 0 0 0 0 0 0
1640 16 0 0 0 0 0 0 0 0
1644 9 0 0 0 0 0 0 0 0
1645 9 0 0 0 0 0 0 0 0
1648 9 0 0 9 4 3 0 0 0
1649 9 2 1 9 2 2 0 0 0
1650 9 0 0 0 0 0 0 0 0
1652 9 0 0 0 0 0 0 0 0
1653 9 0 0 0 0 0 0 0 0
1654 9 0 0 0 0 0 0 0 0
1658 9 0 0 0 0 0 0 0 0
1659 9 0 0 0 0 0 0 0 0
1660 9 0 0 0 0 0 0 0 0
1661 9 0 0 0 0 0 0 0 0
1662 9 0 0 0 0 0 0 0 0
1663 9 0 0 0 0 0 0 0 0
1670 2 0 0 0 0 0 0 0 0
1671 2 0 0 0 0 0 0 0 0
1673 2 0 0 0 0 0 0 0 0
1674 2 0 0 0 0 0 0 0 0
1676 2 2 1 2 1 1 0 0 0
1677 2 0 0 2 0 0 0 0 0
1678 2 0 0 0 0 0 0 0 0
1680 2 0 0 0 0 0 0 0 0
1681 2 0 0 0 0 0 0 0 0
1682 2 0 0 0 0 0 0 0 0
1686 2 0 0 0 0 0 0 0 0
1687 2 0 0 0 0 0 0 0 0
1688 2 0 0 0 0 0 0 0 0
1689 2 0 0 0 0 0 0 0 0
1690 2 0 0 0 0 0 0 0 0
1691 2 0 0 0 0 0 0 0 0
1698 1 0 0 0 0 0 0 0 0
1699 1 0 0 0 0 0 0 0 0
1700 1 1 1 0 0 0 0 0 0
1732 27 3 1 0 0 0 0 0 0
1733 27 0 0 27 4 2 0 0 0
1734 27 0 0 27 3 2 0 0 0
1735 27 0 0 0 0 0 0 0 0
1736 27 0 0 0 0 0 0 0 0
1738 27 0 0 0 0 0 0 0 0
1739 27 0 0 0 0 0 0 0 0
1740 27 0 0 0 0 0 0 0 0
1741 27 0 0 0 0 0 0 0 0
1742 27 0 0 0 0 0 0 0 0
1743 27 0 0 0 0 0 0 0 0
1744 27 0 0 0 0 0 0 0 0
1745 7 4 1 7 0 0 0 0 0
1749 7 0 0 0 0 0 0 0 0
1750 7 0 0 0 0 0 0 0 0
1751 7 0 0 0 0 0 0 0 0
1757 7 0 0 0 0 0 0 0 0
1758 7 0 0 0 0 0 0 0 0
1759 14 0 0 0 0 0 0 0 0
1763 9 0 0 0 0 0 0 0 0
1764 9 0 0 0 0 0 0 0 0
1767 9 0 0 9 0 0 0 0 0
1768 9 2 1 9 2 2 0 0 0
1769 9 0 0 0 0 0 0 0 0
1771 9 0 0 0 0 0 0 0 0
1772 9 0 0 0 0 0 0 0 0
1773 9 0 0 0 0 0 0 0 0
1777 9 0 0 0 0 0 0 0 0
1778 9 0 0 0 0 0 0 0 0
1779 9 0 0 0 0 0 0 0 0
1780 9 0 0 0 0 0 0 0 0
1781 9 0 0 0 0 0 0 0 0
1782 9 0 0 0 0 0 0 0 0
1789 2 0 0 0 0 0 0 0 0
1790 2 0 0 0 0 0 0 0 0
1792 2 0 0 0 0 0 0 0 0
1793 2 0 0 0 0 0 0 0 0
1795 2 1 1 2 1 1 0 0 0
1796 2 0 0 2 0 0 0 0 0
1797 2 0 0 0 0 0 0 0 0
1799 2 0 0 0 0 0 0 0 0
1800 2 0 0 0 0 0 0 0 0
1801 2 0 0 0 0 0 0 0 0
1805 2 0 0 0 0 0 0 0 0
1806 2 0 0 0 0 0 0 0 0
1807 2 0 0 0 0 0 0 0 0
1808 2 0 0 0 0 0 0 0 0
1809 2 0 0 0 0 0 0 0 0
1810 2 0 0 0 0 0 0 0 0
1817 2 0 0 0 0 0 0 0 0
1818 2 0 0 0 0 0 0 0 0
1819 2 1 1 0 0 0 0 0 0
1851 4 1 1 0 0 0 0 0 0
1852 4 0 0 4 0 0 0 0 0
1853 4 0 0 4 1 1 0 0 0
1854 4 0 0 0 0 0 0 0 0
1855 4 0 0 0 0 0 0 0 0
1857 4 0 0 0 0 0 0 0 0
1858 4 0 0 0 0 0 0 0 0
1859 4 0 0 0 0 0 0 0 0
1860 4 0 0 0 0 0 0 0 0
1861 4 0 0 0 0 0 0 0 0
1862 4 0 0 0 0 0 0 0 0
1863 4 0 0 0 0 0 0 0 0
1864 3 1 1 3 0 0 0 0 0
1868 3 0 0 0 0 0 0 0 0
1869 3 0 0 0 0 0 0 0 0
1870 3 0 0 0 0 0 0 0 0
1876 3 0 0 0 0 0 0 0 0
1877 3 0 0 0 0 0 0 0 0
1878 6 0 0 0 0 0 0 0 0
1882 3 0 0 0 0 0 0 0 0
1883 3 0 0 0 0 0 0 0 0
1886 3 0 0 3 1 1 0 0 0
1887 3 1 1 3 1 1 0 0 0
1888 3 0 0 0 0 0 0 0 0
1890 3 0 0 0 0 0 0 0 0
1891 3 0 0 0 0 0 0 0 0
1892 3 0 0 0 0 0 0 0 0
1896 3 0 0 0 0 0 0 0 0
1897 3 0 0 0 0 0 0 0 0
1898 3 0 0 0 0 0 0 0 0
1899 3 0 0 0 0 0 0 0 0
1900 3 0 0 0 0 0 0 0 0
1901 3 0 0 0 0 0 0 0 0
1970 45 1 1 0 0 0 0 0 0
1971 45 0 0 45 1 1 0 0 0
1972 45 0 0 45 3 0 0 0 0
1973 45 0 0 0 0 0 0 0 0
1974 45 0 0 0 0 0 0 0 0
1976 45 0 0 0 0 0 0 0 0
1977 45 0 0 0 0 0 0 0 0
1978 45 0 0 0 0 0 0 0 0
1979 45 0 0 0 0 0 0 0 0
1980 45 0 0 0 0 0 0 0 0
1981 45 0 0 0 0 0 0 0 0
1982 45 0 0 0 0 0 0 0 0
1984 13 1 1 13 0 0 0 0 0
1988 13 0 0 0 0 0 0 0 0
1989 13 0 0 0 0 0 0 0 0
1990 13 0 0 0 0 0 0 0 0
1996 13 0 0 0 0 0 0 0 0
1997 13 0 0 0 0 0 0 0 0
1999 26 0 0 0 0 0 0 0 0
2003 13 0 0 0 0 0 0 0 0
2004 13 0 0 0 0 0 0 0 0
2007 13 0 0 13 2 1 0 0 0
2008 13 1 1 13 4 4 0 0 0
2009 13 0 0 0 0 0 0 0 0
2011 13 0 0 0 0 0 0 0 0
2012 13 0 0 0 0 0 0 0 0
2013 13 0 0 0 0 0 0 0 0
2017 13 0 0 0 0 0 0 0 0
2018 13 0 0 0 0 0 0 0 0
2019 13 0 0 0 0 0 0 0 0
2020 13 0 0 0 0 0 0 0 0
2021 13 0 0 0 0 0 0 0 0
2022 13 0 0 0 0 0 0 0 0
2029 1 0 0 0 0 0 0 0 0
2030 1 0 0 0 0 0 0 0 0
2032 1 0 0 0 0 0 0 0 0
2033 1 0 0 0 0 0 0 0 0
2035 1 1 1 1 0 0 0 0 0
2036 1 0 0 1 0 0 0 0 0
2037 1 0 0 0 0 0 0 0 0
2039 1 0 0 0 0 0 0 0 0
2040 1 0 0 0 0 0 0 0 0
2041 1 0 0 0 0 0 0 0 0
2045 1 0 0 0 0 0 0 0 0
2046 1 0 0 0 0 0 0 0 0
2047 1 0 0 0 0 0 0 0 0
2048 1 0 0 0 0 0 0 0 0
2049 1 0 0 0 0 0 0 0 0
2050 1 0 0 0 0 0 0 0 0
2093 1121 1 1 0 0 0 0 0 0
2095 1262 0 0 0 0 0 0 0 0
2096 1262 0 0 0 0 0 0 0 0
2097 1262 0 0 0 0 0 0 0 0
2098 1262 0 0 0 0 0 0 0 0
2099 310 0 0 0 0 0 0 0 0
2104 2317 1 1 0 0 0 0 0 0
2110 2317 0 0 2317 0 0 0 0 0
2111 2317 0 0 2317 0 0 0 0 0
2119 2317 0 0 0 0 0 0 0 0
2120 2317 0 0 2317 0 0 0 0 0
fn=strncmp
125 1 1 1 0 0 0 0 0 0
126 1 0 0 0 0 0 0 0 0
127 1 0 0 0 0 0 0 0 0
128 1 0 0 0 0 0 0 0 0
129 1 0 0 0 0 0 0 0 0
131 1 0 0 0 0 0 0 0 0
132 1 0 0 0 0 0 0 0 0
134 1 0 0 0 0 0 0 0 0
135 1 0 0 0 0 0 0 0 0
156 1 0 0 0 0 0 0 0 0
157 1 0 0 0 0 0 0 0 0
158 1 0 0 0 0 0 0 0 0
159 1 0 0 0 0 0 0 0 0
160 1 0 0 1 0 0 0 0 0
161 1 0 0 1 0 0 0 0 0
162 1 0 0 1 0 0 0 0 0
163 1 0 0 1 0 0 0 0 0
180 1 1 1 0 0 0 0 0 0
181 1 0 0 0 0 0 0 0 0
182 1 0 0 0 0 0 0 0 0
183 1 0 0 0 0 0 0 0 0
184 1 0 0 0 0 0 0 0 0
185 1 0 0 0 0 0 0 0 0
186 1 0 0 0 0 0 0 0 0
2104 1 1 1 0 0 0 0 0 0
2107 1 0 0 0 0 0 0 0 0
2108 1 0 0 0 0 0 0 0 0
2110 1 0 0 1 0 0 0 0 0
2111 1 0 0 1 0 0 0 0 0
2119 1 0 0 0 0 0 0 0 0
2120 1 0 0 1 0 0 0 0 0
fl=./string/../sysdeps/x86_64/multiarch/../multiarch/strlen-sse2.S
fn=strlen
101 31 1 1 0 0 0 0 0 0
102 31 0 0 0 0 0 0 0 0
103 31 0 0 0 0 0 0 0 0
104 31 0 0 0 0 0 0 0 0
105 31 0 0 0 0 0 0 0 0
106 31 0 0 0 0 0 0 0 0
107 31 0 0 0 0 0 0 0 0
109 31 1 1 0 0 0 0 0 0
111 31 0 0 0 0 0 0 0 0
142 31 0 0 31 3 3 0 0 0
143 31 0 0 0 0 0 0 0 0
144 31 0 0 0 0 0 0 0 0
145 31 0 0 0 0 0 0 0 0
146 31 0 0 0 0 0 0 0 0
147 16 0 0 0 0 0 0 0 0
149 16 0 0 16 0 0 0 0 0
153 15 0 0 0 0 0 0 0 0
154 15 0 0 15 0 0 0 0 0
155 15 0 0 15 0 0 0 0 0
156 15 0 0 15 1 1 0 0 0
157 15 0 0 0 0 0 0 0 0
158 15 0 0 0 0 0 0 0 0
159 15 0 0 0 0 0 0 0 0
160 15 0 0 0 0 0 0 0 0
161 15 1 1 0 0 0 0 0 0
162 15 0 0 0 0 0 0 0 0
163 15 0 0 0 0 0 0 0 0
164 15 0 0 0 0 0 0 0 0
169 120 0 0 15 0 0 0 0 0
fl=./string/../sysdeps/x86_64/multiarch/ifunc-avx2.h
fn=memrchr
38 2 0 0 0 0 0 0 0 0
40 5 2 2 2 0 0 0 0 0
41 2 0 0 1 0 0 0 0 0
42 3 0 0 1 0 0 0 0 0
45 2 0 0 0 0 0 0 0 0
46 2 0 0 0 0 0 0 0 0
49 3 0 0 0 0 0 0 0 0
52 6 1 1 0 0 0 0 0 0
fn=rindex
38 2 0 0 0 0 0 0 0 0
40 5 0 0 2 0 0 0 0 0
41 2 1 1 1 0 0 0 0 0
42 3 0 0 1 0 0 0 0 0
45 2 0 0 0 0 0 0 0 0
46 2 0 0 0 0 0 0 0 0
49 3 0 0 0 0 0 0 0 0
52 6 1 1 0 0 0 0 0 0
fn=strchrnul
38 2 0 0 0 0 0 0 0 0
40 5 1 1 2 0 0 0 0 0
41 2 0 0 1 0 0 0 0 0
42 3 0 0 1 0 0 0 0 0
45 2 0 0 0 0 0 0 0 0
46 2 0 0 0 0 0 0 0 0
49 3 0 0 0 0 0 0 0 0
52 6 1 1 0 0 0 0 0 0
fn=strlen
38 4 0 0 0 0 0 0 0 0
40 10 2 1 4 0 0 0 0 0
41 4 0 0 2 0 0 0 0 0
42 6 2 1 2 0 0 0 0 0
45 4 0 0 0 0 0 0 0 0
46 4 0 0 0 0 0 0 0 0
49 6 0 0 0 0 0 0 0 0
52 12 0 0 0 0 0 0 0 0
fn=strnlen
38 4 0 0 0 0 0 0 0 0
40 10 1 1 4 1 0 0 0 0
41 4 1 1 2 0 0 0 0 0
42 6 0 0 2 0 0 0 0 0
45 4 0 0 0 0 0 0 0 0
46 4 0 0 0 0 0 0 0 0
49 6 0 0 0 0 0 0 0 0
52 12 1 1 0 0 0 0 0 0
fl=./string/../sysdeps/x86_64/multiarch/ifunc-evex.h
fn=memchr
37 4 0 0 0 0 0 0 0 0
38 10 2 2 4 1 1 0 0 0
39 6 0 0 2 0 0 0 0 0
42 4 0 0 0 0 0 0 0 0
43 4 2 2 0 0 0 0 0 0
45 4 0 0 0 0 0 0 0 0
51 6 0 0 0 0 0 0 0 0
54 8 0 0 0 0 0 0 0 0
fn=rawmemchr
37 2 0 0 0 0 0 0 0 0
38 5 1 1 2 0 0 0 0 0
39 3 0 0 1 0 0 0 0 0
42 2 0 0 0 0 0 0 0 0
43 2 1 1 0 0 0 0 0 0
45 2 0 0 0 0 0 0 0 0
51 3 0 0 0 0 0 0 0 0
54 4 0 0 0 0 0 0 0 0
fl=./string/../sysdeps/x86_64/multiarch/ifunc-memcmp.h
fn=bcmp
34 10 2 1 4 1 0 0 0 0
35 4 0 0 2 1 0 0 0 0
36 4 0 0 0 0 0 0 0 0
37 6 0 0 2 0 0 0 0 0
40 4 0 0 0 0 0 0 0 0
41 4 0 0 0 0 0 0 0 0
44 6 0 0 0 0 0 0 0 0
47 8 0 0 0 0 0 0 0 0
fl=./string/../sysdeps/x86_64/multiarch/ifunc-memmove.h
fn=memcpy@@GLIBC_2.14
56 6 0 0 0 0 0 0 0 0
57 9 6 4 6 0 0 0 0 0
60 9 0 0 3 1 0 0 0 0
61 6 3 2 0 0 0 0 0 0
74 6 0 0 0 0 0 0 0 0
77 6 0 0 0 0 0 0 0 0
85 6 0 0 0 0 0 0 0 0
93 6 3 2 0 0 0 0 0 0
96 15 3 2 3 0 0 0 0 0
fn=memmove
56 4 0 0 0 0 0 0 0 0
57 6 2 1 4 0 0 0 0 0
60 6 0 0 2 0 0 0 0 0
61 4 2 1 0 0 0 0 0 0
74 4 0 0 0 0 0 0 0 0
77 4 2 1 0 0 0 0 0 0
85 4 0 0 0 0 0 0 0 0
93 4 0 0 0 0 0 0 0 0
96 10 2 1 2 0 0 0 0 0
fn=mempcpy
56 2 0 0 0 0 0 0 0 0
57 3 0 0 2 0 0 0 0 0
60 3 1 1 1 0 0 0 0 0
61 2 1 1 0 0 0 0 0 0
74 2 0 0 0 0 0 0 0 0
77 2 0 0 0 0 0 0 0 0
85 2 0 0 0 0 0 0 0 0
93 2 0 0 0 0 0 0 0 0
96 5 0 0 1 0 0 0 0 0
fl=./string/../sysdeps/x86_64/multiarch/ifunc-memset.h
fn=memset
54 10 2 1 4 0 0 0 0 0
57 6 0 0 2 0 0 0 0 0
58 4 2 1 0 0 0 0 0 0
64 4 0 0 0 0 0 0 0 0
73 4 0 0 0 0 0 0 0 0
75 4 0 0 0 0 0 0 0 0
85 4 0 0 0 0 0 0 0 0
93 4 0 0 0 0 0 0 0 0
96 10 0 0 2 0 0 0 0 0
fl=./string/../sysdeps/x86_64/multiarch/ifunc-sse4_2.h
fn=strcspn
36 5 1 1 2 0 0 0 0 0
fn=strpbrk
36 5 0 0 2 1 0 0 0 0
fn=strspn
36 5 1 1 2 0 0 0 0 0
fl=./string/../sysdeps/x86_64/multiarch/ifunc-strcasecmp.h
fn=strcasecmp
36 2 0 0 0 0 0 0 0 0
37 4 1 1 2 0 0 0 0 0
38 3 1 1 1 0 0 0 0 0
41 2 0 0 0 0 0 0 0 0
42 2 0 0 0 0 0 0 0 0
45 3 0 0 0 0 0 0 0 0
48 5 0 0 0 0 0 0 0 0
fn=strcasecmp_l
36 2 0 0 0 0 0 0 0 0
37 4 1 1 2 0 0 0 0 0
38 3 1 1 1 0 0 0 0 0
41 2 0 0 0 0 0 0 0 0
42 2 0 0 0 0 0 0 0 0
45 3 0 0 0 0 0 0 0 0
48 5 1 1 0 0 0 0 0 0
fn=strncasecmp
36 2 0 0 0 0 0 0 0 0
37 4 1 1 2 0 0 0 0 0
38 3 1 1 1 0 0 0 0 0
41 2 0 0 0 0 0 0 0 0
42 2 0 0 0 0 0 0 0 0
45 3 0 0 0 0 0 0 0 0
48 5 0 0 0 0 0 0 0 0
fn=strncasecmp_l
36 2 0 0 0 0 0 0 0 0
37 4 2 2 2 0 0 0 0 0
38 3 1 1 1 0 0 0 0 0
41 2 0 0 0 0 0 0 0 0
42 2 0 0 0 0 0 0 0 0
45 3 0 0 0 0 0 0 0 0
48 5 0 0 0 0 0 0 0 0
fl=./string/../sysdeps/x86_64/multiarch/ifunc-strcpy.h
fn=stpcpy
38 4 1 1 2 0 0 0 0 0
39 3 0 0 1 0 0 0 0 0
42 2 0 0 0 0 0 0 0 0
43 2 0 0 0 0 0 0 0 0
46 3 0 0 0 0 0 0 0 0
49 3 0 0 0 0 0 0 0 0
fn=strcat
38 4 1 1 2 0 0 0 0 0
39 3 1 1 1 0 0 0 0 0
42 2 0 0 0 0 0 0 0 0
43 2 0 0 0 0 0 0 0 0
46 3 0 0 0 0 0 0 0 0
49 3 0 0 0 0 0 0 0 0
fn=strcpy
38 4 1 1 2 0 0 0 0 0
39 3 0 0 1 0 0 0 0 0
42 2 1 1 0 0 0 0 0 0
43 2 0 0 0 0 0 0 0 0
46 3 0 0 0 0 0 0 0 0
49 3 0 0 0 0 0 0 0 0
fl=./string/../sysdeps/x86_64/multiarch/ifunc-strncpy.h
fn=stpncpy
35 5 1 1 2 0 0 0 0 0
36 3 0 0 1 0 0 0 0 0
39 2 0 0 0 0 0 0 0 0
40 2 0 0 0 0 0 0 0 0
43 3 0 0 0 0 0 0 0 0
46 4 0 0 0 0 0 0 0 0
fn=strncpy
35 5 0 0 2 0 0 0 0 0
36 3 1 1 1 0 0 0 0 0
39 2 0 0 0 0 0 0 0 0
40 2 0 0 0 0 0 0 0 0
43 3 0 0 0 0 0 0 0 0
46 4 0 0 0 0 0 0 0 0
fl=./string/../sysdeps/x86_64/multiarch/memchr-avx2.S
fn=__memchr_avx2
68 39 3 3 0 0 0 0 0 0
70 39 0 0 0 0 0 0 0 0
73 39 0 0 0 0 0 0 0 0
74 39 0 0 0 0 0 0 0 0
76 39 0 0 0 0 0 0 0 0
77 39 0 0 0 0 0 0 0 0
78 39 0 0 0 0 0 0 0 0
79 39 0 0 0 0 0 0 0 0
82 39 0 0 39 0 0 0 0 0
83 39 0 0 0 0 0 0 0 0
86 39 0 0 0 0 0 0 0 0
87 39 0 0 0 0 0 0 0 0
101 39 3 3 0 0 0 0 0 0
106 39 0 0 0 0 0 0 0 0
113 39 0 0 0 0 0 0 0 0
114 39 0 0 0 0 0 0 0 0
115 39 0 0 0 0 0 0 0 0
116 39 0 0 39 0 0 0 0 0
fl=./string/../sysdeps/x86_64/multiarch/memchr.c
fn=memchr
29 2 0 0 2 0 0 0 0 0
fl=./string/../sysdeps/x86_64/multiarch/memcmp-avx2-movbe.S
fn=__memcmp_avx2_movbe
80 62 5 3 0 0 0 0 0 0
81 62 0 0 0 0 0 0 0 0
84 1 0 0 1 0 0 0 0 0
85 1 0 0 1 0 0 0 0 0
86 1 0 0 0 0 0 0 0 0
90 1 0 0 0 0 0 0 0 0
91 1 0 0 0 0 0 0 0 0
93 1 1 1 0 0 0 0 0 0
94 1 0 0 0 0 0 0 0 0
97 1 0 0 1 0 0 0 0 0
98 1 0 0 1 0 0 0 0 0
99 1 0 0 0 0 0 0 0 0
102 1 0 0 0 0 0 0 0 0
103 1 0 0 0 0 0 0 0 0
106 1 0 0 0 0 0 0 0 0
107 1 0 0 0 0 0 0 0 0
110 1 0 0 1 0 0 0 0 0
111 1 0 0 1 0 0 0 0 0
112 1 0 0 0 0 0 0 0 0
113 1 0 0 0 0 0 0 0 0
114 1 1 1 0 0 0 0 0 0
115 1 0 0 1 0 0 0 0 0
116 1 0 0 1 0 0 0 0 0
117 1 0 0 0 0 0 0 0 0
118 1 0 0 0 0 0 0 0 0
119 1 0 0 0 0 0 0 0 0
122 1 0 0 0 0 0 0 0 0
123 1 0 0 0 0 0 0 0 0
129 1 0 0 1 0 0 0 0 0
130 1 0 0 1 0 0 0 0 0
131 1 0 0 0 0 0 0 0 0
132 1 0 0 0 0 0 0 0 0
136 1 0 0 1 0 0 0 0 0
137 1 0 0 1 0 0 0 0 0
139 1 0 0 1 0 0 0 0 0
140 1 0 0 1 0 0 0 0 0
141 1 0 0 1 0 0 0 0 0
142 1 0 0 1 0 0 0 0 0
145 1 0 0 0 0 0 0 0 0
146 1 0 0 0 0 0 0 0 0
147 1 0 0 0 0 0 0 0 0
148 1 0 0 0 0 0 0 0 0
149 1 0 0 0 0 0 0 0 0
150 1 0 0 0 0 0 0 0 0
152 2 0 0 1 0 0 0 0 0
156 47 4 3 0 0 0 0 0 0
166 47 0 0 47 0 0 0 0 0
167 47 0 0 47 0 0 0 0 0
168 47 0 0 0 0 0 0 0 0
171 94 4 3 47 0 0 0 0 0
401 61 4 3 0 0 0 0 0 0
402 61 0 0 0 0 0 0 0 0
407 61 0 0 0 0 0 0 0 0
408 61 0 0 0 0 0 0 0 0
409 61 0 0 0 0 0 0 0 0
410 61 0 0 0 0 0 0 0 0
411 61 0 0 0 0 0 0 0 0
414 58 0 0 58 0 0 0 0 0
415 58 0 0 58 3 0 0 0 0
416 58 0 0 0 0 0 0 0 0
417 58 0 0 0 0 0 0 0 0
420 58 0 0 0 0 0 0 0 0
421 58 0 0 0 0 0 0 0 0
422 11 0 0 0 0 0 0 0 0
423 22 0 0 11 0 0 0 0 0
429 3 3 3 0 0 0 0 0 0
430 3 0 0 0 0 0 0 0 0
432 3 0 0 0 0 0 0 0 0
433 3 0 0 0 0 0 0 0 0
463 3 0 0 0 0 0 0 0 0
464 3 0 0 0 0 0 0 0 0
466 3 0 0 3 0 0 0 0 0
476 3 3 3 3 0 0 0 0 0
477 3 0 0 3 0 0 0 0 0
478 3 0 0 0 0 0 0 0 0
479 3 0 0 0 0 0 0 0 0
fl=./string/../sysdeps/x86_64/multiarch/memcmp.c
fn=bcmp
29 6 2 1 2 0 0 0 0 0
fl=./string/../sysdeps/x86_64/multiarch/memmove-vec-unaligned-erms.S
fn=__memcpy_avx_unaligned_erms
264 69 1 1 0 0 0 0 0 0
270 114 3 3 0 0 0 0 0 0
271 114 0 0 0 0 0 0 0 0
273 1 0 0 1 0 0 0 0 0
274 1 0 0 0 0 0 0 0 0
275 1 0 0 0 0 0 0 0 0
313 113 0 0 0 0 0 0 0 0
314 113 0 0 0 0 0 0 0 0
316 95 0 0 0 0 0 0 0 0
317 95 0 0 0 0 0 0 0 0
319 54 0 0 0 0 0 0 0 0
323 54 0 0 0 0 0 0 0 0
324 42 3 3 0 0 0 0 0 0
325 42 0 0 0 0 0 0 0 0
326 42 0 0 42 0 0 0 0 0
327 42 0 0 0 0 0 0 0 0
328 3 0 0 3 0 0 0 0 0
329 3 0 0 0 0 0 3 0 0
331 42 0 0 0 0 0 42 0 0
333 42 0 0 42 0 0 0 0 0
339 12 0 0 12 0 0 0 0 0
340 12 0 0 12 0 0 0 0 0
341 12 0 0 0 0 0 12 2 2
342 12 0 0 0 0 0 12 0 0
343 12 0 0 12 0 0 0 0 0
350 18 1 1 18 0 0 0 0 0
351 18 0 0 18 0 0 0 0 0
352 18 0 0 0 0 0 18 1 1
353 18 0 0 0 0 0 18 0 0
355 18 0 0 18 0 0 0 0 0
372 41 4 4 41 0 0 0 0 0
373 41 0 0 41 0 0 0 0 0
374 41 0 0 0 0 0 41 0 0
375 41 0 0 0 0 0 41 0 0
376 41 0 0 41 0 0 0 0 0
383 1 0 0 1 0 0 0 0 0
384 1 0 0 1 0 0 0 0 0
385 1 0 0 0 0 0 1 1 1
386 1 0 0 0 0 0 1 0 0
387 1 0 0 0 0 0 1 1 1
388 1 0 0 0 0 0 1 0 0
389 2 0 0 1 0 0 0 0 0
394 1 1 1 1 1 1 0 0 0
395 1 0 0 0 0 0 0 0 0
400 1 0 0 0 0 0 0 0 0
401 1 0 0 0 0 0 0 0 0
403 1 0 0 1 0 0 0 0 0
404 1 0 0 0 0 0 0 0 0
405 1 0 0 0 0 0 0 0 0
fn=__mempcpy_avx_unaligned_erms
251 45 3 3 0 0 0 0 0 0
252 45 0 0 0 0 0 0 0 0
253 45 0 0 0 0 0 0 0 0
fn=memcpy
219 33 1 1 0 0 0 0 0 0
225 78 0 0 0 0 0 0 0 0
226 78 0 0 0 0 0 0 0 0
228 33 0 0 33 3 2 0 0 0
229 33 0 0 0 0 0 0 0 0
230 33 0 0 0 0 0 0 0 0
232 16 0 0 16 0 0 0 0 0
233 16 0 0 0 0 0 16 4 4
234 16 0 0 0 0 0 16 0 0
236 16 0 0 16 0 0 0 0 0
316 45 1 1 0 0 0 0 0 0
317 45 0 0 0 0 0 0 0 0
319 13 0 0 0 0 0 0 0 0
323 13 0 0 0 0 0 0 0 0
324 8 0 0 0 0 0 0 0 0
325 8 0 0 0 0 0 0 0 0
326 3 0 0 3 2 2 0 0 0
327 3 0 0 0 0 0 0 0 0
328 2 0 0 2 0 0 0 0 0
329 2 0 0 0 0 0 2 0 0
331 3 0 0 0 0 0 3 1 1
333 8 0 0 8 0 0 0 0 0
339 5 0 0 5 0 0 0 0 0
340 5 0 0 5 0 0 0 0 0
341 5 0 0 0 0 0 5 0 0
342 5 0 0 0 0 0 5 0 0
343 5 0 0 5 0 0 0 0 0
372 32 0 0 32 0 0 0 0 0
373 32 0 0 32 0 0 0 0 0
374 32 0 0 0 0 0 32 7 7
375 32 0 0 0 0 0 32 1 1
376 32 1 1 32 0 0 0 0 0
383 14 0 0 14 0 0 0 0 0
384 14 0 0 14 0 0 0 0 0
385 14 0 0 0 0 0 14 3 3
386 14 0 0 0 0 0 14 3 3
387 14 0 0 0 0 0 14 2 2
388 14 0 0 0 0 0 14 0 0
389 14 0 0 14 0 0 0 0 0
400 17 0 0 0 0 0 0 0 0
401 17 0 0 0 0 0 0 0 0
403 14 0 0 14 0 0 0 0 0
404 14 0 0 0 0 0 0 0 0
405 14 0 0 0 0 0 0 0 0
425 3 1 1 0 0 0 0 0 0
426 3 0 0 0 0 0 0 0 0
430 3 0 0 0 0 0 0 0 0
432 3 1 1 0 0 0 0 0 0
448 3 0 0 0 0 0 0 0 0
451 3 0 0 0 0 0 0 0 0
453 3 0 0 0 0 0 0 0 0
455 3 0 0 0 0 0 0 0 0
459 3 0 0 0 0 0 0 0 0
460 3 0 0 0 0 0 0 0 0
469 3 0 0 3 3 3 0 0 0
470 3 0 0 3 1 1 0 0 0
472 3 0 0 0 0 0 0 0 0
474 3 0 0 0 0 0 0 0 0
475 3 0 0 3 0 0 0 0 0
476 3 0 0 3 2 2 0 0 0
479 3 0 0 0 0 0 0 0 0
481 3 0 0 0 0 0 0 0 0
483 3 0 0 0 0 0 0 0 0
485 3 1 1 0 0 0 0 0 0
491 10 0 0 10 0 0 0 0 0
492 10 0 0 10 4 4 0 0 0
493 10 0 0 10 0 0 0 0 0
494 10 0 0 10 2 2 0 0 0
495 10 0 0 0 0 0 0 0 0
496 10 0 0 0 0 0 10 2 2
497 10 0 0 0 0 0 10 4 4
498 10 0 0 0 0 0 10 0 0
499 10 0 0 0 0 0 10 6 6
500 10 0 0 0 0 0 0 0 0
501 10 0 0 0 0 0 0 0 0
502 10 0 0 0 0 0 0 0 0
504 3 0 0 0 0 0 3 2 2
505 3 0 0 0 0 0 3 0 0
506 3 0 0 0 0 0 3 0 0
507 3 0 0 0 0 0 3 0 0
509 3 0 0 0 0 0 3 0 0
513 3 1 1 3 0 0 0 0 0
fn=mempcpy
206 45 0 0 0 0 0 0 0 0
207 45 0 0 0 0 0 0 0 0
208 45 0 0 0 0 0 0 0 0
fl=./string/../sysdeps/x86_64/multiarch/memrchr.c
fn=memrchr
29 2 0 0 1 0 0 0 0 0
fl=./string/../sysdeps/x86_64/multiarch/memset-vec-unaligned-erms.S
fn=__memset_avx2_unaligned_erms
167 32 4 4 0 0 0 0 0 0
172 16 0 0 0 0 0 0 0 0
173 16 0 0 0 0 0 0 0 0
345 16 4 4 0 0 0 0 0 0
354 16 0 0 0 0 0 0 0 0
355 16 0 0 0 0 0 0 0 0
386 16 4 4 0 0 0 16 2 2
387 16 0 0 0 0 0 16 0 0
388 16 0 0 16 0 0 0 0 0
fl=./string/../sysdeps/x86_64/multiarch/rawmemchr.c
fn=rawmemchr
31 1 0 0 1 0 0 0 0 0
fl=./string/../sysdeps/x86_64/multiarch/stpcpy.c
fn=stpcpy
33 2 1 1 1 0 0 0 0 0
fl=./string/../sysdeps/x86_64/multiarch/stpncpy.c
fn=stpncpy
31 2 1 1 1 0 0 0 0 0
fl=./string/../sysdeps/x86_64/multiarch/strcasecmp.c
fn=strcasecmp
31 2 0 0 1 0 0 0 0 0
fl=./string/../sysdeps/x86_64/multiarch/strcasecmp_l.c
fn=strcasecmp_l
31 2 0 0 1 0 0 0 0 0
fl=./string/../sysdeps/x86_64/multiarch/strcat.c
fn=strcat
29 2 0 0 1 0 0 0 0 0
fl=./string/../sysdeps/x86_64/multiarch/strchr-avx2.S
fn=__strchrnul_avx2
55 89 3 3 0 0 0 0 0 0
56 89 0 0 0 0 0 0 0 0
57 89 0 0 0 0 0 0 0 0
58 89 0 0 0 0 0 0 0 0
59 89 0 0 0 0 0 0 0 0
62 89 0 0 0 0 0 0 0 0
63 89 0 0 0 0 0 0 0 0
67 89 3 3 89 3 3 0 0 0
68 89 0 0 0 0 0 0 0 0
69 89 0 0 0 0 0 0 0 0
70 89 0 0 0 0 0 0 0 0
71 89 0 0 0 0 0 0 0 0
72 89 0 0 0 0 0 0 0 0
73 89 0 0 0 0 0 0 0 0
74 89 0 0 0 0 0 0 0 0
87 89 0 0 0 0 0 0 0 0
89 178 0 0 89 0 0 0 0 0
fl=./string/../sysdeps/x86_64/multiarch/strchr.c
fn=index
42 2 0 0 0 0 0 0 0 0
43 4 1 1 2 0 0 0 0 0
44 3 1 1 1 0 0 0 0 0
47 2 0 0 0 0 0 0 0 0
48 2 0 0 0 0 0 0 0 0
51 3 0 0 0 0 0 0 0 0
54 3 0 0 0 0 0 0 0 0
65 2 1 1 1 0 0 0 0 0
fl=./string/../sysdeps/x86_64/multiarch/strchrnul.c
fn=strchrnul
31 2 0 0 1 0 0 0 0 0
fl=./string/../sysdeps/x86_64/multiarch/strcmp-avx2.S
fn=__strcmp_avx2
249 59 4 4 0 0 0 0 0 0
274 59 0 0 0 0 0 0 0 0
275 59 0 0 0 0 0 0 0 0
276 59 0 0 0 0 0 0 0 0
278 59 0 0 0 0 0 0 0 0
279 59 0 0 0 0 0 0 0 0
283 59 0 0 59 0 0 0 0 0
287 59 0 0 59 3 3 0 0 0
289 59 0 0 0 0 0 0 0 0
291 59 0 0 0 0 0 0 0 0
294 59 0 0 0 0 0 0 0 0
303 59 0 0 0 0 0 0 0 0
304 118 0 0 0 0 0 0 0 0
308 59 5 4 0 0 0 0 0 0
318 59 0 0 59 0 0 0 0 0
319 59 0 0 59 0 0 0 0 0
322 59 0 0 0 0 0 0 0 0
326 118 0 0 59 0 0 0 0 0
953 59 4 4 0 0 0 0 0 0
954 59 0 0 0 0 0 0 0 0
fl=./string/../sysdeps/x86_64/multiarch/strcmp.c
fn=strcmp
47 4 0 0 0 0 0 0 0 0
48 8 2 1 4 2 0 0 0 0
49 6 2 1 2 0 0 0 0 0
52 4 0 0 0 0 0 0 0 0
53 4 2 1 0 0 0 0 0 0
56 6 0 0 0 0 0 0 0 0
59 6 0 0 0 0 0 0 0 0
79 4 0 0 2 0 0 0 0 0
fl=./string/../sysdeps/x86_64/multiarch/strcpy-avx2.S
fn=__stpcpy_avx2
62 1 1 1 0 0 0 0 0 0
69 1 0 0 0 0 0 0 0 0
71 1 0 0 0 0 0 0 0 0
72 1 0 0 0 0 0 0 0 0
73 1 0 0 0 0 0 0 0 0
307 1 1 1 1 0 0 0 0 0
308 1 0 0 1 1 1 0 0 0
309 1 0 0 0 0 0 0 0 0
310 1 0 0 0 0 0 0 0 0
320 1 0 0 0 0 0 0 0 0
321 1 0 0 0 0 0 0 0 0
354 1 1 1 0 0 0 0 0 0
356 1 0 0 0 0 0 0 0 0
357 1 0 0 0 0 0 0 0 0
358 1 0 0 0 0 0 0 0 0
359 1 0 0 0 0 0 0 0 0
360 1 0 0 0 0 0 0 0 0
361 1 0 0 0 0 0 0 0 0
612 1 1 1 1 0 0 0 0 0
613 1 0 0 1 0 0 0 0 0
614 1 0 0 0 0 0 1 0 0
615 1 0 0 0 0 0 1 0 0
617 1 1 1 0 0 0 0 0 0
625 2 0 0 1 0 0 0 0 0
fn=__strcpy_avx2
62 1 1 1 0 0 0 0 0 0
64 1 0 0 0 0 0 0 0 0
69 1 0 0 0 0 0 0 0 0
71 1 0 0 0 0 0 0 0 0
72 1 0 0 0 0 0 0 0 0
73 1 1 1 0 0 0 0 0 0
75 1 0 0 0 0 0 0 0 0
76 1 0 0 0 0 0 0 0 0
78 1 0 0 1 0 0 0 0 0
79 1 0 0 0 0 0 0 0 0
80 1 0 0 0 0 0 0 0 0
94 1 0 0 0 0 0 0 0 0
95 1 0 0 0 0 0 0 0 0
97 1 0 0 1 0 0 0 0 0
98 1 0 0 0 0 0 0 0 0
105 1 0 0 0 0 0 0 0 0
106 1 0 0 0 0 0 0 0 0
108 1 0 0 1 0 0 0 0 0
109 2 0 0 0 0 0 1 0 0
114 1 1 1 0 0 0 0 0 0
120 1 0 0 0 0 0 0 0 0
121 1 0 0 1 0 0 0 0 0
122 1 0 0 0 0 0 1 0 0
123 1 0 0 1 0 0 0 0 0
124 1 0 0 0 0 0 0 0 0
125 1 0 0 0 0 0 0 0 0
126 1 0 0 0 0 0 0 0 0
131 1 0 0 0 0 0 0 0 0
135 1 0 0 0 0 0 0 0 0
138 1 0 0 0 0 0 1 1 1
139 1 0 0 1 0 0 0 0 0
140 1 0 0 0 0 0 0 0 0
141 1 1 1 0 0 0 0 0 0
142 1 0 0 0 0 0 0 0 0
147 1 0 0 0 0 0 0 0 0
151 1 0 0 0 0 0 0 0 0
349 1 1 1 0 0 0 0 0 0
352 1 0 0 0 0 0 0 0 0
354 1 0 0 0 0 0 0 0 0
356 1 0 0 0 0 0 0 0 0
357 1 0 0 0 0 0 0 0 0
358 1 0 0 0 0 0 0 0 0
359 1 0 0 0 0 0 0 0 0
360 1 0 0 0 0 0 0 0 0
361 1 1 1 0 0 0 0 0 0
362 1 0 0 0 0 0 0 0 0
363 1 0 0 0 0 0 0 0 0
595 1 1 1 1 0 0 0 0 0
596 1 0 0 0 0 0 1 0 0
597 1 0 0 1 0 0 0 0 0
598 1 0 0 0 0 0 1 0 0
608 2 0 0 1 0 0 0 0 0
fl=./string/../sysdeps/x86_64/multiarch/strcpy.c
fn=strcpy
29 2 0 0 1 0 0 0 0 0
fl=./string/../sysdeps/x86_64/multiarch/strcspn.c
fn=strcspn
29 1 1 1 1 0 0 0 0 0
fl=./string/../sysdeps/x86_64/multiarch/strlen-avx2.S
fn=__strlen_avx2
65 132 2 1 0 0 0 0 0 0
66 132 0 0 0 0 0 0 0 0
67 132 0 0 0 0 0 0 0 0
70 132 0 0 0 0 0 0 0 0
72 132 0 0 0 0 0 0 0 0
73 132 0 0 0 0 0 0 0 0
76 132 0 0 132 20 17 0 0 0
77 132 0 0 0 0 0 0 0 0
85 132 0 0 0 0 0 0 0 0
86 132 0 0 0 0 0 0 0 0
87 131 0 0 0 0 0 0 0 0
92 262 0 0 131 0 0 0 0 0
168 1 1 1 0 0 0 0 0 0
181 1 0 0 0 0 0 0 0 0
182 1 0 0 0 0 0 0 0 0
183 1 0 0 0 0 0 0 0 0
189 2 0 0 1 0 0 0 0 0
221 1 1 1 0 0 0 0 0 0
236 1 0 0 1 0 0 0 0 0
242 1 0 0 0 0 0 0 0 0
243 1 0 0 0 0 0 0 0 0
244 1 0 0 0 0 0 0 0 0
246 1 0 0 1 0 0 0 0 0
247 1 0 0 0 0 0 0 0 0
248 1 0 0 0 0 0 0 0 0
249 1 0 0 0 0 0 0 0 0
251 1 0 0 1 0 0 0 0 0
252 1 0 0 0 0 0 0 0 0
253 1 0 0 0 0 0 0 0 0
254 1 0 0 0 0 0 0 0 0
fl=./string/../sysdeps/x86_64/multiarch/strlen.c
fn=strlen
29 4 0 0 2 0 0 0 0 0
fl=./string/../sysdeps/x86_64/multiarch/strncase.c
fn=strncasecmp
31 2 0 0 1 0 0 0 0 0
fl=./string/../sysdeps/x86_64/multiarch/strncase_l.c
fn=strncasecmp_l
31 2 0 0 1 0 0 0 0 0
fl=./string/../sysdeps/x86_64/multiarch/strncmp.c
fn=strncmp
43 2 0 0 0 0 0 0 0 0
44 4 1 1 2 0 0 0 0 0
45 3 1 1 1 0 0 0 0 0
48 2 0 0 0 0 0 0 0 0
49 2 0 0 0 0 0 0 0 0
52 3 0 0 0 0 0 0 0 0
55 5 1 1 0 0 0 0 0 0
67 2 0 0 1 0 0 0 0 0
fl=./string/../sysdeps/x86_64/multiarch/strncpy.c
fn=strncpy
29 2 0 0 1 0 0 0 0 0
fl=./string/../sysdeps/x86_64/multiarch/strnlen.c
fn=strnlen
31 4 0 0 2 0 0 0 0 0
fl=./string/../sysdeps/x86_64/multiarch/strpbrk.c
fn=strpbrk
29 1 1 1 1 0 0 0 0 0
fl=./string/../sysdeps/x86_64/multiarch/strrchr-avx2.S
fn=__strrchr_avx2
54 1 1 1 0 0 0 0 0 0
55 1 0 0 0 0 0 0 0 0
57 1 0 0 0 0 0 0 0 0
58 1 0 0 0 0 0 0 0 0
62 1 0 0 0 0 0 0 0 0
63 1 0 0 0 0 0 0 0 0
64 1 0 0 0 0 0 0 0 0
67 1 0 0 1 1 0 0 0 0
69 1 0 0 0 0 0 0 0 0
70 1 0 0 0 0 0 0 0 0
71 1 0 0 0 0 0 0 0 0
72 1 1 1 0 0 0 0 0 0
75 1 0 0 0 0 0 0 0 0
76 1 0 0 0 0 0 0 0 0
78 1 0 0 0 0 0 0 0 0
79 1 0 0 0 0 0 0 0 0
80 1 0 0 0 0 0 0 0 0
81 1 0 0 0 0 0 0 0 0
82 1 0 0 0 0 0 0 0 0
91 2 0 0 1 0 0 0 0 0
fl=./string/../sysdeps/x86_64/multiarch/strrchr.c
fn=rindex
28 2 0 0 1 0 0 0 0 0
fl=./string/../sysdeps/x86_64/multiarch/strspn.c
fn=strspn
29 1 0 0 1 0 0 0 0 0
fl=./string/./string/strdup.c
fn=strdup
40 24 1 1 0 0 0 12 0 0
41 12 0 0 0 0 0 6 0 0
44 12 0 0 0 0 0 0 0 0
47 24 0 0 0 0 0 0 0 0
48 18 0 0 12 0 0 0 0 0
fl=./time/../sysdeps/unix/sysv/linux/clock_gettime.c
fn=clock_gettime@@GLIBC_2.17
38 389760 8 4 389760 7 4 0 0 0
40 389760 0 0 0 0 0 0 0 0
44 194880 0 0 0 0 0 0 0 0
68 389760 7 4 0 0 0 0 0 0
69 389760 0 0 0 0 0 0 0 0
86 194880 0 0 194880 0 0 0 0 0
fl=./wcsmbs/../sysdeps/x86_64/multiarch/ifunc-avx2.h
fn=wcschr
38 4 0 0 0 0 0 0 0 0
40 10 1 1 4 0 0 0 0 0
41 4 1 1 2 0 0 0 0 0
42 6 0 0 2 0 0 0 0 0
45 4 0 0 0 0 0 0 0 0
46 4 0 0 0 0 0 0 0 0
49 6 0 0 0 0 0 0 0 0
52 12 1 1 0 0 0 0 0 0
fn=wcscmp
38 2 1 1 0 0 0 0 0 0
40 5 0 0 2 0 0 0 0 0
41 2 0 0 1 0 0 0 0 0
42 3 0 0 1 0 0 0 0 0
45 2 0 0 0 0 0 0 0 0
46 2 0 0 0 0 0 0 0 0
49 3 0 0 0 0 0 0 0 0
52 6 1 1 0 0 0 0 0 0
fl=./wcsmbs/../sysdeps/x86_64/multiarch/ifunc-evex.h
fn=wmemchr
37 4 0 0 0 0 0 0 0 0
38 10 2 2 4 0 0 0 0 0
39 6 0 0 2 0 0 0 0 0
42 4 0 0 0 0 0 0 0 0
43 4 1 1 0 0 0 0 0 0
45 4 0 0 0 0 0 0 0 0
51 6 0 0 0 0 0 0 0 0
54 8 0 0 0 0 0 0 0 0
fl=./wcsmbs/../sysdeps/x86_64/multiarch/ifunc-memcmp.h
fn=wmemcmp
34 5 1 1 2 0 0 0 0 0
35 2 0 0 1 0 0 0 0 0
36 2 0 0 0 0 0 0 0 0
37 3 0 0 1 0 0 0 0 0
40 2 0 0 0 0 0 0 0 0
41 2 0 0 0 0 0 0 0 0
44 3 0 0 0 0 0 0 0 0
47 4 0 0 0 0 0 0 0 0
fl=./wcsmbs/../sysdeps/x86_64/multiarch/ifunc-wcslen.h
fn=wcslen
40 2 0 0 0 0 0 0 0 0
41 4 1 1 2 0 0 0 0 0
42 3 1 1 1 0 0 0 0 0
45 2 0 0 0 0 0 0 0 0
46 2 0 0 0 0 0 0 0 0
49 3 0 0 0 0 0 0 0 0
52 3 0 0 0 0 0 0 0 0
fn=wcsnlen
40 2 0 0 0 0 0 0 0 0
41 4 1 1 2 0 0 0 0 0
42 3 1 1 1 0 0 0 0 0
45 2 0 0 0 0 0 0 0 0
46 2 0 0 0 0 0 0 0 0
49 3 0 0 0 0 0 0 0 0
52 3 0 0 0 0 0 0 0 0
fl=./wcsmbs/../sysdeps/x86_64/multiarch/ifunc-wmemset.h
fn=wmemset
36 10 1 1 4 0 0 0 0 0
37 6 0 0 2 0 0 0 0 0
fl=./wcsmbs/../sysdeps/x86_64/multiarch/wcschr.c
fn=wcschr
31 4 0 0 2 0 0 0 0 0
fl=./wcsmbs/../sysdeps/x86_64/multiarch/wcscmp.c
fn=wcscmp
30 2 0 0 1 0 0 0 0 0
fl=./wcsmbs/../sysdeps/x86_64/multiarch/wcscpy.c
fn=wcscpy
38 5 1 1 2 0 0 0 0 0
44 1 0 0 1 0 0 0 0 0
fl=./wcsmbs/../sysdeps/x86_64/multiarch/wcslen.c
fn=wcslen
29 2 1 1 1 0 0 0 0 0
fl=./wcsmbs/../sysdeps/x86_64/multiarch/wcsnlen.c
fn=wcsnlen
30 2 1 1 1 0 0 0 0 0
fl=./wcsmbs/../sysdeps/x86_64/multiarch/wmemchr.c
fn=wmemchr
31 2 0 0 2 0 0 0 0 0
fl=./wcsmbs/../sysdeps/x86_64/multiarch/wmemcmp.c
fn=wmemcmp
29 3 1 1 1 0 0 0 0 0
fl=./wcsmbs/../sysdeps/x86_64/multiarch/wmemset.c
fn=wmemset
31 2 1 1 2 0 0 0 0 0
fl=./wcsmbs/./wcsmbs/btowc.c
fn=btowc
32 1792 1 1 256 0 0 1024 0 0
37 1792 1 1 0 0 0 0 0 0
42 512 0 0 0 0 0 0 0 0
46 384 1 1 384 1 0 0 0 0
47 256 0 0 256 1 0 0 0 0
49 256 0 0 128 1 0 0 0 0
54 512 1 1 128 0 0 0 0 0
57 1152 0 0 384 0 0 128 0 0
98 1536 0 0 1152 0 0 0 0 0
fl=./wcsmbs/./wcsmbs/wctob.c
fn=wctob
30 896 2 2 128 0 0 512 0 0
39 384 0 0 0 0 0 0 0 0
44 256 0 0 0 0 0 0 0 0
45 128 0 0 0 0 0 0 0 0
81 1024 0 0 768 0 0 0 0 0
fl=./wcsmbs/./wcsmbsload.h
fn=btowc
69 128 0 0 128 1 0 0 0 0
70 384 0 0 128 1 0 0 0 0
fl=./wctype/./wctype/wctype_l.c
fn=wctype_l
26 90 1 1 0 0 0 60 0 0
29 20 0 0 0 0 0 10 0 0
32 20 0 0 20 1 0 0 0 0
33 68 0 0 0 0 0 0 0 0
35 174 1 1 0 0 0 58 0 0
37 410 0 0 0 0 0 49 0 0
40 48 0 0 0 0 0 0 0 0
41 96 0 0 48 0 0 0 0 0
45 10 0 0 10 1 0 0 0 0
46 10 0 0 10 2 0 0 0 0
47 80 1 1 70 0 0 0 0 0
fl=/home/olaf/codingame/main.cpp
fn=_GLOBAL__sub_I__ZN10HurdleRace2dpE
132 7 3 2 2 0 0 2 0 0
fn=__static_initialization_and_destruction_0(int, int)
132 12 0 0 4 1 0 3 0 0
fn=main
22 13 1 1 1 0 0 8 0 0
24 2 0 0 0 0 0 1 0 0
26 3 0 0 0 0 0 1 0 0
27 2 0 0 0 0 0 1 0 0
28 3 0 0 0 0 0 1 0 0
29 2 1 1 0 0 0 1 0 0
35 10 6 6 3 0 0 4 0 0
39 68 8 8 20 3 3 0 0 0
40 36 0 0 0 0 0 12 0 0
44 144 4 4 36 0 0 36 0 0
46 48 0 0 24 0 0 12 0 0
50 108 0 0 0 0 0 36 0 0
52 48 4 4 24 0 0 12 2 1
56 108 0 0 0 0 0 36 0 0
58 48 0 0 24 0 0 12 0 0
62 108 4 4 0 0 0 36 0 0
64 48 0 0 24 0 0 12 0 0
68 12 0 0 4 0 0 0 0 0
73 4 0 0 4 0 0 0 0 0
74 8 0 0 4 0 0 0 0 0
76 120 4 4 20 0 0 0 0 0
77 32 0 0 0 0 0 16 0 0
80 336 0 0 0 0 0 0 0 0
81 224 0 0 0 0 0 112 0 0
83 32 0 0 0 0 0 16 0 0
91 6 3 3 3 3 2 3 0 0
97 15 0 0 0 0 0 3 0 0
107 9 0 0 6 0 0 0 0 0
108 15 3 3 3 0 0 6 0 0
123 51 3 3 12 0 0 0 0 0
130 3 0 0 0 0 0 0 0 0
fl=/home/olaf/codingame/mcts.hpp
fn=MCTS::mcts(MCTSNode*, State&, float&, float&, float&)
27 190897 0 0 0 0 0 190897 136386 60136
28 381794 0 0 0 0 0 190897 7208 2957
30 763588 0 0 0 0 0 0 0 0
32 1145382 3 3 0 0 0 381794 84588 84283
33 763588 0 0 0 0 0 381794 6570 6537
39 448943 6 6 40813 0 0 40813 0 0
40 7836096 0 0 0 0 0 0 0 0
41 2734471 3 3 0 0 0 2652845 2612032 2611455
62 184440 3 3 0 0 0 0 0 0
63 29811741 12 12 8603964 94293 13506 2867988 0 0
71 2012283 3 3 0 0 0 0 0 0
72 10816120 3 3 0 0 0 0 0 0
73 50977836 20 20 18781308 0 0 0 0 0
75 14714770 4 4 2012283 0 0 0 0 0
85 1525962 0 0 0 0 0 762981 0 0
86 1525962 3 3 762981 0 0 0 0 0
87 1433742 0 0 0 0 0 0 0 0
89 6866829 6 6 762981 0 0 0 0 0
91 2288943 0 0 762981 273292 70020 0 0 0
100 3051924 0 0 0 0 0 0 0 0
101 762981 0 0 0 0 0 0 0 0
103 5340867 0 0 762981 0 0 0 0 0
104 1525962 0 0 1525962 6 0 0 0 0
105 1525962 3 3 0 0 0 762981 0 0
106 2288943 0 0 0 0 0 762981 0 0
108 3051924 0 0 762981 0 0 0 0 0
109 762981 0 0 762981 0 0 0 0 0
110 1525962 0 0 0 0 0 762981 0 0
111 3051924 3 3 0 0 0 762981 0 0
113 2288943 0 0 762981 0 0 0 0 0
114 762981 0 0 762981 0 0 0 0 0
115 1525962 0 0 0 0 0 762981 0 0
116 2288943 0 0 0 0 0 762981 0 0
118 762981 0 0 762981 0 0 0 0 0
139 13407772 1 1 0 0 0 6703886 4849 43
142 11855 0 0 0 0 0 0 0 0
146 2865981 0 0 955327 0 0 0 0 0
157 961730 0 0 0 0 0 192346 0 0
158 192346 0 0 192346 0 0 0 0 0
162 1525962 0 0 762981 14471 1340 0 0 0
168 3814905 0 0 0 0 0 762981 74 1
169 1525962 0 0 0 0 0 0 0 0
170 6866829 3 3 762981 136754 17298 1525962 0 0
172 5340867 0 0 1525962 0 0 762981 0 0
174 3051924 3 3 3051924 0 0 0 0 0
175 7659213 0 0 6701515 0 0 0 0 0
fn=main
27 3976 0 0 0 0 0 3976 3515 806
28 3976 0 0 0 0 0 3976 246 31
30 3820 0 0 0 0 0 0 0 0
32 19877 3 3 0 0 0 7952 1925 1916
33 15904 0 0 0 0 0 7952 233 230
39 405 6 6 133 0 0 136 0 0
40 26928 0 0 0 0 0 0 0 0
41 9109 0 0 0 0 0 8840 8704 8646
50 60 9 9 15 0 0 0 0 0
52 39 3 3 3 0 0 0 0 0
62 3090 11 11 0 0 0 0 0 0
63 18105801 24 24 4672659 2981 36 2335371 0 0
71 2334432 3 3 0 0 0 1167216 0 0
72 6646560 8 8 0 0 0 0 0 0
73 47652626 59 59 16729452 0 0 5641222 0 0
75 8348880 5 5 1167216 0 0 0 0 0
85 779174 0 0 0 0 0 389587 0 0
86 779174 6 6 389587 0 0 0 0 0
87 779174 6 6 0 0 0 0 0 0
89 2142193 3 3 389587 0 0 0 0 0
91 2143111 3 3 389587 33029 1425 0 0 0
100 1168914 0 0 0 0 0 0 0 0
101 389587 3 3 0 0 0 0 0 0
103 3311260 0 0 389587 0 0 0 0 0
104 389587 3 3 389587 0 0 0 0 0
105 779174 0 0 0 0 0 389587 0 0
106 1168761 0 0 0 0 0 389587 0 0
108 1947782 0 0 389587 0 0 0 0 0
109 389587 0 0 389587 0 0 0 0 0
110 779174 0 0 0 0 0 389587 0 0
111 1363631 0 0 0 0 0 389587 0 0
113 1752912 3 3 389587 0 0 0 0 0
114 389587 0 0 389587 0 0 0 0 0
115 779174 0 0 0 0 0 389587 0 0
116 1168761 0 0 0 0 0 389587 0 0
118 389590 3 3 389590 9 0 0 0 0
119 389590 0 0 0 0 0 0 0 0
123 48 6 6 0 0 0 0 0 0
124 45 0 0 0 0 0 18 0 0
125 126 0 0 0 0 0 0 0 0
146 1753839 3 3 389743 0 0 0 0 0
157 765 1 1 459 0 0 153 0 0
158 459 0 0 153 0 0 0 0 0
159 153 0 0 0 0 0 0 0 0
162 779174 0 0 389587 1519 11 0 0 0
168 2921826 3 3 389587 0 0 389587 0 0
169 779174 0 0 0 0 0 0 0 0
170 2337369 3 3 389587 29348 1063 194717 0 0
172 1363019 3 3 389434 0 0 194717 0 0
174 1558654 6 6 1168914 0 0 0 0 0
179 6 0 0 0 0 0 3 0 0
180 3 0 0 0 0 0 3 3 3
183 3 3 3 0 0 0 3 0 0
184 6 0 0 0 0 0 0 0 0
187 3 0 0 3 0 0 0 0 0
191 194873 0 0 194873 0 0 0 0 0
198 12082126 16 16 6041063 0 0 6041063 5 2
201 1169233 4 3 194873 0 0 0 0 0
202 194870 1 1 194870 0 0 0 0 0
fl=/home/olaf/codingame/minigames/../random.hpp
fn=State::greedy_moves(signed char*) const
13 9991071 7 7 3330357 3 1 3330357 0 0
14 13321428 0 0 0 0 0 0 0 0
15 13321428 2 2 0 0 0 0 0 0
16 9991071 0 0 0 0 0 0 0 0
fn=State::play(signed char, signed char, signed char)
13 5496234 0 0 1832078 0 0 1832078 0 0
14 7328312 2 2 0 0 0 0 0 0
15 7328312 0 0 0 0 0 0 0 0
16 7328312 0 0 0 0 0 0 0 0
fl=/home/olaf/codingame/minigames/../utils.hpp
fn=main
8 90 0 0 0 0 0 0 0 0
11 75 1 1 0 0 0 0 0 0
14 62 2 2 4 0 0 0 0 0
17 32 2 2 3 0 0 3 3 2
21 5 1 1 0 0 0 1 0 0
fl=/home/olaf/codingame/minigames/archery.hpp
fn=State::get_stats(float&, float&, float&)
38 5261490 3 3 1169220 0 0 0 0 0
42 1901277 6 6 0 0 0 0 0 0
46 548361 5 5 0 0 0 0 0 0
fn=State::greedy_moves(signed char*) const
203 71037960 3 3 20296560 248978 258 0 0 0
fn=State::play(signed char, signed char, signed char)
56 5687896 1 1 2843948 0 0 0 0 0
63 4526552 0 0 2263276 0 0 0 0 0
66 45265520 0 0 15842932 2 2 6789828 0 0
67 31685864 3 3 13579656 0 0 6789828 0 0
69 13590892 0 0 0 0 0 11236 0 0
71 13557184 7 7 0 0 0 0 0 0
73 13579985 6 6 0 0 0 196 0 0
75 13579712 3 3 0 0 0 224 0 0
78 4526552 0 0 0 0 0 0 0 0
79 194873 0 0 0 0 0 194873 0 0
82 6205209 1 1 0 0 0 2068403 0 0
fn=main
87 1324 4 4 820 0 0 4 0 0
88 9020 0 0 0 0 0 1476 96 96
92 36 4 4 4 0 0 8 0 0
103 1492 4 4 12 0 0 0 0 0
106 2460 7 7 328 0 0 0 0 0
108 22316 19 19 4444 13 13 28 4 3
110 32428 57 57 4920 6 6 4136 30 25
112 8856 4 4 0 0 0 0 0 0
113 6192 4 4 656 0 0 2748 424 424
114 7832 16 16 1640 0 0 1764 20 9
117 4140 0 0 0 0 0 0 0 0
118 4900 8 8 692 0 0 364 70 39
121 15088 12 12 1148 0 0 656 328 328
129 271 9 9 166 3 1 16 0 0
130 13312 3 3 5280 0 0 32 0 0
131 591712 3 3 0 0 0 53792 0 0
136 128 0 0 96 9 1 0 0 0
138 15744 6 6 2624 0 0 0 0 0
143 165705 6 6 64 0 0 6947 834 538
144 53792 0 0 0 0 0 53792 3360 3360
145 53792 0 0 0 0 0 53792 3360 3360
147 5248 0 0 2624 0 0 0 0 0
148 107584 0 0 0 0 0 0 0 0
151 32800 6 6 9184 0 0 0 0 0
153 645504 3 3 0 0 0 0 0 0
155 1549600 15 15 216480 45 0 53856 0 0
157 430336 0 0 0 0 0 0 0 0
158 86678 3 3 0 0 0 86678 0 0
159 140470 0 0 0 0 0 86678 0 0
162 128490 3 3 0 0 0 0 0 0
163 63310 3 3 63310 0 0 0 0 0
166 813504 3 3 216512 54 0 107616 0 0
fl=/home/olaf/codingame/minigames/diving.hpp
fn=State::get_stats(float&, float&, float&)
30 1977000 6 6 584610 0 0 0 0 0
34 528525 2 2 0 0 0 0 0 0
fn=State::greedy_moves(signed char*) const
75 30444840 3 3 5074140 0 0 0 0 0
76 68698624 0 0 15222420 0 0 0 0 0
77 8204412 0 0 2734804 0 0 0 0 0
82 27920370 3 3 4244583 0 0 0 0 0
83 2452872 0 0 1226436 0 0 0 0 0
91 5029206 0 0 0 0 0 0 0 0
fn=State::play(signed char, signed char, signed char)
44 5687896 0 0 2843948 0 0 0 0 0
49 32002971 0 0 9428976 0 0 2120346 0 0
50 7643774 3 3 3821887 0 0 0 0 0
51 7643774 0 0 3821887 0 0 3821887 0 0
54 7071732 0 0 0 0 0 0 0 0
58 8280761 0 0 2357244 0 0 1129499 0 0
59 194873 0 0 0 0 0 194873 0 0
62 4324742 0 0 0 0 0 2162371 0 0
63 4324742 0 0 0 0 0 2162371 0 0
fl=/home/olaf/codingame/minigames/hurdle_race.hpp
fn=State::get_stats(float&, float&, float&)
37 1743488 3 3 440522 0 0 0 0 0
41 2111772 5 5 413058 0 0 0 0 0
fn=State::greedy_moves(signed char*) const
217 10148280 3 3 5074140 0 0 0 0 0
221 45667260 0 0 0 0 0 0 0 0
222 35518980 0 0 0 0 0 0 0 0
224 21578990 0 0 8631596 53 3 0 0 0
225 26447868 0 0 12947394 955 2 0 0 0
227 1106160 0 0 829620 3 0 0 0 0
231 16467060 3 3 4116765 410 1 0 0 0
232 8524550 0 0 4116765 14 1 0 0 0
234 582040 0 0 436530 0 0 0 0 0
242 8152294 3 3 4076147 3 1 0 0 0
fn=State::play(signed char, signed char, signed char)
51 5687896 0 0 2843948 0 0 0 0 0
55 55676 0 0 0 0 0 0 0 0
56 17584011 4 4 5861337 0 0 0 0 0
57 1940124 0 0 0 0 0 970062 0 0
60 9782550 0 0 0 0 0 0 0 0
61 8546982 6 6 4891275 0 0 1218569 0 0
64 7345412 0 0 0 0 0 0 0 0
65 3601350 0 0 0 0 0 1800675 0 0
68 3744062 0 0 0 0 0 0 0 0
69 3744062 6 6 0 0 0 1872031 0 0
70 3743575 0 0 2807803 0 0 935772 626 5
74 2528100 0 0 0 0 0 842700 0 0
79 1872518 0 0 936259 0 0 936259 1006 13
83 928586 0 0 0 0 0 42016 0 0
84 1714544 0 0 857272 0 0 857272 0 0
88 2445768 3 3 0 0 0 815256 0 0
93 12373644 4 4 7696444 0 0 4677200 2181 20
94 992640 0 0 0 0 0 496320 0 0
97 8789910 0 0 0 0 0 0 0 0
98 260576 0 0 0 0 0 158126 0 0
fn=main
109 3 0 0 0 0 0 3 1 1
111 3 0 0 0 0 0 3 0 0
113 3 0 0 0 0 0 3 1 1
115 3 0 0 0 0 0 3 0 0
117 15 3 3 0 0 0 3 0 0
119 345 0 0 0 0 0 42 0 0
121 87 3 3 0 0 0 87 3 2
122 210 0 0 0 0 0 126 2 2
123 87 0 0 0 0 0 87 0 0
130 16 2 1 0 0 0 0 0 0
133 261 6 6 87 0 0 0 0 0
134 421 0 0 0 0 0 0 0 0
139 445 0 0 35 0 0 0 0 0
142 138 3 3 45 0 0 42 0 0
143 180 0 0 0 0 0 0 0 0
149 174 0 0 0 0 0 0 0 0
150 15 0 0 0 0 0 0 0 0
157 129 3 3 0 0 0 42 0 0
163 174 0 0 0 0 0 0 0 0
164 8 0 0 0 0 0 0 0 0
168 158 0 0 35 0 0 0 0 0
169 16 0 0 0 0 0 0 0 0
172 49 6 6 0 0 0 0 0 0
173 340 3 3 34 0 0 0 0 0
175 77 0 0 37 0 0 0 0 0
182 1603 12 12 348 0 0 168 0 0
183 119 3 3 0 0 0 119 0 0
184 133 4 4 0 0 0 119 0 0
187 229 12 10 0 0 0 0 0 0
188 176 2 2 155 0 0 0 0 0
191 1353 9 7 306 0 0 261 2 1
fl=/home/olaf/codingame/minigames/roller_skating.hpp
fn=State::get_stats(float&, float&, float&)
113 2056681 2 2 584610 0 0 0 0 0
117 875214 4 4 0 0 0 0 0 0
fn=State::greedy_moves(signed char*) const
200 5074140 0 0 5074140 0 0 0 0 0
206 6745452 0 0 0 0 0 0 0 0
208 12400396 5 5 5178260 1818 28 0 0 0
211 6268768 0 0 1567192 4106 14 0 0 0
fn=State::play(signed char, signed char, signed char)
131 5687896 0 0 2843948 0 0 0 0 0
136 18242559 5 5 6080853 0 0 0 0 0
137 3677812 1 1 0 0 0 1838906 0 0
140 12212034 3 3 4070678 0 0 0 0 0
142 12212034 2 2 4070678 0 0 4070678 0 0
144 8141356 0 0 0 0 0 0 0 0
145 1657422 1 1 0 0 0 828711 0 0
146 2486133 0 0 0 0 0 828711 0 0
149 6483934 0 0 0 0 0 0 0 0
150 1911450 1 1 0 0 0 955725 0 0
153 4915022 0 0 0 0 0 0 0 0
154 2576720 0 0 0 0 0 1288360 0 0
155 3865080 0 0 0 0 0 1288360 0 0
160 7340764 3 3 0 0 0 0 0 0
161 43970569 5 5 3286862 0 0 0 0 0
162 17308764 0 0 1442397 0 0 0 0 0
163 989614 1 1 0 0 0 494807 0 0
166 5472258 1 1 0 0 0 0 0 0
167 19911761 3 3 1418356 0 0 0 0 0
168 6676891 4 4 513607 0 0 0 0 0
169 943552 0 0 0 0 0 471776 0 0
172 7460454 1 1 0 0 0 0 0 0
173 43589536 3 3 3406552 0 0 0 0 0
174 14910016 1 1 1355456 0 0 0 0 0
175 1248648 2 2 0 0 0 624324 0 0
179 12161706 0 0 6080853 0 0 0 0 0
180 932583 0 0 0 0 0 932583 0 0
184 6080853 3 3 2026951 0 0 0 0 0
185 194873 0 0 0 0 0 194873 0 0
189 3664156 0 0 0 0 0 1832078 0 0
191 21984936 3 3 1832078 3 3 1832078 0 0
fl=/home/olaf/codingame/state.hpp
fn=MCTS::mcts(MCTSNode*, State&, float&, float&, float&)
33 2825446 3 3 1891572 0 0 0 0 0
34 515318 2 2 257659 0 0 0 0 0
35 389434 0 0 194717 0 0 0 0 0
36 10198394 7 7 4141499 0 0 0 0 0
183 1115106 0 0 557553 0 0 0 0 0
184 178038 0 0 59346 0 0 0 0 0
185 384692 3 3 0 0 0 0 0 0
268 5067777 0 0 0 0 0 1689259 1474 7
269 8446295 0 0 5067777 0 0 1689259 0 0
fn=State::get_stats(float&, float&, float&)
41 584610 3 2 0 0 0 389740 0 0
45 389740 0 0 194870 0 0 0 0 0
48 1364090 4 4 389740 0 0 194870 0 0
52 389740 0 0 194870 0 0 0 0 0
55 1448374 3 3 426602 1 1 194870 0 0
59 389740 0 0 194870 0 0 0 0 0
61 194870 0 0 0 0 0 0 0 0
62 1431299 1 1 538806 2 1 194870 0 0
66 389740 3 3 194870 0 0 0 0 0
68 194870 0 0 0 0 0 0 0 0
69 1227058 4 4 533025 0 0 194870 0 0
73 584610 0 0 0 0 0 0 0 0
74 584610 0 0 0 0 0 0 0 0
75 584610 3 3 0 0 0 0 0 0
79 389740 0 0 0 0 0 0 0 0
83 1558960 0 0 0 0 0 194870 0 0
84 1169220 0 0 0 0 0 194870 0 0
85 974350 0 0 0 0 0 194870 0 0
96 584610 0 0 584610 0 0 0 0 0
fn=State::greedy_moves(signed char*) const
189 16913800 3 3 0 0 0 10148280 0 0
190 21987940 5 5 0 0 0 0 0 0
194 30419822 0 0 0 0 0 0 0 0
199 33621563 0 0 0 0 0 0 0 0
200 56044960 6 6 26490600 0 0 0 0 0
211 40593120 1 1 0 0 0 0 0 0
212 51595908 5 5 25797954 0 0 0 0 0
220 10148280 0 0 0 0 0 0 0 0
223 26981808 6 6 0 0 0 0 0 0
224 21053418 0 0 10118178 0 0 0 0 0
235 27361034 1 1 3579652 0 0 0 0 0
236 22786001 1 1 10738956 0 0 0 0 0
252 32518540 0 0 0 0 0 0 0 0
254 13604967 6 6 0 0 0 10518631 0 0
257 19190238 0 0 0 0 0 0 0 0
263 13531040 0 0 11839660 0 0 0 0 0
fn=State::play(signed char, signed char, signed char)
272 8531844 3 3 0 0 0 5687896 0 0
273 8531844 0 0 0 0 0 8531844 0 0
279 2843948 0 0 2843948 0 0 0 0 0
280 8531844 0 0 8531844 0 0 0 0 0
fn=main
33 692079 3 3 540911 0 0 0 0 0
34 366 0 0 183 0 0 0 0 0
35 312 0 0 156 0 0 0 0 0
36 1567144 7 7 393829 0 0 0 0 0
101 8 0 0 0 0 0 0 0 0
102 1 0 0 0 0 0 1 0 0
105 9 5 5 0 0 0 3 0 0
106 114 8 8 0 0 0 2 0 0
107 90 8 8 28 0 0 0 0 0
108 79 7 7 12 4 4 0 0 0
113 18 3 3 9 0 0 9 0 0
114 21 0 0 9 0 0 9 2 1
117 3 0 0 0 0 0 3 0 0
122 8 0 0 0 0 0 0 0 0
126 12 0 0 0 0 0 8 0 0
128 44 0 0 0 0 0 0 0 0
129 57 5 5 22 5 5 7 1 0
133 24 4 4 12 0 0 12 0 0
134 24 0 0 12 0 0 12 0 0
137 12 1 1 0 0 0 4 0 0
142 8 0 0 0 0 0 0 0 0
148 21 9 9 9 0 0 3 0 0
152 18 0 0 9 3 0 9 0 0
153 18 3 3 9 0 0 9 0 0
156 6 0 0 3 0 0 3 3 2
159 3 0 0 0 0 0 3 0 0
162 6 0 0 0 0 0 0 0 0
166 3 0 0 0 0 0 3 0 0
168 3 0 0 0 0 0 3 0 0
169 156 0 0 3 0 0 0 0 0
170 123 4 4 63 0 0 0 0 0
174 18 0 0 9 2 0 9 0 0
175 18 0 0 9 1 0 9 0 0
178 3 0 0 0 0 0 3 0 0
180 3 0 0 0 0 0 0 0 0
183 1356 0 0 678 0 0 0 0 0
184 54 0 0 27 0 0 0 0 0
185 313 6 6 0 0 0 0 0 0
268 8484 6 6 4242 0 0 2121 0 0
269 10605 3 3 6363 0 0 2121 0 0
fl=/home/olaf/codingame/timer.hpp
fn=main
10 20 4 4 0 0 0 14 1 1
11 3 0 0 0 0 0 0 0 0
15 194876 0 0 0 0 0 194876 0 0
fl=/usr/include/c++/12/bits/basic_ios.h
fn=main
49 6 0 0 0 0 0 0 0 0
450 6 0 0 6 0 0 0 0 0
fl=/usr/include/c++/12/bits/basic_string.h
fn=main
200 24 0 0 0 0 0 12 0 0
204 12 3 3 0 0 0 12 3 3
229 40 3 3 0 0 0 40 2 2
234 106 3 3 72 3 0 0 0 0
241 62 7 7 0 0 0 25 0 0
285 108 0 0 0 0 0 0 0 0
292 4 0 0 2 0 0 0 0 0
420 24 0 0 0 0 0 0 0 0
795 72 6 6 0 0 0 36 0 0
1064 10 3 3 10 0 0 0 0 0
1071 12 3 3 12 0 0 0 0 0
3601 34 8 8 4 0 0 15 3 2
3888 15 0 0 6 0 0 3 0 0
fn=std::__cxx11::basic_string<char, std::char_traits<char>, std::allocator<char> >::_Alloc_hider::~_Alloc_hider()
192 216 1 1 72 0 0 72 0 0
fl=/usr/include/c++/12/bits/basic_string.tcc
fn=main
221 12 0 0 0 0 0 12 0 0
223 24 3 3 0 0 0 0 0 0
247 12 3 3 12 0 0 0 0 0
fl=/usr/include/c++/12/bits/char_traits.h
fn=main
354 40 0 0 0 0 0 40 0 0
425 24 0 0 0 0 0 0 0 0
431 54 16 16 0 0 0 27 0 0
fl=/usr/include/c++/12/bits/chrono.h
fn=main
212 1169256 3 3 0 0 0 0 0 0
650 389752 0 0 194876 0 0 0 0 0
fl=/usr/include/c++/12/bits/ios_base.h
fn=main
752 102 1 1 102 0 0 0 0 0
fl=/usr/include/c++/12/bits/locale_facets.h
fn=main
882 6 3 3 3 0 0 0 0 0
fl=/usr/include/c++/12/bits/new_allocator.h
fn=main
120 12 4 4 0 0 0 0 0 0
137 49 3 3 0 0 0 15 0 0
158 38 5 5 0 0 0 38 0 0
fn=std::vector<int, std::allocator<int> >* std::__do_uninit_copy<__gnu_cxx::__normal_iterator<std::vector<int, std::allocator<int> > const*, std::vector<std::vector<int, std::allocator<int> >, std::allocator<std::vector<int, std::allocator<int> > > > >, std::vector<int, std::allocator<int> >*>(__gnu_cxx::__normal_iterator<std::vector<int, std::allocator<int> > const*, std::vector<std::vector<int, std::allocator<int> >, std::allocator<std::vector<int, std::allocator<int> > > > >, __gnu_cxx::__normal_iterator<std::vector<int, std::allocator<int> > const*, std::vector<std::vector<int, std::allocator<int> >, std::allocator<std::vector<int, std::allocator<int> > > > >, std::vector<int, std::allocator<int> >*)
120 40 0 0 0 0 0 0 0 0
137 48 0 0 0 0 0 16 0 0
fn=std::vector<int, std::allocator<int> >::_M_default_append(unsigned long)
137 80 4 4 0 0 0 16 0 0
fl=/usr/include/c++/12/bits/stl_algobase.h
fn=State::get_stats(float&, float&, float&)
259 8574280 6 6 2533310 0 0 0 0 0
fn=std::vector<int, std::allocator<int> >* std::__do_uninit_copy<__gnu_cxx::__normal_iterator<std::vector<int, std::allocator<int> > const*, std::vector<std::vector<int, std::allocator<int> >, std::allocator<std::vector<int, std::allocator<int> > > > >, std::vector<int, std::allocator<int> >*>(__gnu_cxx::__normal_iterator<std::vector<int, std::allocator<int> > const*, std::vector<std::vector<int, std::allocator<int> >, std::allocator<std::vector<int, std::allocator<int> > > > >, __gnu_cxx::__normal_iterator<std::vector<int, std::allocator<int> > const*, std::vector<std::vector<int, std::allocator<int> >, std::allocator<std::vector<int, std::allocator<int> > > > >, std::vector<int, std::allocator<int> >*)
429 32 0 0 0 0 0 0 0 0
430 32 0 0 0 0 0 0 0 0
431 64 0 0 0 0 0 16 0 0
432 32 0 0 0 0 0 16 0 0
fn=std::vector<int, std::allocator<int> >::_M_default_append(unsigned long)
259 32 0 0 0 0 0 0 0 0
922 112 4 4 32 0 0 48 0 0
1114 32 0 0 0 0 0 0 0 0
1119 16 0 0 0 0 0 0 0 0
fl=/usr/include/c++/12/bits/stl_construct.h
fn=main
162 171 3 3 0 0 0 0 0 0
fn=std::vector<int, std::allocator<int> >::_M_default_append(unsigned long)
119 16 0 0 0 0 0 16 0 0
fl=/usr/include/c++/12/bits/stl_iterator.h
fn=main
1073 8 0 0 8 0 0 0 0 0
fn=std::vector<int, std::allocator<int> >* std::__do_uninit_copy<__gnu_cxx::__normal_iterator<std::vector<int, std::allocator<int> > const*, std::vector<std::vector<int, std::allocator<int> >, std::allocator<std::vector<int, std::allocator<int> > > > >, std::vector<int, std::allocator<int> >*>(__gnu_cxx::__normal_iterator<std::vector<int, std::allocator<int> > const*, std::vector<std::vector<int, std::allocator<int> >, std::allocator<std::vector<int, std::allocator<int> > > > >, __gnu_cxx::__normal_iterator<std::vector<int, std::allocator<int> > const*, std::vector<std::vector<int, std::allocator<int> >, std::allocator<std::vector<int, std::allocator<int> > > > >, std::vector<int, std::allocator<int> >*)
1073 32 0 0 32 0 0 0 0 0
fl=/usr/include/c++/12/bits/stl_uninitialized.h
fn=main
137 4 4 4 0 0 0 4 0 0
637 100 4 4 0 0 0 0 0 0
fn=std::vector<int, std::allocator<int> >* std::__do_uninit_copy<__gnu_cxx::__normal_iterator<std::vector<int, std::allocator<int> > const*, std::vector<std::vector<int, std::allocator<int> >, std::allocator<std::vector<int, std::allocator<int> > > > >, std::vector<int, std::allocator<int> >*>(__gnu_cxx::__normal_iterator<std::vector<int, std::allocator<int> > const*, std::vector<std::vector<int, std::allocator<int> >, std::allocator<std::vector<int, std::allocator<int> > > > >, __gnu_cxx::__normal_iterator<std::vector<int, std::allocator<int> > const*, std::vector<std::vector<int, std::allocator<int> >, std::allocator<std::vector<int, std::allocator<int> > > > >, std::vector<int, std::allocator<int> >*)
113 32 4 4 0 0 0 24 0 0
116 4 4 4 0 0 0 0 0 0
119 80 0 0 0 0 0 0 0 0
128 36 0 0 28 0 0 0 0 0
fn=std::vector<int, std::allocator<int> >::_M_default_append(unsigned long)
1104 32 0 0 16 0 0 0 0 0
1105 32 0 0 0 0 0 0 0 0
fl=/usr/include/c++/12/bits/stl_vector.h
fn=main
100 81 12 12 0 0 0 42 3 3
367 108 4 4 72 3 0 0 0 0
368 72 3 3 12 0 0 36 0 0
378 28 0 0 0 0 0 0 0 0
386 72 0 0 0 0 0 0 0 0
395 20 0 0 0 0 0 12 0 0
397 28 0 0 0 0 0 12 0 0
600 4 0 0 0 0 0 4 0 0
730 114 6 6 51 3 1 9 0 0
988 88 4 4 40 0 0 0 0 0
1010 32 0 0 0 0 0 0 0 0
1011 52 0 0 0 0 0 16 0 0
1124 443 9 9 259 1 0 0 0 0
1143 77 23 23 55 6 2 8 0 0
1687 3 0 0 0 0 0 3 0 0
1688 9 0 0 0 0 0 6 0 0
1689 6 0 0 3 0 0 3 0 0
1712 8 0 0 0 0 0 8 0 0
1904 24 0 0 0 0 0 0 0 0
fn=std::_Vector_base<int, std::allocator<int> >::_Vector_impl::~_Vector_impl()
133 144 3 3 48 0 0 48 0 0
fn=std::_Vector_base<std::__cxx11::basic_string<char, std::char_traits<char>, std::allocator<char> >, std::allocator<std::__cxx11::basic_string<char, std::char_traits<char>, std::allocator<char> > > >::_Vector_impl::~_Vector_impl()
133 36 1 1 12 0 0 12 0 0
fn=std::_Vector_base<std::vector<int, std::allocator<int> >, std::allocator<std::vector<int, std::allocator<int> > > >::_Vector_impl::~_Vector_impl()
133 36 1 1 12 0 0 12 0 0
fn=std::vector<int, std::allocator<int> >* std::__do_uninit_copy<__gnu_cxx::__normal_iterator<std::vector<int, std::allocator<int> > const*, std::vector<std::vector<int, std::allocator<int> >, std::allocator<std::vector<int, std::allocator<int> > > > >, std::vector<int, std::allocator<int> >*>(__gnu_cxx::__normal_iterator<std::vector<int, std::allocator<int> > const*, std::vector<std::vector<int, std::allocator<int> >, std::allocator<std::vector<int, std::allocator<int> > > > >, __gnu_cxx::__normal_iterator<std::vector<int, std::allocator<int> > const*, std::vector<std::vector<int, std::allocator<int> >, std::allocator<std::vector<int, std::allocator<int> > > > >, std::vector<int, std::allocator<int> >*)
100 48 4 4 0 0 0 32 4 4
378 16 0 0 0 0 0 0 0 0
395 48 0 0 0 0 0 16 0 0
397 32 0 0 0 0 0 16 0 0
988 32 4 4 32 0 0 0 0 0
fn=std::vector<int, std::allocator<int> >::_M_default_append(unsigned long)
386 32 0 0 0 0 0 0 0 0
988 80 0 0 32 0 0 0 0 0
1893 32 0 0 0 0 0 0 0 0
1896 16 0 0 0 0 0 0 0 0
1897 48 4 4 0 0 0 0 0 0
fl=/usr/include/c++/12/bits/vector.tcc
fn=std::vector<int, std::allocator<int> >::_M_default_append(unsigned long)
626 144 0 0 0 0 0 96 0 0
629 32 4 4 0 0 0 0 0 0
633 48 4 4 16 0 0 0 0 0
635 48 0 0 0 0 0 0 0 0
638 32 0 0 0 0 0 0 0 0
655 16 0 0 0 0 0 0 0 0
663 16 0 0 16 0 0 0 0 0
693 16 0 0 0 0 0 16 0 0
694 32 0 0 0 0 0 16 0 0
695 32 0 0 0 0 0 16 0 0
698 128 0 0 112 0 0 0 0 0
fl=/usr/include/c++/12/cmath
fn=MCTS::mcts(MCTSNode*, State&, float&, float&, float&)
351 12073698 0 0 2012283 0 0 8049132 14 0
464 26159679 0 0 0 0 0 0 0 0
fn=main
351 5641866 6 6 1167216 0 0 1555644 0 0
464 15952596 12 12 0 0 0 0 0 0
fl=/usr/include/c++/12/iostream
fn=__static_initialization_and_destruction_0(int, int)
74 10 0 0 1 1 0 2 0 0
fl=/usr/include/c++/12/ostream
fn=main
167 12 0 0 0 0 0 6 0 0
171 4 1 1 0 0 0 1 0 0
196 195 36 3 39 0 0 78 0 0
228 231 3 3 36 0 0 78 0 0
525 324 12 6 204 0 0 9 0 0
527 249 6 6 0 0 0 102 0 0
528 57 0 0 0 0 0 0 0 0
620 96 9 9 0 0 0 24 0 0
689 15 0 0 6 3 3 3 0 0
711 3 0 0 0 0 0 3 0 0
fl=???
fn=(below main)
0 11 1 1 2 1 0 3 0 0
fn=???
0 6783922 414 377 6766755 351 148 4496 20 13
fn=__cpu_indicator_init
0 128 11 11 13 3 2 17 0 0
fn=__cxa_get_globals
0 1547 3 2 221 0 0 221 0 0
fn=__cxxabiv1::__si_class_type_info::__do_dyncast(long, __cxxabiv1::__class_type_info::__sub_kind, __cxxabiv1::__class_type_info const*, void const*, __cxxabiv1::__class_type_info const*, void const*, __cxxabiv1::__class_type_info::__dyncast_result&) const
0 1480 4 4 440 1 0 360 0 0
fn=__cxxabiv1::__vmi_class_type_info::__do_dyncast(long, __cxxabiv1::__class_type_info::__sub_kind, __cxxabiv1::__class_type_info const*, void const*, __cxxabiv1::__class_type_info const*, void const*, __cxxabiv1::__class_type_info::__dyncast_result&) const
0 3776 24 24 1239 15 11 885 0 0
fn=__dynamic_cast
0 4851 16 16 1584 30 12 990 0 0
fn=__gnu_cxx::stdio_sync_filebuf<char, std::char_traits<char> >::overflow(int)
0 742 4 4 106 0 0 0 0 0
fn=__gnu_cxx::stdio_sync_filebuf<char, std::char_traits<char> >::sync()
0 2025 1 1 675 6 3 0 0 0
fn=__gnu_cxx::stdio_sync_filebuf<char, std::char_traits<char> >::uflow()
0 4800 0 0 1800 0 0 1800 0 0
fn=__gnu_cxx::stdio_sync_filebuf<char, std::char_traits<char> >::underflow()
0 13032 8 8 4344 0 0 2896 0 0
fn=__gnu_cxx::stdio_sync_filebuf<char, std::char_traits<char> >::xsputn(char const*, long)
0 726 8 6 121 7 3 0 0 0
fn=bool std::has_facet<std::ctype<char> >(std::locale const&)
0 88 2 2 36 2 0 12 0 0
fn=bool std::has_facet<std::ctype<wchar_t> >(std::locale const&)
0 88 2 2 36 2 0 12 0 0
fn=bool std::has_facet<std::num_get<char, std::istreambuf_iterator<char, std::char_traits<char> > > >(std::locale const&)
0 88 1 1 36 0 0 12 0 0
fn=bool std::has_facet<std::num_get<wchar_t, std::istreambuf_iterator<wchar_t, std::char_traits<wchar_t> > > >(std::locale const&)
0 88 0 0 36 0 0 12 0 0
fn=bool std::has_facet<std::num_put<char, std::ostreambuf_iterator<char, std::char_traits<char> > > >(std::locale const&)
0 88 2 2 36 1 0 12 0 0
fn=bool std::has_facet<std::num_put<wchar_t, std::ostreambuf_iterator<wchar_t, std::char_traits<wchar_t> > > >(std::locale const&)
0 88 2 2 36 1 0 12 0 0
fn=operator delete(void*)
0 76 0 0 0 0 0 0 0 0
fn=operator delete(void*, unsigned long)
0 76 5 4 0 0 0 0 0 0
fn=operator new(unsigned long)
0 588 8 8 98 0 0 98 0 0
fn=std::__cxx11::basic_string<char, std::char_traits<char>, std::allocator<char> >::_M_create(unsigned long&, unsigned long)
0 32 4 4 2 0 0 2 0 0
fn=std::__cxx11::basic_string<char, std::char_traits<char>, std::allocator<char> >::_M_mutate(unsigned long, unsigned long, char const*, unsigned long)
0 118 10 10 28 0 0 26 0 0
fn=std::__cxx11::basic_string<char, std::char_traits<char>, std::allocator<char> >::compare(char const*) const
0 433 8 8 102 3 0 87 0 0
fn=std::__cxx11::messages<char>::messages(unsigned long)
0 20 1 1 4 1 0 8 1 1
fn=std::__cxx11::messages<wchar_t>::messages(unsigned long)
0 20 2 2 4 0 0 8 0 0
fn=std::__cxx11::moneypunct<char, false>::_M_initialize_moneypunct(__locale_struct*, char const*)
0 113 4 4 38 1 1 31 0 0
fn=std::__cxx11::moneypunct<char, true>::_M_initialize_moneypunct(__locale_struct*, char const*)
0 113 5 5 38 0 0 31 0 0
fn=std::__cxx11::moneypunct<wchar_t, false>::_M_initialize_moneypunct(__locale_struct*, char const*)
0 102 5 5 27 1 0 30 0 0
fn=std::__cxx11::moneypunct<wchar_t, true>::_M_initialize_moneypunct(__locale_struct*, char const*)
0 102 5 5 27 0 0 30 0 0
fn=std::__cxx11::numpunct<char>::_M_initialize_numpunct(__locale_struct*)
0 414 5 5 137 4 2 75 0 0
fn=std::__cxx11::numpunct<wchar_t>::_M_initialize_numpunct(__locale_struct*)
0 350 4 4 74 2 1 74 3 3
fn=std::__num_base::_S_format_float(std::ios_base const&, char*, char)
0 1209 45 7 117 3 3 156 0 0
fn=std::__timepunct<char>::_M_initialize_timepunct(__locale_struct*)
0 149 15 15 6 0 0 29 0 0
fn=std::__timepunct<char>::__timepunct(std::__timepunct_cache<char>*, unsigned long)
0 23 2 2 4 0 0 9 1 1
fn=std::__timepunct<wchar_t>::_M_initialize_timepunct(__locale_struct*)
0 149 14 14 6 0 0 29 0 0
fn=std::__timepunct<wchar_t>::__timepunct(std::__timepunct_cache<wchar_t>*, unsigned long)
0 23 2 2 4 0 0 9 0 0
fn=std::basic_ios<char, std::char_traits<char> >::_M_cache_locale(std::locale const&)
0 124 2 2 12 0 0 44 0 0
fn=std::basic_ios<char, std::char_traits<char> >::clear(std::_Ios_Iostate)
0 553 1 1 237 0 0 79 0 0
fn=std::basic_ios<char, std::char_traits<char> >::init(std::basic_streambuf<char, std::char_traits<char> >*)
0 92 2 2 12 0 0 36 0 0
fn=std::basic_ios<wchar_t, std::char_traits<wchar_t> >::_M_cache_locale(std::locale const&)
0 124 2 2 12 0 0 44 0 0
fn=std::basic_ios<wchar_t, std::char_traits<wchar_t> >::init(std::basic_streambuf<wchar_t, std::char_traits<wchar_t> >*)
0 92 2 2 12 0 0 40 0 0
fn=std::basic_istream<char, std::char_traits<char> >& std::operator>><char, std::char_traits<char>, std::allocator<char> >(std::basic_istream<char, std::char_traits<char> >&, std::__cxx11::basic_string<char, std::char_traits<char>, std::allocator<char> >&)
0 9312 39 39 3402 0 0 1138 0 0
fn=std::basic_ostream<char, std::char_traits<char> >& std::__ostream_insert<char, std::char_traits<char> >(std::basic_ostream<char, std::char_traits<char> >&, char const*, long)
0 1590 8 8 639 12 6 345 0 0
fn=std::basic_ostream<char, std::char_traits<char> >& std::operator<< <std::char_traits<char> >(std::basic_ostream<char, std::char_traits<char> >&, char)
0 15 2 2 6 0 0 3 0 0
fn=std::chrono::_V2::steady_clock::now()
0 1753920 14 8 584640 0 0 194880 0 0
fn=std::codecvt<char, char, __mbstate_t>::codecvt(unsigned long)
0 18 2 2 4 0 0 6 2 2
fn=std::codecvt<wchar_t, char, __mbstate_t>::codecvt(unsigned long)
0 18 2 2 4 1 0 6 1 1
fn=std::ctype<char> const& std::use_facet<std::ctype<char> >(std::locale const&)
0 1100 8 8 495 17 12 165 0 0
fn=std::ctype<char>::_M_widen_init() const
0 726 10 10 33 4 3 37 4 0
fn=std::ctype<char>::ctype(unsigned short const*, bool, unsigned long)
0 116 5 5 8 1 0 79 9 9
fn=std::ctype<wchar_t> const& std::use_facet<std::ctype<wchar_t> >(std::locale const&)
0 80 2 2 36 0 0 12 0 0
fn=std::ctype<wchar_t>::_M_convert_to_wmask(unsigned short) const
0 146 6 6 12 0 0 0 0 0
fn=std::ctype<wchar_t>::_M_initialize_ctype()
0 2733 5 5 5 0 0 810 20 20
fn=std::ctype<wchar_t>::ctype(unsigned long)
0 20 2 2 3 0 0 7 1 1
fn=std::error_category::error_category()
0 10 1 1 4 1 0 2 0 0
fn=std::future_category()
0 3 1 1 1 0 0 0 0 0
fn=std::ios_base::Init::Init()
0 273 29 29 51 12 1 146 17 2
fn=std::ios_base::_M_init()
0 160 2 2 32 1 1 56 0 0
fn=std::ios_base::ios_base()
0 464 3 3 8 0 0 192 30 12
fn=std::istream::ignore()
0 424 11 11 152 0 0 82 0 0
fn=std::istream::operator>>(int&)
0 11084 14 14 3177 3 2 2095 2 1
fn=std::istream::sentry::sentry(std::istream&, bool)
0 20039 27 27 8141 28 24 2607 0 0
fn=std::istreambuf_iterator<char, std::char_traits<char> > std::num_get<char, std::istreambuf_iterator<char, std::char_traits<char> > >::_M_extract_int<long>(std::istreambuf_iterator<char, std::char_traits<char> >, std::istreambuf_iterator<char, std::char_traits<char> >, std::ios_base&, std::_Ios_Iostate&, long&) const
0 42349 93 93 10619 6 5 7504 0 0
fn=std::locale::_Impl::_Impl(unsigned long)
0 661 55 55 85 25 1 384 52 50
fn=std::locale::_Impl::_M_install_facet(std::locale::id const*, std::locale::facet const*)
0 12128 7 7 3552 2 0 256 0 0
fn=std::locale::facet::_S_create_c_locale(__locale_struct*&, char const*, __locale_struct*)
0 10 2 2 2 0 0 3 0 0
fn=std::locale::facet::_S_get_c_locale()
0 477 5 4 106 3 3 53 0 0
fn=std::locale::facet::_S_get_c_name()
0 21 1 1 7 0 0 0 0 0
fn=std::locale::id::_M_id() const
0 3180 4 4 1060 16 10 96 0 0
fn=std::locale::locale()
0 374 3 3 132 1 0 132 3 1
fn=std::locale::locale(std::locale const&)
0 84 3 3 36 1 0 12 0 0
fn=std::locale::locale(std::locale::_Impl*)
0 3 1 1 1 0 0 1 0 0
fn=std::locale::operator=(std::locale const&)
0 160 2 2 56 0 0 24 0 0
fn=std::locale::~locale()
0 160 8 6 80 0 0 20 0 0
fn=std::messages<char>::messages(unsigned long)
0 20 2 2 4 0 0 8 1 1
fn=std::messages<wchar_t>::messages(unsigned long)
0 20 1 1 4 0 0 8 0 0
fn=std::moneypunct<char, false>::_M_initialize_moneypunct(__locale_struct*, char const*)
0 113 4 4 38 0 0 31 1 0
fn=std::moneypunct<char, true>::_M_initialize_moneypunct(__locale_struct*, char const*)
0 113 5 5 38 0 0 31 0 0
fn=std::moneypunct<wchar_t, false>::_M_initialize_moneypunct(__locale_struct*, char const*)
0 102 6 6 27 0 0 30 0 0
fn=std::moneypunct<wchar_t, true>::_M_initialize_moneypunct(__locale_struct*, char const*)
0 102 4 4 27 0 0 30 0 0
fn=std::num_get<char, std::istreambuf_iterator<char, std::char_traits<char> > > const& std::use_facet<std::num_get<char, std::istreambuf_iterator<char, std::char_traits<char> > > >(std::locale const&)
0 80 1 1 36 0 0 12 0 0
fn=std::num_get<char, std::istreambuf_iterator<char, std::char_traits<char> > >::do_get(std::istreambuf_iterator<char, std::char_traits<char> >, std::istreambuf_iterator<char, std::char_traits<char> >, std::ios_base&, std::_Ios_Iostate&, long&) const
0 406 3 3 0 0 0 0 0 0
fn=std::num_get<wchar_t, std::istreambuf_iterator<wchar_t, std::char_traits<wchar_t> > > const& std::use_facet<std::num_get<wchar_t, std::istreambuf_iterator<wchar_t, std::char_traits<wchar_t> > > >(std::locale const&)
0 80 1 1 36 0 0 12 0 0
fn=std::num_put<char, std::ostreambuf_iterator<char, std::char_traits<char> > > const& std::use_facet<std::num_put<char, std::ostreambuf_iterator<char, std::char_traits<char> > > >(std::locale const&)
0 80 2 2 36 0 0 12 0 0
fn=std::num_put<char, std::ostreambuf_iterator<char, std::char_traits<char> > >::do_put(std::ostreambuf_iterator<char, std::char_traits<char> >, std::ios_base&, char, double) const
0 156 3 3 0 0 0 0 0 0
fn=std::num_put<char, std::ostreambuf_iterator<char, std::char_traits<char> > >::do_put(std::ostreambuf_iterator<char, std::char_traits<char> >, std::ios_base&, char, long) const
0 45 3 3 0 0 0 0 0 0
fn=std::num_put<char, std::ostreambuf_iterator<char, std::char_traits<char> > >::do_put(std::ostreambuf_iterator<char, std::char_traits<char> >, std::ios_base&, char, unsigned long) const
0 120 4 4 0 0 0 0 0 0
fn=std::num_put<wchar_t, std::ostreambuf_iterator<wchar_t, std::char_traits<wchar_t> > > const& std::use_facet<std::num_put<wchar_t, std::ostreambuf_iterator<wchar_t, std::char_traits<wchar_t> > > >(std::locale const&)
0 80 2 2 36 0 0 12 0 0
fn=std::numpunct<char>::_M_initialize_numpunct(__locale_struct*)
0 414 6 6 137 0 0 75 0 0
fn=std::numpunct<wchar_t>::_M_initialize_numpunct(__locale_struct*)
0 350 6 6 74 0 0 74 0 0
fn=std::ostream& std::ostream::_M_insert<double>(double)
0 2379 15 15 897 0 0 390 0 0
fn=std::ostream& std::ostream::_M_insert<long>(long)
0 915 14 14 345 0 0 150 0 0
fn=std::ostream& std::ostream::_M_insert<unsigned long>(unsigned long)
0 2458 58 21 926 8 6 403 0 0
fn=std::ostream::flush()
0 14982 3 3 7264 26 12 1816 2 2
fn=std::ostream::operator<<(int)
0 132 3 0 36 0 0 0 0 0
fn=std::ostream::put(char)
0 4846 13 11 2005 0 0 736 0 0
fn=std::ostream::sentry::sentry(std::ostream&)
0 17210 2 2 5890 19 9 3626 2 2
fn=std::ostreambuf_iterator<char, std::char_traits<char> > std::num_put<char, std::ostreambuf_iterator<char, std::char_traits<char> > >::_M_insert_float<double>(std::ostreambuf_iterator<char, std::char_traits<char> >, std::ios_base&, char, char, double) const
0 4719 30 30 897 0 0 1092 0 0
fn=std::ostreambuf_iterator<char, std::char_traits<char> > std::num_put<char, std::ostreambuf_iterator<char, std::char_traits<char> > >::_M_insert_int<long>(std::ostreambuf_iterator<char, std::char_traits<char> >, std::ios_base&, char, long) const
0 1254 16 15 225 0 0 255 0 0
fn=std::ostreambuf_iterator<char, std::char_traits<char> > std::num_put<char, std::ostreambuf_iterator<char, std::char_traits<char> > >::_M_insert_int<unsigned long>(std::ostreambuf_iterator<char, std::char_traits<char> >, std::ios_base&, char, unsigned long) const
0 3080 24 24 600 2 0 680 0 0
fn=std::uncaught_exception()
0 1768 4 3 442 7 3 221 0 0
summary: 2241016414 4961 4497 484603823 948387 113350 157204317 2882602 2786771
