desc: I1 cache:         32768 B, 64 B, 8-way associative
desc: D1 cache:         32768 B, 64 B, 8-way associative
desc: LL cache:         6291456 B, 64 B, 12-way associative
cmd: ./main
events: Ir I1mr ILmr Dr D1mr DLmr Dw D1mw DLmw 
fl=./assert/./assert/assert.c
fn=__assert_fail
100 9 2 2 0 0 0 4 0 0
101 10 0 0 0 0 0 2 0 0
fn=__assert_fail_base
49 14 2 2 1 0 0 6 0 0
53 3 0 0 0 0 0 1 0 0
57 21 1 1 1 1 1 5 0 0
58 2 0 0 2 1 1 0 0 0
64 5 0 0 1 0 0 1 0 0
65 3 1 1 2 0 0 1 0 0
67 7 0 0 3 0 0 1 0 0
68 8 0 0 0 0 0 1 0 0
70 2 1 1 0 0 0 0 0 0
72 2 0 0 1 0 0 1 1 1
73 3 0 0 1 0 0 1 0 0
77 2 0 0 2 1 1 0 0 0
79 2 0 0 0 0 0 0 0 0
fn=__assert_fail_base.cold
83 2 1 1 1 0 0 1 0 0
92 1 0 0 0 0 0 1 0 0
fl=./csu/../csu/libc-start.c
fn=__libc_start_main@@GLIBC_2.34
128 2 1 1 2 0 0 0 0 0
134 3 0 0 1 1 0 0 0 0
135 6 0 0 2 1 0 1 0 0
138 1 0 0 1 1 0 0 0 0
139 2 0 0 0 0 0 0 0 0
142 3 1 1 2 1 0 0 0 0
143 2 0 0 2 0 0 0 0 0
144 15 1 1 2 0 0 1 0 0
145 8 0 0 2 1 0 2 0 0
242 11 1 1 0 0 0 7 0 0
311 3 0 0 0 0 0 0 0 0
312 3 0 0 0 0 0 1 0 0
337 6 1 1 2 0 0 1 0 0
340 2 0 0 0 0 0 0 0 0
343 2 0 0 2 0 0 0 0 0
350 2 0 0 1 1 0 1 0 0
352 2 0 0 0 0 0 0 0 0
360 4 1 0 1 0 0 1 0 0
fl=./csu/../sysdeps/nptl/libc_start_call_main.h
fn=(below main)
29 7 1 1 1 0 0 4 0 0
44 2 1 1 0 0 0 1 0 0
46 2 0 0 0 0 0 0 0 0
51 2 0 0 1 1 0 1 0 0
52 2 0 0 1 1 0 1 0 0
55 2 0 0 0 0 0 1 0 0
58 6 1 1 5 2 0 1 0 0
fl=./csu/./csu/init-first.c
fn=_init_first
46 3 1 1 0 0 0 1 0 0
51 2 0 0 1 0 0 0 0 0
55 5 1 1 4 2 1 0 0 0
61 1 0 0 0 0 0 1 1 0
62 1 0 0 0 0 0 1 0 0
63 2 0 0 1 1 0 1 1 1
71 2 0 0 0 0 0 0 0 0
72 2 0 0 1 0 0 0 0 0
fl=./ctype/./ctype/ctype-info.c
fn=__ctype_init
31 7 2 2 5 4 0 1 0 0
33 4 0 0 2 2 0 1 0 0
35 4 0 0 2 1 0 1 0 0
36 1 0 0 1 0 0 0 0 0
fl=./elf/../bits/stdlib-bsearch.h
fn=intel_check_word.constprop.0
27 102 0 0 0 0 0 0 0 0
28 51 0 0 0 0 0 0 0 0
29 792 0 0 0 0 0 0 0 0
31 972 0 0 0 0 0 0 0 0
32 370 1 1 0 0 0 0 0 0
37 126 1 1 0 0 0 0 0 0
fl=./elf/../elf/dl-tls.c
fn=_dl_add_to_slotinfo
1016 14 1 1 0 0 0 8 0 0
1022 2 1 1 2 0 0 0 0 0
1025 2 0 0 2 2 0 0 0 0
1026 2 0 0 0 0 0 0 0 0
1030 6 0 0 2 1 0 0 0 0
1064 4 0 0 0 0 0 0 0 0
1067 6 1 1 0 0 0 2 2 0
1068 6 0 0 2 0 0 2 0 0
1071 12 0 0 10 0 0 0 0 0
fn=_dl_allocate_tls_init
529 9 1 1 0 0 0 8 0 0
530 2 0 0 0 0 0 0 0 0
534 2 0 0 1 1 0 1 0 0
537 1 1 1 0 0 0 0 0 0
540 2 0 0 1 1 0 1 0 0
543 3 0 0 2 1 0 0 0 0
555 1 0 0 1 0 0 0 0 0
560 20 0 0 3 0 0 1 0 0
566 7 1 1 0 0 0 0 0 0
569 6 1 1 2 0 0 0 0 0
570 4 0 0 0 0 0 0 0 0
576 6 0 0 4 0 0 0 0 0
577 4 0 0 0 0 0 0 0 0
579 17 1 1 6 2 0 2 1 1
582 4 0 0 0 0 0 0 0 0
583 4 0 0 2 0 0 0 0 0
586 4 0 0 0 0 0 0 0 0
587 8 0 0 4 1 0 0 0 0
589 4 1 1 0 0 0 0 0 0
590 4 0 0 2 0 0 0 0 0
599 2 0 0 0 0 0 2 0 0
607 4 0 0 2 0 0 0 0 0
609 16 0 0 2 0 0 4 0 0
615 2 0 0 2 0 0 0 0 0
621 2 0 0 1 0 0 1 0 0
624 2 0 0 1 0 0 1 0 0
627 9 1 1 8 0 0 0 0 0
fn=_dl_allocate_tls_storage
423 3 1 1 0 0 0 3 0 0
425 1 0 0 1 0 0 0 0 0
436 1 0 0 1 0 0 0 0 0
437 1 0 0 0 0 0 0 0 0
438 2 0 0 0 0 0 0 0 0
446 6 1 1 0 0 0 0 0 0
447 1 0 0 0 0 0 0 0 0
451 305 0 0 0 0 0 297 37 37
470 1 1 1 0 0 0 1 1 1
472 2 0 0 0 0 0 1 0 0
473 2 0 0 0 0 0 0 0 0
476 4 0 0 4 0 0 0 0 0
fn=_dl_assign_tls_modid
131 2 1 1 0 0 0 0 0 0
134 4 0 0 2 0 0 0 0 0
147 2 1 1 2 0 0 0 0 0
187 2 0 0 0 0 0 0 0 0
189 2 0 0 0 0 0 2 0 0
192 2 0 0 0 0 0 2 0 0
193 4 0 0 2 0 0 0 0 0
fn=_dl_count_modids
200 2 1 1 1 0 0 0 0 0
201 1 0 0 1 0 0 0 0 0
216 2 0 0 1 0 0 0 0 0
fn=_dl_determine_tlsoffset
222 7 1 1 0 0 0 6 0 0
223 1 0 0 0 0 0 0 0 0
224 1 0 0 0 0 0 0 0 0
225 1 0 0 0 0 0 0 0 0
228 3 1 1 1 0 0 0 0 0
231 2 0 0 1 0 0 0 0 0
265 1 0 0 0 0 0 0 0 0
267 16 0 0 3 0 0 0 0 0
269 7 2 2 3 0 0 1 0 0
271 6 0 0 2 0 0 0 0 0
272 4 0 0 2 0 0 0 0 0
274 4 1 1 0 0 0 0 0 0
276 10 0 0 2 0 0 0 0 0
287 2 0 0 0 0 0 2 0 0
292 18 0 0 0 0 0 0 0 0
294 4 0 0 0 0 0 0 0 0
295 2 0 0 0 0 0 0 0 0
307 1 0 0 0 0 0 1 0 0
308 7 1 1 1 0 0 0 0 0
310 2 0 0 0 0 0 1 0 0
360 1 0 0 0 0 0 1 0 0
361 8 1 1 7 0 0 0 0 0
fn=_dl_tls_static_surplus_init
83 3 0 0 0 0 0 0 0 0
97 5 1 1 0 0 0 3 0 0
101 6 1 1 1 0 0 1 0 0
102 5 0 0 1 0 0 1 0 0
108 3 0 0 0 0 0 0 0 0
110 4 0 0 0 0 0 0 0 0
113 1 0 0 0 0 0 0 0 0
115 1 0 0 0 0 0 1 0 0
117 3 0 0 0 0 0 1 0 0
118 5 0 0 4 0 0 0 0 0
fn=allocate_dtv
366 4 1 1 0 0 0 2 0 0
371 1 0 0 1 0 0 0 0 0
375 1 0 0 0 0 0 0 0 0
376 1 0 0 0 0 0 0 0 0
377 2 0 0 0 0 0 0 0 0
380 1 0 0 0 0 0 1 1 1
386 3 0 0 0 0 0 1 0 0
392 4 0 0 3 0 0 0 0 0
fl=./elf/../include/list.h
fn=__tls_init_tp
43 2 0 0 1 1 0 1 0 0
44 2 0 0 0 0 0 1 0 0
45 1 0 0 0 0 0 1 0 0
47 1 0 0 0 0 0 1 0 0
fl=./elf/../include/rtld-malloc.h
fn=__minimal_calloc
56 17 0 0 17 0 0 0 0 0
fn=_dl_allocate_tls_storage
56 1 0 0 1 0 0 1 0 0
fn=_dl_check_map_versions
44 18 0 0 6 0 0 6 0 0
fn=_dl_find_object_init
56 2 0 0 1 0 0 1 0 0
fn=_dl_important_hwcaps
56 3 0 0 2 0 0 2 0 0
fn=_dl_init_paths
56 5 0 0 3 0 0 3 0 0
fn=_dl_map_object_deps
56 12 0 0 6 0 0 6 0 0
fn=_dl_new_object
44 18 0 0 6 0 0 6 0 0
56 15 0 0 5 0 0 5 0 0
fn=allocate_dtv
44 2 0 0 1 0 0 1 0 0
fn=do_lookup_x
44 13 1 1 3 0 0 6 0 0
fn=fillin_rpath.isra.0
50 2 1 1 1 0 0 1 0 0
51 1 0 0 0 0 0 0 0 0
56 2 0 0 1 0 0 1 0 0
fn=init_tls
44 2 0 0 1 0 0 1 0 0
fl=./elf/../include/scratch_buffer.h
fn=_dl_map_object_deps
77 2 0 0 0 0 0 1 1 1
78 1 0 0 0 0 0 1 0 0
85 3 1 1 1 0 0 0 0 0
131 15 0 0 0 0 0 5 0 0
fl=./elf/../misc/sbrk.c
fn=sbrk
37 4 0 0 0 0 0 2 0 0
40 1 0 0 1 0 0 0 0 0
58 2 0 0 0 0 0 0 0 0
62 2 0 0 0 0 0 0 0 0
78 5 1 1 3 0 0 0 0 0
fl=./elf/../nptl/nptl-stack.h
fn=__libc_early_init
58 8 1 1 2 0 0 0 0 0
fl=./elf/../sysdeps/generic/_itoa.h
fn=_dl_check_map_versions
76 33 0 0 11 0 0 22 0 0
fl=./elf/../sysdeps/generic/dl-cache.h
fn=_dl_load_cache_lookup
194 1 0 0 1 0 0 0 0 0
195 5 0 0 0 0 0 0 0 0
fn=search_cache
125 20 0 0 4 0 0 0 0 0
fl=./elf/../sysdeps/generic/dl-debug.h
fn=dl_main
29 4 0 0 2 0 0 0 0 0
30 2 0 0 1 0 0 1 0 0
fl=./elf/../sysdeps/generic/dl-hash.h
fn=__rtld_malloc_init_real
43 1 0 0 0 0 0 0 0 0
44 1 0 0 0 0 0 0 0 0
45 19 0 0 6 1 1 0 0 0
48 18 0 0 0 0 0 0 0 0
62 24 1 1 0 0 0 0 0 0
67 1 0 0 0 0 0 0 0 0
72 1 0 0 0 0 0 1 0 0
fl=./elf/../sysdeps/generic/dl-new-hash.h
fn=_dl_lookup_symbol_x
69 1892 0 0 0 0 0 0 0 0
70 3784 0 0 0 0 0 0 0 0
74 41503 0 0 41503 1470 1198 0 0 0
77 83006 0 0 0 0 0 0 0 0
80 40549 0 0 40549 515 466 0 0 0
81 81098 0 0 0 0 0 0 0 0
87 938 2 2 0 0 0 0 0 0
88 938 0 0 0 0 0 0 0 0
89 1876 0 0 0 0 0 0 0 0
90 938 2 2 0 0 0 0 0 0
99 39611 0 0 0 0 0 0 0 0
101 39611 0 0 0 0 0 0 0 0
102 79222 0 0 0 0 0 0 0 0
104 39611 2 2 0 0 0 0 0 0
105 39611 0 0 0 0 0 0 0 0
fl=./elf/../sysdeps/generic/dl-protected.h
fn=do_lookup_x
29 7508 5 2 1877 0 0 0 0 0
fl=./elf/../sysdeps/generic/ldsodefs.h
fn=_dl_new_object
1339 48 0 0 0 0 0 0 0 0
fn=_dl_relocate_object
81 48 1 1 23 1 0 0 0 0
142 10122 0 0 3374 0 0 0 0 0
fn=_dl_start
81 6 1 1 2 0 0 0 0 0
fn=do_lookup_x
141 3754 4 2 1877 0 0 0 0 0
142 5631 0 0 0 0 0 0 0 0
fl=./elf/../sysdeps/nptl/dl-mutex.c
fn=__rtld_mutex_init
30 3 1 1 0 0 0 3 0 0
37 1 0 0 1 1 0 0 0 0
40 7 0 0 0 0 0 1 0 0
44 2 0 0 0 0 0 0 0 0
45 9 1 1 3 0 0 1 0 0
47 6 0 0 0 0 0 1 0 0
51 2 0 0 0 0 0 0 0 0
52 7 1 1 3 0 0 1 0 0
53 4 0 0 4 0 0 0 0 0
fl=./elf/../sysdeps/nptl/dl-tls_init_tp.c
fn=__tls_init_tp
68 2 0 0 0 0 0 1 0 0
69 1 0 0 1 0 0 0 0 0
72 1 1 1 0 0 0 0 0 0
75 4 0 0 0 0 0 1 0 0
76 2 0 0 0 0 0 1 0 0
77 1 1 1 0 0 0 1 0 0
82 2 0 0 1 1 0 1 0 0
87 4 1 1 0 0 0 1 0 0
90 1 0 0 0 0 0 1 0 0
93 3 0 0 0 0 0 0 0 0
106 4 0 0 0 0 0 1 0 0
123 3 0 0 2 1 0 1 1 1
130 2 0 0 1 0 0 1 0 0
131 3 0 0 2 0 0 0 0 0
fn=__tls_pre_init_tp
53 2 1 1 0 0 0 0 0 0
56 10 0 0 0 0 0 3 1 1
61 2 1 1 0 0 0 1 0 0
62 1 0 0 0 0 0 1 0 0
64 1 0 0 1 0 0 0 0 0
fn=rtld_mutex_dummy
44 356 2 1 178 0 0 0 0 0
fl=./elf/../sysdeps/nptl/pthread_early_init.h
fn=__libc_early_init
33 6 0 0 0 0 0 1 0 0
34 1 0 0 1 0 0 0 0 0
38 5 1 1 0 0 0 0 0 0
45 2 0 0 2 1 0 0 0 0
46 1 0 0 0 0 0 0 0 0
52 7 0 0 0 0 0 1 0 0
53 1 0 0 0 0 0 1 1 1
54 1 0 0 0 0 0 1 1 1
57 1 0 0 0 0 0 1 0 0
fl=./elf/../sysdeps/posix/dl-fileid.h
fn=_dl_map_object_from_fd
37 25 1 1 5 0 0 5 0 0
40 20 1 1 15 0 0 5 0 0
49 60 0 0 30 1 1 0 0 0
fl=./elf/../sysdeps/unix/sysv/linux/brk.c
fn=brk
37 1 0 0 0 0 0 1 1 1
38 2 1 1 0 0 0 0 0 0
44 1 0 0 0 0 0 0 0 0
45 1 0 0 1 0 0 0 0 0
fl=./elf/../sysdeps/unix/sysv/linux/brk_call.h
fn=brk
24 2 1 1 0 0 0 0 0 0
fl=./elf/../sysdeps/unix/sysv/linux/dl-osinfo.h
fn=dl_main
39 2 0 0 1 1 0 0 0 0
52 1 1 1 1 0 0 0 0 0
fl=./elf/../sysdeps/unix/sysv/linux/dl-parse_auxv.h
fn=_dl_sysdep_parse_arguments
32 2 0 0 0 0 0 1 0 0
33 1 0 0 0 0 0 1 0 0
34 1 1 1 0 0 0 1 0 0
41 85 0 0 22 0 0 0 0 0
42 40 0 0 0 0 0 0 0 0
43 40 0 0 20 5 5 20 0 0
45 1 0 0 0 0 0 1 0 0
46 2 1 1 1 0 0 1 0 0
47 3 1 1 2 0 0 1 0 0
48 2 0 0 1 0 0 1 0 0
49 2 0 0 1 0 0 1 0 0
50 2 0 0 1 0 0 1 1 1
51 2 0 0 1 0 0 1 0 0
52 2 0 0 1 0 0 1 0 0
54 2 0 0 1 0 0 1 1 1
fl=./elf/../sysdeps/unix/sysv/linux/dl-sysdep.c
fn=_dl_sysdep_parse_arguments
78 5 1 1 0 0 0 3 0 0
79 2 0 0 1 0 0 1 1 1
80 2 0 0 0 0 0 1 0 0
81 3 0 0 0 0 0 1 1 1
82 61 1 1 0 0 0 0 0 0
83 125 0 0 62 8 8 0 0 0
86 2 0 0 0 0 0 1 1 1
90 56 0 0 0 0 0 52 6 6
93 2 0 0 1 0 0 1 0 0
94 2 0 0 1 0 0 1 0 0
95 2 0 0 1 0 0 1 0 0
96 5 1 1 4 0 0 0 0 0
fn=_dl_sysdep_start
102 3 1 1 0 0 0 1 0 0
103 1 0 0 0 0 0 1 0 0
106 2 0 0 0 0 0 1 1 1
110 2 1 1 1 0 0 1 0 0
113 1 0 0 0 0 0 1 0 0
115 2 0 0 0 0 0 1 0 0
122 3 0 0 1 0 0 0 0 0
123 2 0 0 0 0 0 2 0 0
125 5 0 0 0 0 0 1 0 0
137 3 1 1 1 0 0 0 0 0
140 5 0 0 3 0 0 1 0 0
143 4 1 0 3 1 0 0 0 0
fn=_dl_sysdep_start_cleanup
148 1 1 1 1 0 0 0 0 0
fl=./elf/../sysdeps/unix/sysv/linux/dl-vdso-setup.h
fn=dl_main
30 1 0 0 0 0 0 1 0 0
33 1 1 1 0 0 0 1 0 0
36 1 0 0 0 0 0 1 0 0
39 1 0 0 0 0 0 1 0 0
45 1 0 0 0 0 0 1 0 0
fl=./elf/../sysdeps/unix/sysv/linux/dl-vdso.h
fn=dl_main
40 2 0 0 1 0 0 0 0 0
41 5 0 0 0 0 0 2 0 0
55 2 0 0 0 0 0 0 0 0
fl=./elf/../sysdeps/unix/sysv/linux/rseq-internal.h
fn=__tls_init_tp
32 3 0 0 1 0 0 0 0 0
34 7 0 0 0 0 0 0 0 0
37 2 1 1 0 0 0 0 0 0
40 1 0 0 0 0 0 1 0 0
fl=./elf/../sysdeps/unix/sysv/linux/x86/dl-minsigstacksize.h
fn=get_common_indices.constprop.0
24 2 1 1 1 0 0 0 0 0
27 2 0 0 1 0 0 0 0 0
28 2 0 0 1 0 0 0 0 0
65 3 0 0 0 0 0 0 0 0
72 1 0 0 0 0 0 0 0 0
74 1 1 1 0 0 0 1 0 0
fl=./elf/../sysdeps/x86/cpu-features.c
fn=get_common_indices.constprop.0
325 1 1 1 0 0 0 1 0 0
329 4 0 0 0 0 0 0 0 0
332 5 1 1 0 0 0 3 0 0
336 1 0 0 0 0 0 1 0 0
337 4 0 0 0 0 0 1 0 0
338 4 0 0 0 0 0 1 0 0
339 4 0 0 0 0 0 1 0 0
340 3 0 0 0 0 0 1 0 0
341 2 0 0 1 0 0 0 0 0
348 2 1 1 1 0 0 0 0 0
350 9 0 0 0 0 0 4 1 1
355 8 0 0 0 0 0 4 1 1
362 2 1 1 1 0 0 0 0 0
363 7 1 1 0 0 0 4 1 1
369 2 0 0 1 0 0 0 0 0
384 2 0 0 2 0 0 0 0 0
fn=init_cpu_features.constprop.0
303 3 0 0 0 0 0 0 0 0
304 2 0 0 0 0 0 0 0 0
305 6 1 1 0 0 0 4 0 0
310 2 0 0 0 0 0 0 0 0
311 6 1 1 0 0 0 4 0 0
316 2 0 0 0 0 0 0 0 0
317 7 1 1 0 0 0 4 0 0
399 7 1 1 0 0 0 6 0 0
402 1 0 0 0 0 0 1 0 0
403 1 0 0 0 0 0 1 0 0
404 1 0 0 0 0 0 1 0 0
415 3 0 0 0 0 0 1 0 0
418 6 1 1 0 0 0 0 0 0
419 1 1 1 0 0 0 0 0 0
422 2 0 0 0 0 0 1 0 0
424 6 1 1 0 0 0 1 0 0
429 1 0 0 0 0 0 1 0 0
431 3 0 0 1 0 0 0 0 0
433 5 1 1 2 0 0 1 0 0
434 15 2 2 0 0 0 0 0 0
489 3 0 0 1 0 0 0 0 0
503 1 1 1 1 0 0 0 0 0
513 9 0 0 1 1 1 0 0 0
555 1 1 1 1 0 0 0 0 0
556 1 0 0 0 0 0 0 0 0
564 2 0 0 1 0 0 0 0 0
571 2 1 1 1 0 0 0 0 0
573 1 0 0 1 0 0 0 0 0
577 2 0 0 1 0 0 0 0 0
583 2 0 0 1 0 0 0 0 0
585 1 0 0 0 0 0 0 0 0
687 3 1 1 1 0 0 0 0 0
688 1 0 0 1 0 0 0 0 0
691 2 0 0 0 0 0 0 0 0
692 1 0 0 1 0 0 0 0 0
698 1 0 0 0 0 0 1 0 0
699 1 0 0 0 0 0 1 0 0
700 1 1 1 0 0 0 1 0 0
701 2 0 0 1 0 0 1 0 0
706 4 0 0 0 0 0 1 0 0
710 3 0 0 1 0 0 0 0 0
723 2 0 0 0 0 0 0 0 0
724 4 0 0 1 0 0 0 0 0
770 1 0 0 0 0 0 1 0 0
771 2 1 1 1 0 0 0 0 0
775 3 1 1 1 0 0 0 0 0
792 2 1 1 0 0 0 0 0 0
793 3 0 0 1 0 0 0 0 0
795 3 0 0 0 0 0 0 0 0
796 2 0 0 1 0 0 0 0 0
798 4 0 0 0 0 0 0 0 0
799 1 0 0 0 0 0 0 0 0
802 1 0 0 0 0 0 1 0 0
874 9 0 0 7 0 0 0 0 0
fn=update_active.constprop.0
43 7 1 1 0 0 0 6 0 0
47 1 0 0 1 0 0 0 0 0
55 3 0 0 1 0 0 0 0 0
56 3 1 1 0 0 0 0 0 0
57 1 0 0 1 0 0 0 0 0
65 4 0 0 1 0 0 1 0 0
66 1 0 0 1 0 0 0 0 0
74 3 1 1 1 0 0 0 0 0
75 1 0 0 1 0 0 0 0 0
76 3 0 0 0 0 0 1 1 1
80 4 0 0 0 0 0 1 0 0
83 4 0 0 1 0 0 1 0 0
84 1 1 1 1 0 0 0 0 0
87 4 0 0 1 0 0 1 0 0
88 2 0 0 1 0 0 1 0 0
92 4 0 0 1 0 0 1 0 0
93 3 1 1 2 0 0 0 0 0
94 3 0 0 2 0 0 0 0 0
95 2 0 0 1 0 0 1 0 0
97 4 1 1 1 0 0 1 0 0
98 3 0 0 2 1 1 0 0 0
101 6 0 0 0 0 0 1 0 0
109 2 0 0 0 0 0 0 0 0
113 2 0 0 0 0 0 0 0 0
115 4 0 0 0 0 0 0 0 0
119 2 1 1 0 0 0 0 0 0
121 1 0 0 0 0 0 0 0 0
124 2 0 0 0 0 0 0 0 0
126 2 0 0 0 0 0 1 0 0
130 1 0 0 0 0 0 0 0 0
131 1 1 1 1 1 1 0 0 0
134 4 0 0 1 0 0 1 0 0
140 4 0 0 0 0 0 1 0 0
142 4 0 0 1 0 0 1 0 0
144 3 1 1 0 0 0 1 0 0
149 4 1 1 0 0 0 0 0 0
198 3 0 0 0 0 0 0 0 0
210 3 0 0 1 0 0 1 0 0
211 1 1 1 1 0 0 0 0 0
214 4 0 0 1 0 0 1 0 0
218 2 0 0 1 0 0 0 0 0
222 3 1 1 0 0 0 0 0 0
223 2 0 0 0 0 0 0 0 0
225 1 1 1 0 0 0 0 0 0
226 1 0 0 0 0 0 0 0 0
229 2 0 0 0 0 0 1 0 0
231 1 0 0 0 0 0 1 0 0
234 2 0 0 0 0 0 0 0 0
285 3 1 1 1 0 0 0 0 0
289 3 0 0 1 0 0 0 0 0
296 1 0 0 0 0 0 1 0 0
297 8 0 0 7 0 0 0 0 0
fl=./elf/../sysdeps/x86/dl-cacheinfo.h
fn=get_common_cache_info.constprop.0
481 9 1 1 0 0 0 6 0 0
496 1 0 0 1 0 0 0 0 0
497 1 0 0 1 0 0 0 0 0
498 2 0 0 1 0 0 1 0 0
499 1 0 0 1 0 0 0 0 0
500 1 0 0 1 0 0 0 0 0
506 1 1 1 0 0 0 1 0 0
508 9 0 0 3 0 0 0 0 0
511 2 0 0 0 0 0 0 0 0
523 1 0 0 0 0 0 0 0 0
528 3 0 0 1 0 0 0 0 0
532 2 0 0 0 0 0 0 0 0
537 6 1 1 0 0 0 2 0 0
540 24 1 1 0 0 0 2 0 0
546 8 0 0 0 0 0 0 0 0
547 8 1 1 0 0 0 0 0 0
550 26 0 0 0 0 0 0 0 0
555 2 0 0 0 0 0 0 0 0
559 3 1 1 0 0 0 1 0 0
560 1 0 0 0 0 0 0 0 0
564 6 0 0 0 0 0 0 0 0
568 3 0 0 0 0 0 0 0 0
571 4 0 0 0 0 0 1 0 0
572 1 0 0 0 0 0 0 0 0
577 4 0 0 0 0 0 0 0 0
583 4 0 0 0 0 0 0 0 0
591 8 1 1 2 0 0 0 0 0
593 2 0 0 0 0 0 0 0 0
595 5 0 0 1 0 0 0 0 0
597 11 1 1 0 0 0 0 0 0
600 2 0 0 0 0 0 0 0 0
601 9 0 0 0 0 0 1 0 0
603 4 1 1 0 0 0 0 0 0
606 2 0 0 0 0 0 0 0 0
611 1 0 0 1 0 0 0 0 0
613 4 0 0 0 0 0 0 0 0
614 4 0 0 0 0 0 1 0 0
615 1 0 0 0 0 0 0 0 0
618 2 0 0 0 0 0 0 0 0
621 2 1 1 0 0 0 0 0 0
625 2 0 0 1 0 0 0 0 0
628 1 1 1 0 0 0 0 0 0
630 4 0 0 0 0 0 0 0 0
631 1 0 0 0 0 0 0 0 0
636 2 0 0 0 0 0 0 0 0
641 3 0 0 1 0 0 0 0 0
642 2 1 1 0 0 0 1 0 0
643 2 0 0 0 0 0 0 0 0
644 3 0 0 0 0 0 0 0 0
645 2 0 0 1 0 0 0 0 0
680 4 1 1 0 0 0 0 0 0
681 5 0 0 0 0 0 0 0 0
685 2 0 0 1 0 0 0 0 0
692 1 0 0 0 0 0 1 0 0
693 1 0 0 0 0 0 1 0 0
694 1 0 0 0 0 0 1 0 0
695 7 0 0 7 0 0 0 0 0
fn=handle_intel.constprop.0
250 96 0 0 0 0 0 72 0 0
255 24 1 1 12 0 0 0 0 0
263 12 0 0 0 0 0 12 0 0
264 12 0 0 0 0 0 12 0 0
266 4 0 0 1 0 0 0 0 0
272 48 0 0 0 0 0 12 0 0
279 24 1 1 0 0 0 12 0 0
280 60 0 0 0 0 0 0 0 0
284 60 1 1 0 0 0 12 0 0
286 24 0 0 0 0 0 0 0 0
289 60 0 0 0 0 0 12 0 0
291 24 0 0 0 0 0 0 0 0
294 5 0 0 0 0 0 1 0 0
296 2 0 0 0 0 0 0 0 0
299 5 0 0 1 0 0 1 0 0
301 2 0 0 0 0 0 0 0 0
305 3 0 0 0 0 0 0 0 0
310 96 0 0 84 0 0 0 0 0
fn=init_cpu_features.constprop.0
706 1 0 0 0 0 0 1 0 0
707 1 0 0 0 0 0 1 0 0
709 1 0 0 0 0 0 1 0 0
723 2 0 0 0 0 0 0 0 0
725 3 2 2 0 0 0 1 0 0
726 4 0 0 0 0 0 2 0 0
727 4 0 0 0 0 0 2 0 0
728 1 0 0 0 0 0 1 0 0
731 3 0 0 0 0 0 2 0 0
733 3 1 1 0 0 0 1 0 0
734 1 0 0 0 0 0 1 0 0
736 3 0 0 0 0 0 2 0 0
738 3 0 0 0 0 0 2 0 0
739 1 0 0 0 0 0 1 0 0
741 3 1 1 0 0 0 2 0 0
743 3 0 0 0 0 0 2 0 0
744 1 0 0 0 0 0 1 0 0
746 3 0 0 0 0 0 2 0 0
748 3 0 0 0 0 0 1 0 0
750 3 0 0 0 0 0 1 0 0
752 5 1 1 0 0 0 1 0 0
848 1 0 0 0 0 0 1 1 1
849 1 0 0 0 0 0 1 0 0
850 1 0 0 0 0 0 1 0 0
851 2 1 1 1 0 0 1 0 0
852 2 0 0 1 0 0 1 0 0
853 2 0 0 1 0 0 1 0 0
854 2 0 0 1 0 0 1 1 1
855 2 1 1 1 0 0 1 0 0
856 2 0 0 1 0 0 1 0 0
857 1 0 0 0 0 0 1 0 0
858 1 1 1 0 0 0 1 0 0
859 1 0 0 0 0 0 1 0 0
873 10 0 0 3 0 0 0 0 0
878 1 0 0 0 0 0 0 0 0
879 6 1 1 2 0 0 0 0 0
887 1 0 0 1 0 0 0 0 0
888 2 0 0 0 0 0 0 0 0
899 7 1 1 1 0 0 0 0 0
910 2 0 0 0 0 0 0 0 0
911 1 0 0 1 0 0 0 0 0
918 10 1 1 0 0 0 0 0 0
936 3 0 0 1 0 0 0 0 0
944 6 1 1 1 0 0 2 0 0
946 2 0 0 0 0 0 0 0 0
949 5 0 0 1 0 0 1 0 0
951 2 0 0 0 0 0 0 0 0
954 5 1 1 1 0 0 1 0 0
955 5 0 0 0 0 0 0 0 0
959 7 0 0 1 0 0 3 0 0
961 2 1 1 0 0 0 0 0 0
966 6 0 0 1 0 0 2 0 0
969 9 1 1 1 0 0 4 0 0
970 8 0 0 1 0 0 4 0 0
971 11 1 1 2 0 0 4 0 0
974 10 1 1 1 0 0 4 0 0
976 9 1 1 1 0 0 4 0 0
986 4 0 0 3 0 0 0 0 0
992 1 0 0 0 0 0 1 0 0
993 1 0 0 0 0 0 1 0 0
994 1 0 0 0 0 0 1 0 0
995 2 1 1 0 0 0 1 0 0
996 2 1 1 1 0 0 1 0 0
997 1 0 0 0 0 0 1 0 0
fn=intel_check_word.constprop.0
110 690 1 1 345 8 8 0 0 0
113 345 0 0 0 0 0 0 0 0
119 104 0 0 0 0 0 78 0 0
123 78 1 1 0 0 0 0 0 0
125 15 0 0 0 0 0 0 0 0
129 156 0 0 0 0 0 0 0 0
131 154 0 0 0 0 0 0 0 0
133 63 0 0 0 0 0 0 0 0
135 126 0 0 0 0 0 0 0 0
143 126 1 1 0 0 0 0 0 0
152 12 0 0 0 0 0 0 0 0
155 123 0 0 0 0 0 0 0 0
158 99 0 0 0 0 0 0 0 0
162 64 1 1 0 0 0 0 0 0
164 192 0 0 0 0 0 0 0 0
165 24 0 0 0 0 0 0 0 0
167 120 0 0 0 0 0 0 0 0
168 72 1 1 0 0 0 0 0 0
169 60 0 0 0 0 0 0 0 0
170 48 0 0 0 0 0 0 0 0
172 11 1 1 0 0 0 0 0 0
174 22 0 0 0 0 0 0 0 0
176 12 1 1 0 0 0 0 0 0
177 16 0 0 0 0 0 0 0 0
178 12 1 1 0 0 0 0 0 0
179 20 0 0 0 0 0 0 0 0
180 14 0 0 0 0 0 0 0 0
181 12 0 0 0 0 0 0 0 0
183 8 0 0 0 0 0 0 0 0
184 12 0 0 0 0 0 0 0 0
187 21 0 0 0 0 0 0 0 0
194 204 0 0 0 0 0 0 0 0
202 175 0 0 50 0 0 0 0 0
216 51 0 0 0 0 0 0 0 0
246 104 0 0 104 0 0 0 0 0
fl=./elf/../sysdeps/x86/dl-get-cpu-features.c
fn=__x86_cpu_features
39 3 1 1 1 1 0 0 0 0
71 2 0 0 1 0 0 0 0 0
fn=_dl_x86_init_cpu_features
39 3 1 1 1 0 0 0 0 0
41 1 0 0 0 0 0 0 0 0
fl=./elf/../sysdeps/x86/dl-hwcap.h
fn=_dl_important_hwcaps
57 6 0 0 1 0 0 0 0 0
fl=./elf/../sysdeps/x86/dl-procinfo.h
fn=search_cache
39 8 0 0 0 0 0 0 0 0
42 28 1 1 0 0 0 8 0 0
fl=./elf/../sysdeps/x86/dl-prop.h
fn=_dl_map_object_from_fd
95 28 1 1 14 0 0 0 0 0
100 4 1 1 0 0 0 2 0 0
101 2 0 0 0 0 0 2 0 0
102 2 0 0 0 0 0 0 0 0
103 2 0 0 0 0 0 0 0 0
105 18 0 0 0 0 0 0 0 0
108 6 0 0 2 0 0 0 0 0
109 4 0 0 2 0 0 0 0 0
110 4 1 1 2 0 0 0 0 0
114 6 0 0 2 0 0 0 0 0
118 6 0 0 0 0 0 2 0 0
121 6 0 0 2 0 0 0 0 0
122 4 0 0 0 0 0 0 0 0
126 2 0 0 0 0 0 0 0 0
127 8 1 1 0 0 0 4 0 0
131 4 1 1 2 0 0 0 0 0
132 2 0 0 2 0 0 0 0 0
135 4 0 0 0 0 0 0 0 0
138 2 0 0 0 0 0 0 0 0
139 8 0 0 0 0 0 0 0 0
144 8 0 0 0 0 0 0 0 0
151 4 1 1 0 0 0 0 0 0
164 4 0 0 0 0 0 0 0 0
167 8 0 0 4 1 1 0 0 0
192 2 0 0 0 0 0 0 0 0
193 8 0 0 0 0 0 0 0 0
198 16 1 1 4 0 0 0 0 0
200 8 0 0 2 0 0 2 0 0
201 2 0 0 0 0 0 2 0 0
202 2 0 0 0 0 0 2 0 0
203 4 0 0 0 0 0 2 0 0
212 16 0 0 14 0 0 0 0 0
213 7 0 0 7 0 0 0 0 0
fn=dl_main
36 2 1 1 2 0 0 0 0 0
37 24 0 0 0 0 0 0 0 0
40 10 0 0 10 0 0 0 0 0
49 40 1 1 13 1 0 0 0 0
53 39 0 0 7 2 0 0 0 0
95 8 0 0 4 0 0 0 0 0
100 2 0 0 0 0 0 1 0 0
101 1 0 0 0 0 0 1 0 0
102 1 1 1 0 0 0 0 0 0
103 1 0 0 0 0 0 0 0 0
105 10 0 0 0 0 0 0 0 0
108 3 1 1 1 0 0 0 0 0
109 2 0 0 1 0 0 0 0 0
110 2 0 0 1 0 0 0 0 0
114 3 0 0 1 0 0 0 0 0
118 3 0 0 0 0 0 1 0 0
121 3 1 1 1 0 0 0 0 0
122 2 0 0 0 0 0 0 0 0
126 1 0 0 0 0 0 0 0 0
127 5 0 0 0 0 0 3 0 0
131 2 1 1 1 0 0 0 0 0
132 1 0 0 1 0 0 0 0 0
135 2 1 1 0 0 0 0 0 0
138 1 0 0 0 0 0 0 0 0
139 4 0 0 0 0 0 0 0 0
144 4 0 0 0 0 0 0 0 0
151 2 0 0 0 0 0 0 0 0
164 2 1 1 0 0 0 0 0 0
167 1 0 0 1 0 0 0 0 0
170 4 0 0 2 0 0 0 0 0
192 1 0 0 0 0 0 0 0 0
193 4 0 0 0 0 0 0 0 0
198 9 1 1 2 0 0 0 0 0
200 4 1 1 1 0 0 1 0 0
201 1 0 0 0 0 0 1 0 0
202 1 0 0 0 0 0 1 0 0
203 2 0 0 0 0 0 1 0 0
212 5 0 0 4 0 0 0 0 0
213 2 0 0 2 0 0 0 0 0
fl=./elf/../sysdeps/x86/get-isa-level.h
fn=_dl_hwcaps_subdirs_active
30 2 0 0 0 0 0 0 0 0
31 3 1 1 1 0 0 0 0 0
32 3 0 0 1 0 0 0 0 0
36 3 1 1 0 0 0 0 0 0
39 4 0 0 1 0 0 0 0 0
40 4 0 0 1 0 0 0 0 0
45 4 0 0 0 0 0 0 0 0
48 2 1 1 0 0 0 0 0 0
51 5 0 0 1 0 0 0 0 0
53 4 0 0 0 0 0 0 0 0
54 2 0 0 0 0 0 0 0 0
55 2 0 0 0 0 0 0 0 0
58 2 0 0 0 0 0 0 0 0
61 2 0 0 0 0 0 0 0 0
fn=update_active.constprop.0
28 1 0 0 0 0 0 0 0 0
30 2 0 0 0 0 0 0 0 0
31 2 0 0 0 0 0 0 0 0
32 3 1 1 0 0 0 0 0 0
36 3 0 0 0 0 0 0 0 0
38 1 0 0 0 0 0 0 0 0
39 3 2 2 1 0 0 0 0 0
40 4 0 0 1 0 0 0 0 0
45 4 0 0 0 0 0 0 0 0
47 1 0 0 0 0 0 0 0 0
48 2 0 0 0 0 0 0 0 0
51 5 1 1 1 0 0 0 0 0
53 4 0 0 0 0 0 0 0 0
54 2 0 0 0 0 0 0 0 0
55 2 1 1 0 0 0 0 0 0
57 1 0 0 0 0 0 0 0 0
58 2 0 0 0 0 0 0 0 0
61 2 0 0 0 0 0 0 0 0
fl=./elf/../sysdeps/x86_64/dl-hwcaps-subdirs.c
fn=_dl_hwcaps_subdirs_active
38 3 0 0 0 0 0 0 0 0
43 1 0 0 0 0 0 0 0 0
48 1 1 1 0 0 0 0 0 0
52 1 0 0 1 0 0 0 0 0
fl=./elf/../sysdeps/x86_64/dl-irel.h
fn=_dl_fixup
32 8 4 2 0 0 0 8 0 0
fl=./elf/../sysdeps/x86_64/dl-machine.h
fn=_dl_fixup
220 122 2 2 0 0 0 122 0 0
fn=_dl_relocate_object
72 28 0 0 7 0 0 0 0 0
78 20 0 0 15 4 0 0 0 0
82 15 1 1 5 5 5 0 0 0
88 5 0 0 0 0 0 5 0 0
98 10 0 0 0 0 0 0 0 0
118 10 0 0 5 1 0 0 0 0
121 10 0 0 0 0 0 5 0 0
123 20 2 2 5 3 0 0 0 0
126 5 0 0 0 0 0 0 0 0
253 6782 1 1 0 0 0 0 0 0
260 6782 0 0 0 0 0 0 0 0
264 6782 0 0 0 0 0 0 0 0
273 27050 6 6 10134 6 0 0 0 0
276 13489 0 0 3359 0 0 0 0 0
277 6760 1 1 0 0 0 0 0 0
278 6752 0 0 0 0 0 0 0 0
303 20346 1 1 3391 8 3 0 0 0
330 6 1 1 0 0 0 0 0 0
331 9 0 0 6 1 0 3 2 1
336 6 0 0 2 0 0 0 0 0
338 4 0 0 4 0 0 0 0 0
347 4 0 0 2 0 0 2 0 0
384 54 1 1 18 0 0 0 0 0
386 72 0 0 18 0 0 0 0 0
390 54 0 0 36 2 2 0 0 0
399 36 0 0 18 0 0 18 6 6
407 9446 0 0 6081 350 350 3365 1180 433
444 9 1 1 3 0 0 0 0 0
448 12 0 0 3 0 0 6 0 0
449 12 0 0 6 0 0 0 0 0
450 15 1 1 9 0 0 0 0 0
451 6 0 0 0 0 0 0 0 0
460 4 0 0 4 0 0 0 0 0
461 6 0 0 2 0 0 0 0 0
462 2 0 0 0 0 0 2 0 0
463 2 0 0 0 0 0 2 2 1
482 2706 0 0 902 112 112 0 0 0
483 902 0 0 0 0 0 902 250 244
487 1804 0 0 0 0 0 0 0 0
488 1804 0 0 902 115 115 0 0 0
498 2398 0 0 1199 0 0 0 0 0
502 2284 0 0 0 0 0 0 0 0
505 3426 0 0 1142 0 0 0 0 0
506 1142 0 0 1142 150 150 0 0 0
532 114 0 0 114 0 0 0 0 0
533 171 0 0 57 0 0 0 0 0
534 57 0 0 0 0 0 57 0 0
535 57 0 0 0 0 0 57 0 0
fn=_dl_start
72 1 0 0 1 0 0 0 0 0
264 21 1 1 0 0 0 0 0 0
273 59 1 1 21 7 7 1 1 1
276 14 0 0 7 0 0 0 0 0
277 28 0 0 0 0 0 0 0 0
303 21 0 0 0 0 0 0 0 0
307 6 0 0 0 0 0 6 2 2
fn=_dl_sysdep_start
206 1 0 0 0 0 0 1 0 0
fl=./elf/../sysdeps/x86_64/dl-runtime.h
fn=_dl_fixup
28 122 0 0 0 0 0 0 0 0
fl=./elf/../sysdeps/x86_64/dl-trampoline.h
fn=_dl_runtime_resolve_xsave
76 122 5 2 0 0 0 122 0 0
79 122 0 0 0 0 0 0 0 0
81 122 0 0 0 0 0 0 0 0
91 122 0 0 122 4 1 0 0 0
97 122 0 0 0 0 0 122 3 1
98 122 0 0 0 0 0 122 0 0
99 122 0 0 0 0 0 122 0 0
100 122 2 2 0 0 0 122 0 0
101 122 0 0 0 0 0 122 0 0
102 122 0 0 0 0 0 122 0 0
103 122 0 0 0 0 0 122 0 0
107 122 0 0 0 0 0 0 0 0
108 122 0 0 0 0 0 0 0 0
111 122 0 0 0 0 0 122 2 0
112 122 0 0 0 0 0 122 0 0
114 122 0 0 0 0 0 122 0 0
115 122 0 0 0 0 0 122 0 0
116 122 0 0 0 0 0 122 0 0
117 122 3 2 0 0 0 122 0 0
118 122 0 0 0 0 0 122 0 0
119 122 0 0 0 0 0 122 0 0
121 122 0 0 122 0 0 4026 26 3
128 122 0 0 122 0 0 0 0 0
129 122 0 0 122 0 0 0 0 0
130 122 0 0 0 0 0 122 4 0
131 122 0 0 0 0 0 0 0 0
136 122 0 0 0 0 0 0 0 0
137 122 0 0 0 0 0 0 0 0
138 122 0 0 4392 0 0 0 0 0
140 122 0 0 122 0 0 0 0 0
141 122 2 2 122 0 0 0 0 0
142 122 0 0 122 0 0 0 0 0
143 122 0 0 122 0 0 0 0 0
144 122 0 0 122 0 0 0 0 0
145 122 0 0 122 0 0 0 0 0
146 122 0 0 122 0 0 0 0 0
148 122 0 0 0 0 0 0 0 0
150 122 0 0 122 0 0 0 0 0
154 122 0 0 0 0 0 0 0 0
156 122 0 0 0 0 0 0 0 0
fl=./elf/../sysdeps/x86_64/tls_get_addr.S
fn=__tls_get_addr
30 293 4 2 293 0 0 0 0 0
31 293 0 0 293 7 1 0 0 0
33 293 0 0 293 7 1 0 0 0
34 293 0 0 0 0 0 0 0 0
35 293 0 0 293 7 1 0 0 0
38 293 0 0 0 0 0 0 0 0
39 293 0 0 293 0 0 0 0 0
43 293 0 0 0 0 0 0 0 0
44 293 0 0 0 0 0 0 0 0
45 293 0 0 293 0 0 0 0 0
46 293 0 0 293 0 0 0 0 0
fl=./elf/./dl-find_object.h
fn=_dl_find_object_from_map
95 14 1 1 7 4 0 7 2 2
96 14 0 0 7 0 0 7 0 0
97 7 0 0 0 0 0 7 3 3
103 35 0 0 14 6 0 0 0 0
104 176 0 0 0 0 0 0 0 0
105 122 1 1 61 52 6 0 0 0
107 21 0 0 14 2 0 7 0 0
112 7 0 0 7 0 0 0 0 0
fl=./elf/./dl-hwcaps.h
fn=_dl_important_hwcaps
54 9 0 0 1 0 0 4 0 0
56 7 0 0 0 0 0 4 0 0
57 1 0 0 0 0 0 0 0 0
88 5 1 1 2 0 0 3 0 0
89 8 0 0 2 0 0 3 0 0
90 3 0 0 0 0 0 0 0 0
fn=copy_hwcaps
54 2 0 0 0 0 0 2 1 1
56 4 0 0 0 0 0 2 0 0
88 2 0 0 0 0 0 2 0 0
89 2 0 0 0 0 0 2 0 0
90 2 0 0 0 0 0 0 0 0
fl=./elf/./dl-load.h
fn=_dl_map_object_from_fd
91 40 0 0 0 0 0 0 0 0
92 15 0 0 10 0 0 5 0 0
94 40 1 1 20 0 0 0 0 0
95 16 1 1 8 0 0 0 0 0
96 24 1 1 8 0 0 0 0 0
97 16 0 0 4 0 0 0 0 0
99 16 0 0 0 0 0 4 0 0
fl=./elf/./dl-main.h
fn=dl_main
112 5 2 2 4 0 0 1 0 0
fl=./elf/./dl-map-segments.h
fn=_dl_map_object_from_fd
28 15 1 1 5 0 0 0 0 0
29 50 1 1 25 0 0 10 0 0
101 5 0 0 0 0 0 5 0 0
102 15 0 0 5 0 0 0 0 0
105 15 1 1 5 0 0 5 0 0
106 10 0 0 0 0 0 5 0 0
108 10 0 0 5 0 0 0 0 0
125 5 1 1 5 0 0 0 0 0
127 5 0 0 5 0 0 0 0 0
135 120 0 0 20 0 0 0 0 0
137 60 1 1 30 0 0 0 0 0
139 165 0 0 60 0 0 30 0 0
140 15 0 0 15 0 0 0 0 0
149 80 0 0 40 0 0 0 0 0
155 10 0 0 5 0 0 0 0 0
156 5 0 0 0 0 0 0 0 0
157 25 1 1 5 0 0 0 0 0
158 10 0 0 0 0 0 0 0 0
165 10 0 0 0 0 0 0 0 0
168 10 0 0 0 0 0 0 0 0
176 45 0 0 10 0 0 15 0 0
182 10 0 0 0 0 0 0 0 0
186 16 1 1 0 0 0 2 0 0
189 4 1 1 0 0 0 0 0 0
194 20 1 1 0 0 0 0 0 0
fl=./elf/./dl-sym-post.h
fn=lookup_malloc_symbol
41 8 0 0 0 0 0 0 0 0
53 12 0 0 4 0 0 0 0 0
fl=./elf/./dl-tunable-types.h
fn=do_tunable_update_val
90 10 1 1 0 0 0 0 0 0
fl=./elf/./elf/dl-audit.c
fn=_dl_audit_activity_map
29 7 0 0 0 0 0 6 0 0
30 1 0 0 1 0 0 0 0 0
31 3 1 1 1 0 0 0 0 0
37 8 1 1 7 0 0 0 0 0
fn=_dl_audit_activity_nsid
45 4 1 1 1 0 0 0 0 0
47 3 0 0 1 0 0 0 0 0
51 1 0 0 1 0 0 0 0 0
fn=_dl_audit_objopen
78 20 1 1 10 0 0 0 0 0
fn=_dl_audit_preinit
119 4 1 1 2 1 0 0 0 0
fl=./elf/./elf/dl-cache.c
fn=_dl_cache_libcmp
367 42 1 1 0 0 0 0 0 0
368 702 0 0 234 0 0 0 0 0
370 690 0 0 0 0 0 0 0 0
372 468 0 0 230 35 35 0 0 0
378 12 0 0 0 0 0 0 0 0
379 12 0 0 0 0 0 0 0 0
380 16 1 1 4 0 0 0 0 0
382 16 0 0 4 0 0 0 0 0
384 8 0 0 0 0 0 0 0 0
390 452 0 0 0 0 0 0 0 0
392 452 0 0 0 0 0 0 0 0
393 114 0 0 38 0 0 0 0 0
396 188 1 1 0 0 0 0 0 0
397 188 0 0 0 0 0 0 0 0
400 12 0 0 8 0 0 0 0 0
fn=_dl_load_cache_lookup
413 20 1 1 0 0 0 8 0 0
415 8 0 0 4 0 0 0 0 0
418 12 1 1 4 0 0 0 0 0
421 6 2 2 0 0 0 2 0 0
429 6 0 0 2 0 0 0 0 0
430 8 1 1 3 1 1 0 0 0
433 6 0 0 0 0 0 0 0 0
434 1 0 0 1 0 0 0 0 0
441 1 1 1 0 0 0 1 0 0
442 2 0 0 0 0 0 1 0 0
487 9 0 0 3 0 0 0 0 0
492 12 0 0 4 0 0 0 0 0
495 24 0 0 4 0 0 4 0 0
510 8 1 1 4 0 0 0 0 0
514 8 0 0 0 0 0 0 0 0
522 12 0 0 0 0 0 4 0 0
523 20 0 0 0 0 0 0 0 0
524 12 0 0 0 0 0 4 0 0
525 4 1 1 0 0 0 4 0 0
526 12 0 0 12 0 0 0 0 0
fn=_dl_unload_cache
535 1 1 0 0 0 0 0 0 0
536 4 1 1 1 1 0 0 0 0
538 2 0 0 1 1 0 1 0 0
539 1 0 0 0 0 0 1 0 0
543 1 0 0 0 0 0 1 0 0
545 2 0 0 1 0 0 0 0 0
fn=search_cache
194 76 0 0 0 0 0 0 0 0
206 52 2 2 0 0 0 40 1 1
208 4 0 0 4 0 0 0 0 0
211 24 1 1 4 0 0 8 0 0
213 76 2 2 20 0 0 16 0 0
214 8 0 0 0 0 0 0 0 0
216 24 0 0 8 0 0 4 0 0
228 76 0 0 0 0 0 0 0 0
230 190 1 1 0 0 0 0 0 0
231 80 0 0 42 30 30 0 0 0
235 76 0 0 0 0 0 0 0 0
236 44 1 1 12 0 0 4 0 0
239 114 0 0 38 0 0 38 0 0
240 76 0 0 0 0 0 0 0 0
248 16 0 0 0 0 0 0 0 0
250 8 0 0 4 0 0 0 0 0
253 8 0 0 0 0 0 0 0 0
255 24 0 0 0 0 0 4 0 0
257 4 0 0 0 0 0 0 0 0
267 8 0 0 0 0 0 0 0 0
277 8 1 1 4 0 0 0 0 0
278 12 0 0 4 0 0 0 0 0
285 8 0 0 4 0 0 0 0 0
294 8 1 1 0 0 0 0 0 0
303 8 0 0 4 0 0 0 0 0
306 8 0 0 4 0 0 0 0 0
311 4 0 0 0 0 0 0 0 0
312 12 0 0 4 0 0 0 0 0
340 8 0 0 0 0 0 4 0 0
356 34 0 0 0 0 0 0 0 0
357 19 1 1 0 0 0 0 0 0
359 15 0 0 0 0 0 0 0 0
363 36 1 1 32 0 0 0 0 0
fl=./elf/./elf/dl-call-libc-early-init.c
fn=_dl_call_libc_early_init
27 3 0 0 0 0 0 2 0 0
29 2 0 0 0 0 0 0 0 0
33 7 1 1 0 0 0 1 0 0
37 2 0 0 0 0 0 0 0 0
39 4 0 0 3 0 0 0 0 0
40 2 0 0 0 0 0 0 0 0
41 3 0 0 2 0 0 0 0 0
fl=./elf/./elf/dl-debug.c
fn=_dl_debug_initialize
56 1 1 1 0 0 0 0 0 0
57 3 1 1 0 0 0 0 0 0
59 2 0 0 0 0 0 0 0 0
63 3 0 0 1 1 1 0 0 0
64 1 0 0 0 0 0 1 0 0
85 3 0 0 1 0 0 0 0 0
90 3 2 2 1 0 0 1 0 0
91 2 0 0 0 0 0 1 0 0
92 1 0 0 0 0 0 1 0 0
95 3 0 0 2 0 0 0 0 0
96 6 1 1 1 0 0 1 0 0
99 2 0 0 0 0 0 0 0 0
107 2 0 0 1 0 0 0 0 0
fn=_dl_debug_state
117 2 1 1 2 0 0 0 0 0
fn=_dl_debug_update
40 12 0 0 0 0 0 0 0 0
41 6 0 0 0 0 0 0 0 0
44 12 1 1 6 1 0 0 0 0
48 6 0 0 6 0 0 0 0 0
fl=./elf/./elf/dl-deps.c
fn=_dl_map_object_deps
128 6 0 0 0 0 0 3 2 2
129 5 0 0 0 0 0 2 0 0
130 6 1 1 0 0 0 1 0 0
132 2 0 0 0 0 0 1 0 0
136 8 1 1 2 0 0 2 0 0
143 13 1 1 0 0 0 7 1 1
144 9 2 2 0 0 0 0 0 0
160 8 0 0 0 0 0 0 0 0
161 1 0 0 1 0 0 0 0 0
164 2 1 1 1 0 0 1 0 0
182 1 0 0 1 0 0 0 0 0
183 6 1 1 4 0 0 0 0 0
184 1 0 0 0 0 0 1 0 0
188 13 0 0 7 0 0 0 0 0
190 37 1 1 0 0 0 20 0 0
193 7 1 1 0 0 0 7 0 0
197 21 0 0 7 2 0 0 0 0
198 53 2 2 20 0 0 0 0 0
201 15 0 0 0 0 0 0 0 0
205 10 0 0 5 0 0 0 0 0
208 22 0 0 11 3 2 0 0 0
210 20 1 1 15 0 0 0 0 0
215 5 1 1 0 0 0 5 0 0
216 5 0 0 0 0 0 5 0 0
217 5 0 0 0 0 0 5 0 0
218 10 0 0 5 0 0 5 0 0
221 606 1 1 164 5 0 5 0 0
222 278 1 1 0 0 0 0 0 0
228 104 1 1 22 0 0 15 1 1
230 11 0 0 0 0 0 11 0 0
232 44 2 2 0 0 0 11 0 0
233 22 0 0 11 0 0 0 0 0
242 11 0 0 11 0 0 0 0 0
244 22 0 0 11 0 0 0 0 0
249 15 1 1 0 0 0 0 0 0
252 5 0 0 0 0 0 5 0 0
253 5 0 0 0 0 0 5 0 0
254 5 0 0 0 0 0 5 0 0
255 10 0 0 5 0 0 5 0 0
257 5 0 0 5 0 0 0 0 0
259 25 0 0 5 0 0 10 0 0
263 33 0 0 11 0 0 0 0 0
264 24 0 0 0 0 0 8 1 1
266 384 1 1 0 0 0 0 0 0
417 14 0 0 0 0 0 0 0 0
419 20 1 1 0 0 0 10 0 0
422 15 0 0 0 0 0 5 0 0
423 20 1 1 10 0 0 0 0 0
429 5 0 0 0 0 0 5 1 1
430 25 0 0 0 0 0 10 0 0
431 30 0 0 5 0 0 5 0 0
434 5 0 0 0 0 0 5 0 0
435 5 0 0 5 0 0 0 0 0
439 21 0 0 7 0 0 0 0 0
441 7 1 1 7 0 0 0 0 0
442 32 0 0 6 0 0 0 0 0
448 5 1 1 1 0 0 0 0 0
449 2 0 0 0 0 0 1 0 0
452 4 0 0 1 0 0 1 0 0
463 5 1 1 1 0 0 2 0 0
465 4 1 1 2 0 0 0 0 0
470 4 0 0 1 0 0 1 0 0
471 1 0 0 0 0 0 1 0 0
472 1 0 0 0 0 0 0 0 0
474 23 0 0 7 0 0 0 0 0
478 21 1 1 7 0 0 0 0 0
483 14 0 0 0 0 0 0 0 0
485 21 0 0 0 0 0 7 2 2
490 7 0 0 7 0 0 0 0 0
495 3 0 0 1 0 0 0 0 0
532 2 1 1 0 0 0 0 0 0
533 2 0 0 0 0 0 0 0 0
536 1 0 0 1 0 0 0 0 0
547 9 2 2 2 0 0 3 0 0
552 9 1 1 1 0 0 2 0 0
553 5 1 1 2 0 0 1 0 0
557 1 0 0 0 0 0 1 0 0
559 2 0 0 1 0 0 1 0 0
560 1 0 0 1 0 0 0 0 0
561 3 0 0 1 0 0 0 0 0
568 3 1 1 1 0 0 0 0 0
571 2 0 0 0 0 0 0 0 0
574 8 0 0 7 0 0 0 0 0
fn=openaux
61 22 0 0 0 0 0 11 0 0
64 121 0 0 44 0 0 22 0 0
65 11 0 0 11 0 0 0 0 0
68 11 0 0 11 0 0 0 0 0
69 22 0 0 22 0 0 0 0 0
fl=./elf/./elf/dl-environ.c
fn=_dl_next_ld_env_entry
29 3 1 1 3 0 0 0 0 0
32 187 0 0 62 0 0 0 0 0
34 122 1 1 61 0 0 0 0 0
35 14 0 0 7 0 0 0 0 0
37 2 0 0 0 0 0 0 0 0
40 4 0 0 0 0 0 2 0 0
42 2 0 0 2 0 0 0 0 0
45 59 0 0 0 0 0 0 0 0
49 1 0 0 1 0 0 0 0 0
fl=./elf/./elf/dl-error-skeleton.c
fn=_dl_catch_error
225 9 1 1 0 0 0 3 0 0
227 2 0 0 0 0 0 1 0 0
228 2 0 0 1 0 0 1 0 0
229 2 0 0 1 0 0 1 0 0
230 2 1 1 1 0 0 1 0 0
232 5 0 0 4 0 0 0 0 0
fn=_dl_catch_exception
175 48 1 1 0 0 0 36 4 4
178 24 0 0 0 0 0 0 0 0
180 24 0 0 12 0 0 12 0 0
185 12 1 1 0 0 0 0 0 0
199 24 0 0 12 0 0 12 0 0
200 24 0 0 0 0 0 12 0 0
203 24 1 1 0 0 0 12 0 0
206 60 0 0 0 0 0 12 0 0
208 36 0 0 24 0 0 12 0 0
209 24 0 0 12 0 0 12 0 0
210 48 0 0 12 0 0 24 0 0
219 24 0 0 12 0 0 0 0 0
fn=_dl_receive_error
238 5 0 0 0 0 0 2 0 0
239 1 0 0 1 0 0 0 0 0
240 1 0 0 1 0 0 0 0 0
243 1 1 1 0 0 0 1 0 0
244 1 0 0 0 0 0 1 0 0
246 1 0 0 0 0 0 1 0 0
248 1 0 0 0 0 0 1 0 0
249 1 0 0 0 0 0 1 0 0
250 4 0 0 3 0 0 0 0 0
fl=./elf/./elf/dl-find_object.c
fn=_dl_find_object_init
561 3 1 1 0 0 0 2 0 0
564 1 0 0 1 1 0 0 0 0
566 2 0 0 1 0 0 0 0 0
567 3 2 2 0 0 0 1 0 0
579 2 1 1 0 0 0 1 0 0
580 3 0 0 1 0 0 1 0 0
582 2 0 0 0 0 0 0 0 0
585 2 0 0 0 0 0 0 0 0
590 1 1 1 0 0 0 1 0 0
591 1 0 0 0 0 0 1 0 0
594 3 0 0 1 0 0 0 0 0
596 2 0 0 0 0 0 1 0 0
599 6 0 0 3 0 0 1 0 0
601 1 0 0 0 0 0 0 0 0
604 4 0 0 3 0 0 0 0 0
fn=_dlfo_process_initial
474 4 0 0 0 0 0 2 0 0
475 2 0 0 2 0 0 0 0 0
477 2 0 0 0 0 0 0 0 0
478 4 1 1 2 0 0 0 0 0
504 22 1 1 4 1 0 0 0 0
505 34 0 0 2 0 0 0 0 0
506 14 0 0 14 1 0 0 0 0
508 52 1 1 12 0 0 0 0 0
511 48 0 0 12 0 0 0 0 0
513 36 1 1 12 0 0 0 0 0
515 12 0 0 0 0 0 6 0 0
516 12 0 0 0 0 0 0 0 0
517 24 0 0 0 0 0 0 0 0
529 2 0 0 0 0 0 2 0 0
531 8 0 0 4 0 0 0 0 0
fn=_dlfo_sort_mappings
537 2 1 1 0 0 0 0 0 0
540 24 0 0 5 0 0 0 0 0
544 10 0 0 5 0 0 0 0 0
545 70 1 1 0 0 0 0 0 0
546 85 0 0 15 0 0 0 0 0
553 20 0 0 10 0 0 0 0 0
554 25 0 0 10 0 0 10 0 0
555 10 0 0 0 0 0 10 0 0
557 1 0 0 1 0 0 0 0 0
fl=./elf/./elf/dl-hwcaps.c
fn=_dl_important_hwcaps
55 16 2 2 0 0 0 4 0 0
57 2 0 0 0 0 0 0 0 0
58 6 0 0 2 0 0 0 0 0
59 2 0 0 0 0 0 0 0 0
103 4 0 0 0 0 0 2 0 0
105 3 1 1 1 0 0 0 0 0
108 1 0 0 0 0 0 1 0 0
111 2 0 0 0 0 0 1 0 0
115 4 1 1 0 0 0 1 0 0
117 1 0 0 0 0 0 0 0 0
128 12 1 1 0 0 0 3 0 0
130 10 0 0 4 0 0 2 1 1
131 4 0 0 2 0 0 2 0 0
132 4 0 0 0 0 0 2 0 0
133 2 0 0 0 0 0 0 0 0
136 5 0 0 1 0 0 0 0 0
145 14 0 0 7 0 0 1 0 0
146 10 0 0 0 0 0 1 0 0
148 8 1 1 1 0 0 5 0 0
154 2 1 1 2 0 0 0 0 0
158 7 1 1 2 0 0 1 0 0
159 3 0 0 1 0 0 0 0 0
160 3 0 0 0 0 0 0 0 0
164 1 0 0 1 0 0 0 0 0
165 3 0 0 1 0 0 1 0 0
166 2 0 0 0 0 0 2 0 0
175 13 2 2 0 0 0 10 3 3
176 6 0 0 1 0 0 1 1 1
178 2 0 0 1 0 0 1 0 0
179 4 0 0 1 0 0 1 0 0
187 2 0 0 0 0 0 2 0 0
188 4 1 1 1 0 0 0 0 0
198 2 1 1 0 0 0 1 0 0
199 4 0 0 0 0 0 1 0 0
203 17 0 0 1 0 0 0 0 0
204 6 0 0 0 0 0 0 0 0
205 4 1 1 0 0 0 0 0 0
208 1 0 0 0 0 0 0 0 0
228 6 0 0 0 0 0 2 0 0
230 8 0 0 3 0 0 0 0 0
231 4 0 0 2 0 0 2 1 1
233 1 0 0 0 0 0 1 0 0
234 2 0 0 0 0 0 2 0 0
235 9 1 1 0 0 0 3 0 0
236 3 1 1 0 0 0 0 0 0
238 3 0 0 1 0 0 0 0 0
240 2 1 1 0 0 0 1 0 0
241 2 0 0 1 0 0 1 0 0
242 3 0 0 0 0 0 0 0 0
245 5 0 0 0 0 0 1 0 0
246 1 0 0 0 0 0 1 0 0
249 3 1 1 1 0 0 0 0 0
253 2 0 0 0 0 0 0 0 0
254 4 1 1 1 0 0 2 0 0
257 4 0 0 2 0 0 1 0 0
258 2 0 0 0 0 0 0 0 0
260 3 1 1 0 0 0 0 0 0
261 4 0 0 0 0 0 0 0 0
262 4 0 0 1 0 0 0 0 0
263 2 1 1 0 0 0 0 0 0
270 4 0 0 1 0 0 0 0 0
274 9 0 0 2 0 0 2 1 1
281 5 1 1 1 0 0 1 0 0
282 2 0 0 0 0 0 0 0 0
289 1 1 1 0 0 0 1 0 0
290 6 0 0 2 0 0 2 0 0
291 5 0 0 1 0 0 1 0 0
292 5 1 1 2 0 0 1 0 0
295 1 0 0 1 0 0 0 0 0
296 1 0 0 1 0 0 0 0 0
303 4 0 0 2 0 0 0 0 0
305 1 0 0 0 0 0 1 0 0
314 2 0 0 1 0 0 1 0 0
327 1 0 0 0 0 0 1 1 1
330 2 1 1 0 0 0 0 0 0
337 7 0 0 3 0 0 1 0 0
340 2 0 0 0 0 0 0 0 0
343 17 0 0 7 0 0 5 0 0
346 13 1 1 2 0 0 1 0 0
347 22 1 1 0 0 0 6 0 0
348 5 1 1 2 0 0 2 0 0
351 10 0 0 4 0 0 4 0 0
353 16 1 1 7 0 0 0 0 0
358 25 0 0 0 0 0 0 0 0
359 8 0 0 0 0 0 8 0 0
363 17 1 1 0 0 0 0 0 0
366 66 0 0 0 0 0 0 0 0
367 72 0 0 0 0 0 0 0 0
368 36 0 0 24 0 0 0 0 0
370 9 1 1 0 0 0 0 0 0
373 6 0 0 2 0 0 0 0 0
374 2 0 0 0 0 0 0 0 0
375 9 0 0 0 0 0 0 0 0
377 6 1 1 0 0 0 0 0 0
378 2 0 0 2 0 0 0 0 0
380 1 0 0 1 0 0 0 0 0
381 7 0 0 0 0 0 2 0 0
388 18 1 1 5 0 0 4 0 0
389 4 0 0 0 0 0 0 0 0
391 8 0 0 0 0 0 0 0 0
394 3 0 0 2 0 0 0 0 0
400 9 0 0 7 0 0 0 0 0
fn=copy_hwcaps
77 12 1 1 0 0 0 8 0 0
80 16 0 0 0 0 0 4 0 0
82 6 1 1 4 0 0 2 0 0
83 16 0 0 4 0 0 6 1 1
87 2 0 0 0 0 0 2 0 0
88 2 0 0 2 0 0 0 0 0
89 6 0 0 2 0 0 2 0 0
90 4 0 0 0 0 0 2 0 0
91 4 0 0 0 0 0 2 0 0
93 12 0 0 10 0 0 0 0 0
fl=./elf/./elf/dl-hwcaps_split.c
fn=_dl_hwcaps_contains
67 12 1 1 0 0 0 0 0 0
68 6 1 1 0 0 0 0 0 0
77 6 0 0 6 0 0 0 0 0
fn=_dl_hwcaps_split
25 45 0 0 0 0 0 30 0 0
26 45 0 0 15 0 0 0 0 0
27 6 0 0 0 0 0 0 0 0
30 36 1 1 12 0 0 12 0 0
34 72 0 0 18 1 1 0 0 0
35 12 0 0 0 0 0 6 0 0
36 24 0 0 0 0 0 0 0 0
41 27 0 0 0 0 0 9 2 2
42 18 0 0 0 0 0 0 0 0
43 21 0 0 0 0 0 12 0 0
45 18 0 0 0 0 0 0 0 0
46 9 0 0 0 0 0 0 0 0
47 60 1 1 45 0 0 0 0 0
fn=_dl_hwcaps_split_masked
51 33 1 1 0 0 0 11 0 0
54 56 0 0 0 0 0 14 0 0
56 9 0 0 9 0 0 0 0 0
57 27 0 0 0 0 0 9 0 0
58 54 0 0 18 0 0 6 0 0
62 22 0 0 22 0 0 0 0 0
fl=./elf/./elf/dl-init.c
fn=_dl_init
81 11 1 1 0 0 0 6 0 0
82 1 0 0 1 1 0 0 0 0
83 1 0 0 1 0 0 0 0 0
86 3 0 0 1 0 0 0 0 0
88 1 1 1 0 0 0 1 0 0
89 2 0 0 0 0 0 1 0 0
94 2 0 0 0 0 0 0 0 0
119 1 1 1 1 0 0 0 0 0
120 26 0 0 0 0 0 0 0 0
121 42 0 0 14 1 0 7 0 0
127 8 1 1 7 0 0 0 0 0
fn=call_init
27 64 0 0 0 0 0 40 1 0
29 16 1 1 8 0 0 0 0 0
35 48 0 0 8 0 0 0 0 0
37 16 0 0 0 0 0 0 0 0
43 21 1 1 7 0 0 7 0 0
46 21 0 0 14 4 0 0 0 0
47 2 0 0 0 0 0 0 0 0
51 12 0 0 6 0 0 0 0 0
59 18 0 0 6 5 0 0 0 0
60 24 1 1 8 3 0 4 0 0
63 6 0 0 6 4 0 0 0 0
64 12 0 0 0 0 0 0 0 0
70 15 0 0 10 6 0 0 0 0
72 10 0 0 10 0 0 0 0 0
73 105 0 0 0 0 0 0 0 0
74 80 1 1 20 5 0 20 0 0
76 48 0 0 48 0 0 0 0 0
fl=./elf/./elf/dl-load.c
fn=_dl_dst_count
238 65 1 1 0 0 0 65 1 1
241 26 0 0 0 0 0 13 2 2
244 26 0 0 0 0 0 0 0 0
245 13 0 0 0 0 0 0 0 0
264 91 1 1 78 0 0 0 0 0
fn=_dl_init_paths
706 12 2 2 0 0 0 8 0 0
720 4 0 0 0 0 0 2 0 0
725 1 0 0 0 0 0 1 0 0
727 3 0 0 0 0 0 0 0 0
734 3 0 0 0 0 0 0 0 0
735 2 1 1 1 0 0 0 0 0
739 4 0 0 0 0 0 1 1 1
741 4 0 0 2 0 0 0 0 0
747 1 0 0 0 0 0 1 0 0
748 1 0 0 0 0 0 1 0 0
756 9 0 0 0 0 0 4 0 0
758 8 1 1 0 0 0 4 1 1
759 4 1 1 0 0 0 4 0 0
761 5 0 0 0 0 0 4 1 1
762 7 0 0 3 1 1 4 1 1
763 7 0 0 0 0 0 0 0 0
766 9 0 0 3 1 1 0 0 0
767 9 0 0 1 0 0 0 0 0
768 18 1 1 4 0 0 5 0 0
770 29 2 2 6 0 0 6 0 0
776 1 0 0 0 0 0 1 0 0
777 1 0 0 0 0 0 1 0 0
782 1 0 0 1 0 0 0 0 0
785 3 0 0 0 0 0 0 0 0
787 4 0 0 1 0 0 0 0 0
789 3 1 1 1 0 0 0 0 0
806 1 0 0 0 0 0 1 0 0
808 3 2 2 1 0 0 0 0 0
822 2 1 1 0 0 0 1 0 0
825 5 1 1 2 0 0 0 0 0
827 12 1 1 0 0 0 2 0 0
831 2 0 0 0 0 0 0 0 0
832 60 0 0 15 0 0 0 0 0
833 14 0 0 0 0 0 0 0 0
834 28 1 1 0 0 0 0 0 0
836 1 0 0 0 0 0 1 0 0
837 1 0 0 0 0 0 0 0 0
838 2 0 0 0 0 0 0 0 0
844 6 0 0 1 0 0 1 0 0
847 3 0 0 2 0 0 0 0 0
853 1 0 0 0 0 0 1 0 0
857 8 0 0 7 0 0 0 0 0
fn=_dl_map_object
1971 120 1 1 0 0 0 108 6 6
1973 5 0 0 0 0 0 5 0 0
1979 24 1 1 0 0 0 0 0 0
1980 48 0 0 12 1 1 0 0 0
1983 234 1 1 54 0 0 12 0 0
1988 343 0 0 98 0 0 0 0 0
1990 245 1 1 0 0 0 49 0 0
1994 84 0 0 42 0 0 0 0 0
1995 126 0 0 42 0 0 0 0 0
1998 110 0 0 66 0 0 0 0 0
1999 66 1 1 22 0 0 0 0 0
2000 110 0 0 0 0 0 22 0 0
2014 30 0 0 5 0 0 0 0 0
2015 15 1 1 5 0 0 5 2 2
2023 15 0 0 5 0 0 0 0 0
2038 5 0 0 0 0 0 5 0 0
2040 25 1 1 0 0 0 5 0 0
2044 16 1 1 0 0 0 8 0 0
2046 8 0 0 4 0 0 0 0 0
2053 16 0 0 4 0 0 0 0 0
2057 4 1 1 4 0 0 0 0 0
2058 4 1 1 0 0 0 0 0 0
2062 15 0 0 5 0 0 0 0 0
2063 40 1 1 0 0 0 5 0 0
2065 36 0 0 0 0 0 16 0 0
2072 16 1 1 16 0 0 0 0 0
2077 8 0 0 0 0 0 0 0 0
2078 24 2 2 4 0 0 0 0 0
2079 52 1 1 12 0 0 12 0 0
2088 8 0 0 0 0 0 0 0 0
2103 8 0 0 4 0 0 0 0 0
2104 68 1 1 8 0 0 20 0 0
2110 20 0 0 0 0 0 0 0 0
2111 32 1 1 0 0 0 4 0 0
2119 4 0 0 0 0 0 4 0 0
2133 8 0 0 4 0 0 0 0 0
2135 12 1 1 4 0 0 0 0 0
2139 12 0 0 0 0 0 4 0 0
2141 8 0 0 0 0 0 0 0 0
2145 8 0 0 0 0 0 0 0 0
2153 12 0 0 4 0 0 0 0 0
2176 36 1 1 0 0 0 8 0 0
2180 8 0 0 0 0 0 0 0 0
2181 4 0 0 0 0 0 4 0 0
2198 8 0 0 4 0 0 0 0 0
2204 1 0 0 0 0 0 1 0 0
2205 4 0 0 0 0 0 1 0 0
2206 2 0 0 0 0 0 0 0 0
2207 3 1 1 0 0 0 0 0 0
2211 9 0 0 0 0 0 2 0 0
2214 2 0 0 0 0 0 0 0 0
2226 20 0 0 5 0 0 0 0 0
2271 10 1 1 5 0 0 5 0 0
2272 80 1 1 25 0 0 25 0 0
2274 108 0 0 84 0 0 0 0 0
fn=_dl_map_object_from_fd
944 70 1 1 0 0 0 50 2 2
954 15 1 1 5 0 0 10 1 1
961 20 0 0 5 0 0 5 0 0
999 95 0 0 30 0 0 0 0 0
1000 40 1 1 20 0 0 0 0 0
1018 10 1 1 5 0 0 0 0 0
1046 20 1 1 5 0 0 5 0 0
1056 10 0 0 5 0 0 0 0 0
1063 40 0 0 25 0 0 5 0 0
1064 10 0 0 0 0 0 0 0 0
1075 10 0 0 5 0 0 5 4 4
1076 15 0 0 5 0 0 5 0 0
1077 10 0 0 5 0 0 5 0 0
1079 15 0 0 0 0 0 0 0 0
1080 20 1 1 10 0 0 0 0 0
1081 8 1 1 0 0 0 4 0 0
1084 6 0 0 0 0 0 1 0 0
1085 6 1 1 1 0 0 1 1 1
1096 5 1 1 0 0 0 5 0 0
1098 5 0 0 0 0 0 5 0 0
1100 60 0 0 5 0 0 5 0 0
1101 5 0 0 0 0 0 0 0 0
1102 5 0 0 0 0 0 5 0 0
1103 5 0 0 0 0 0 5 0 0
1104 5 0 0 0 0 0 0 0 0
1110 189 1 1 10 0 0 0 0 0
1111 450 3 3 53 10 10 0 0 0
1117 10 0 0 5 2 2 0 0 0
1124 12 0 0 7 0 0 5 0 0
1125 15 0 0 5 0 0 5 0 0
1126 50 1 1 10 0 0 5 0 0
1131 2 0 0 1 0 0 1 0 0
1132 1 0 0 0 0 0 0 0 0
1137 155 0 0 65 1 1 5 0 0
1145 80 1 1 20 0 0 0 0 0
1146 130 0 0 0 0 0 20 3 3
1147 100 1 1 20 1 1 20 0 0
1148 40 0 0 0 0 0 20 0 0
1149 40 0 0 20 2 2 20 2 2
1151 120 0 0 20 2 2 0 0 0
1153 40 0 0 0 0 0 20 4 4
1166 40 0 0 0 0 0 0 0 0
1167 75 0 0 30 0 0 15 0 0
1172 20 0 0 0 0 0 0 0 0
1173 205 1 1 40 0 0 40 1 1
1183 20 0 0 0 0 0 0 0 0
1186 6 1 1 2 1 1 0 0 0
1190 8 0 0 0 0 0 2 2 2
1191 2 0 0 2 0 0 0 0 0
1195 10 0 0 0 0 0 2 0 0
1196 4 1 1 2 0 0 2 0 0
1199 2 0 0 0 0 0 2 1 1
1204 8 0 0 2 0 0 0 0 0
1219 10 1 1 5 0 0 5 0 0
1220 5 0 0 0 0 0 0 0 0
1223 20 0 0 10 1 1 5 1 1
1228 35 1 1 25 0 0 0 0 0
1238 95 0 0 0 0 0 0 0 0
1239 40 0 0 0 0 0 20 0 0
1245 10 1 1 0 0 0 0 0 0
1255 20 0 0 10 0 0 0 0 0
1262 35 0 0 15 0 0 5 0 0
1278 20 1 1 10 0 0 0 0 0
1279 15 0 0 5 0 0 5 0 0
1285 18 1 1 4 0 0 0 0 0
1286 10 0 0 0 0 0 0 0 0
1288 10 0 0 0 0 0 0 0 0
1298 15 1 1 5 0 0 0 0 0
1317 10 0 0 5 0 0 5 0 0
1319 30 0 0 10 0 0 0 0 0
1371 15 0 0 5 3 3 0 0 0
1372 4 0 0 2 0 0 2 0 0
1378 146 1 1 68 0 0 0 0 0
1379 251 1 1 53 45 45 0 0 0
1385 61 0 0 0 0 0 2 0 0
1390 20 1 1 5 0 0 5 0 0
1403 10 0 0 5 0 0 0 0 0
1405 20 1 1 10 0 0 5 0 0
1407 10 0 0 5 0 0 0 0 0
1423 10 0 0 0 0 0 5 0 0
1427 10 0 0 5 0 0 0 0 0
1428 10 0 0 5 0 0 0 0 0
1445 10 0 0 5 0 0 0 0 0
1446 1 0 0 0 0 0 1 0 0
1449 10 1 1 5 0 0 5 1 1
1454 10 0 0 5 0 0 0 0 0
1464 10 0 0 5 0 0 0 0 0
1471 40 1 1 15 1 1 0 0 0
1472 12 2 2 4 0 0 0 0 0
1473 27 0 0 9 0 0 3 0 0
1474 9 0 0 3 0 0 0 0 0
1475 5 0 0 1 0 0 1 0 0
1481 10 0 0 5 0 0 0 0 0
1482 8 0 0 2 0 0 0 0 0
1487 4 0 0 0 0 0 2 0 0
1494 15 1 1 5 0 0 5 0 0
1497 20 0 0 10 0 0 0 0 0
1516 10 1 1 0 0 0 0 0 0
1520 35 1 1 15 0 0 0 0 0
1521 20 0 0 5 0 0 5 0 0
1525 45 1 1 35 0 0 0 0 0
fn=_dl_process_pt_gnu_property
868 3 0 0 0 0 0 0 0 0
869 6 0 0 6 0 0 0 0 0
870 3 0 0 3 0 0 0 0 0
876 6 2 1 3 0 0 0 0 0
882 15 1 1 0 0 0 0 0 0
885 9 0 0 3 2 2 0 0 0
886 6 0 0 3 1 1 0 0 0
887 6 0 0 3 0 0 0 0 0
930 3 0 0 3 0 0 0 0 0
fn=cache_rpath
681 26 1 1 0 0 0 0 0 0
682 39 0 0 13 0 0 0 0 0
683 26 0 0 0 0 0 0 0 0
685 4 0 0 0 0 0 0 0 0
686 2 0 0 0 0 0 0 0 0
688 8 0 0 2 0 0 0 0 0
691 2 0 0 0 0 0 2 0 0
699 26 1 1 13 0 0 0 0 0
fn=expand_dynamic_string_token
385 14 2 2 0 0 0 8 0 0
395 4 0 0 0 0 0 2 0 0
398 4 0 0 0 0 0 0 0 0
399 4 0 0 0 0 0 0 0 0
410 10 0 0 8 0 0 0 0 0
fn=fillin_rpath.isra.0
468 16 1 1 0 0 0 12 0 0
472 1 0 0 0 0 0 0 0 0
474 12 1 1 4 0 0 2 0 0
481 2 0 0 1 0 0 0 0 0
483 4 0 0 1 0 0 1 0 0
487 2 0 0 0 0 0 0 0 0
492 3 1 1 0 0 0 1 0 0
493 2 0 0 0 0 0 0 0 0
500 5 0 0 1 0 0 0 0 0
505 4 1 1 0 0 0 1 0 0
509 15 1 1 5 0 0 0 0 0
510 8 0 0 4 0 0 0 0 0
528 4 1 1 1 0 0 1 0 0
532 4 1 1 2 0 0 0 0 0
534 2 0 0 0 0 0 0 0 0
538 1 0 0 0 0 0 1 0 0
539 2 0 0 1 0 0 0 0 0
540 4 0 0 0 0 0 2 0 0
541 1 1 1 0 0 0 1 0 0
543 2 0 0 1 0 0 0 0 0
549 4 0 0 1 0 0 0 0 0
550 35 0 0 1 0 0 0 0 0
551 10 0 0 0 0 0 10 0 0
553 2 1 1 1 0 0 1 0 0
554 3 0 0 1 0 0 0 0 0
555 1 0 0 0 0 0 1 0 0
561 2 0 0 1 0 0 1 0 0
562 1 0 0 0 0 0 1 0 0
565 3 0 0 0 0 0 1 0 0
571 1 0 0 0 0 0 1 0 0
574 10 0 0 7 0 0 0 0 0
fn=open_path
1819 44 2 2 0 0 0 36 1 1
1820 8 0 0 4 0 0 4 1 1
1823 4 0 0 0 0 0 4 0 0
1824 4 0 0 0 0 0 0 0 0
1826 8 0 0 0 0 0 0 0 0
1829 8 0 0 0 0 0 0 0 0
1831 32 1 1 8 0 0 4 0 0
1834 8 0 0 8 0 0 0 0 0
1838 4 0 0 0 0 0 0 0 0
1843 24 1 1 4 0 0 4 0 0
1850 20 0 0 12 0 0 4 1 1
1851 142 2 2 44 0 0 0 0 0
1854 80 0 0 40 0 0 0 0 0
1859 143 1 1 65 0 0 26 0 0
1862 39 0 0 13 0 0 0 0 0
1868 39 0 0 13 0 0 0 0 0
1869 12 0 0 0 0 0 12 0 0
1871 104 1 1 65 0 0 13 0 0
1873 39 0 0 13 0 0 0 0 0
1875 20 0 0 0 0 0 0 0 0
1880 20 1 1 10 0 0 0 0 0
1881 80 1 1 40 0 0 0 0 0
1887 40 1 1 20 0 0 10 0 0
1889 59 1 1 0 0 0 19 0 0
1890 2 0 0 1 1 1 0 0 0
1892 18 0 0 0 0 0 1 0 0
1899 12 0 0 0 0 0 0 0 0
1901 14 0 0 0 0 0 4 0 0
1940 28 1 1 4 0 0 0 0 0
1945 4 0 0 4 0 0 0 0 0
1947 16 1 1 12 0 0 0 0 0
1950 16 0 0 8 0 0 0 0 0
1964 36 1 1 28 0 0 0 0 0
fn=open_verify.constprop.0
1578 216 1 1 0 0 0 144 1 1
1610 54 0 0 18 0 0 0 0 0
1615 26 1 1 0 0 0 0 0 0
1629 90 0 0 0 0 0 18 0 0
1631 36 1 1 0 0 0 0 0 0
1639 5 0 0 0 0 0 5 0 0
1640 5 0 0 0 0 0 5 2 2
1645 40 0 0 0 0 0 5 0 0
1647 10 1 1 0 0 0 0 0 0
1649 10 0 0 5 0 0 5 0 0
1651 10 0 0 0 0 0 0 0 0
1657 10 0 0 0 0 0 0 0 0
1674 74 3 3 23 0 0 0 0 0
1755 10 0 0 5 0 0 0 0 0
1760 10 1 1 5 0 0 0 0 0
1766 20 0 0 5 0 0 0 0 0
1772 10 0 0 5 2 2 0 0 0
1778 20 0 0 5 0 0 0 0 0
1779 20 1 1 5 0 0 0 0 0
1783 5 1 1 0 0 0 0 0 0
1784 5 0 0 0 0 0 1 0 0
1805 162 0 0 126 0 0 0 0 0
fl=./elf/./elf/dl-lookup-direct.c
fn=_dl_lookup_direct
74 33 2 2 0 0 0 24 0 0
75 3 0 0 3 0 0 0 0 0
76 6 0 0 0 0 0 0 0 0
78 21 0 0 9 2 0 0 0 0
79 6 0 0 0 0 0 0 0 0
81 9 1 1 3 0 0 0 0 0
84 25 0 0 5 3 1 0 0 0
86 9 0 0 0 0 0 0 0 0
87 18 0 0 6 0 0 3 0 0
90 6 0 0 0 0 0 0 0 0
93 6 1 1 0 0 0 0 0 0
115 3 0 0 0 0 0 0 0 0
116 27 0 0 21 0 0 0 0 0
fn=check_match
31 27 1 1 0 0 0 15 0 0
32 12 1 1 9 0 0 0 0 0
33 9 0 0 0 0 0 0 0 0
35 6 0 0 3 3 3 0 0 0
36 6 0 0 3 0 0 0 0 0
40 9 0 0 0 0 0 0 0 0
48 9 0 0 3 0 0 3 0 0
51 6 0 0 6 0 0 0 0 0
53 15 1 1 3 0 0 3 0 0
57 6 0 0 6 2 1 0 0 0
58 18 0 0 6 0 0 0 0 0
59 9 0 0 3 0 0 3 0 0
64 21 0 0 18 0 0 0 0 0
fl=./elf/./elf/dl-lookup.c
fn=_dl_lookup_symbol_x
756 24596 4 4 0 0 0 15136 18 2
758 3784 0 0 0 0 0 1892 0 0
759 3784 0 0 0 0 0 1892 0 0
762 1892 0 0 1892 7 1 0 0 0
766 7532 0 0 1874 0 0 0 0 0
768 22704 2 2 1892 0 0 5676 5 1
769 3784 0 0 1892 0 0 0 0 0
771 3784 2 2 3784 9 1 0 0 0
775 3859 0 0 15 1 0 0 0 0
776 32164 2 2 11352 0 0 13244 9 2
781 9460 0 0 3784 0 0 0 0 0
783 90 1 1 15 0 0 0 0 0
800 1892 0 0 0 0 0 1892 0 0
801 45 1 1 0 0 0 0 0 0
804 3784 0 0 1892 0 0 0 0 0
805 13123 0 0 1873 0 0 0 0 0
812 1877 2 2 1877 0 0 0 0 0
840 7508 0 0 1877 0 0 0 0 0
854 5631 0 0 1877 19 3 0 0 0
855 2 1 1 0 0 0 1 0 0
857 3754 0 0 1877 0 0 0 0 0
874 1877 0 0 1877 0 0 0 0 0
876 17028 2 2 13244 0 0 0 0 0
fn=check_match
71 24518 4 4 3772 0 0 9430 12 4
74 13202 1 1 3772 314 226 0 0 0
79 1896 0 0 0 0 0 0 0 0
87 9405 2 2 0 0 0 0 0 0
90 4284 0 0 174 0 0 87 1 0
94 1881 0 0 1881 14 2 0 0 0
95 3762 0 0 0 0 0 0 0 0
97 3756 0 0 0 0 0 0 0 0
116 3756 0 0 3756 66 22 0 0 0
117 15024 2 2 5634 32 3 0 0 0
118 9365 2 2 3746 9 1 1873 2 1
119 10 0 0 5 0 0 0 0 0
120 10 0 0 0 0 0 0 0 0
145 6 1 1 0 0 0 0 0 0
147 18 0 0 6 3 0 0 0 0
148 12 0 0 0 0 0 0 0 0
151 2 0 0 0 0 0 0 0 0
152 7 0 0 3 0 0 1 0 0
154 3 0 0 1 0 0 1 0 0
163 11316 0 0 11316 0 0 0 0 0
fn=do_lookup_x
171 300 0 0 2 0 0 0 0 0
172 888 4 4 510 0 0 2 0 0
173 940 0 0 250 47 47 0 0 0
175 98 0 0 0 0 0 0 0 0
176 294 0 0 0 0 0 0 0 0
177 528 1 1 0 0 0 0 0 0
180 152 0 0 0 0 0 152 0 0
181 152 1 1 0 0 0 152 0 0
182 82 0 0 0 0 0 82 19 11
183 152 0 0 0 0 0 152 24 24
223 492 1 1 82 0 0 328 0 0
225 738 1 1 82 2 0 246 0 0
227 164 0 0 82 2 0 0 0 0
228 82 0 0 82 0 0 0 0 0
229 328 0 0 164 0 0 0 0 0
231 2521 1 1 127 0 0 405 0 0
232 486 1 1 0 0 0 0 0 0
235 352 0 0 176 0 0 0 0 0
236 176 1 1 176 68 25 0 0 0
255 352 0 0 0 0 0 0 0 0
258 95 0 0 0 0 0 0 0 0
259 285 0 0 0 0 0 0 0 0
260 276 1 1 0 0 0 0 0 0
263 1458 0 0 648 1 0 0 0 0
270 12 1 1 0 0 0 6 0 0
273 4 0 0 0 0 0 0 0 0
280 290 2 2 4 0 0 0 0 0
281 276 0 0 92 4 1 0 0 0
282 350 1 1 210 10 0 0 0 0
286 18 1 1 6 0 0 4 0 0
287 2 0 0 0 0 0 2 0 0
289 4 0 0 2 0 0 2 0 0
290 8 0 0 6 0 0 2 0 0
301 3 1 1 2 0 0 0 0 0
303 2 0 0 0 0 0 0 0 0
306 1 0 0 0 0 0 1 0 0
307 1 0 0 0 0 0 1 0 0
308 2 0 0 1 0 0 1 1 1
311 164 0 0 0 0 0 0 0 0
312 492 2 2 164 0 0 0 0 0
319 328 0 0 82 0 0 0 0 0
330 574 1 1 246 0 0 82 0 0
332 164 0 0 164 0 0 82 0 0
334 246 0 0 164 0 0 82 0 0
335 164 0 0 0 0 0 82 0 0
348 26488 4 4 3784 0 0 18920 15 5
349 1892 0 0 1892 3 0 0 0 0
354 1892 0 0 0 0 0 0 0 0
355 1892 0 0 1892 5 1 0 0 0
359 11994 3 2 11994 49 7 0 0 0
362 11994 0 0 0 0 0 0 0 0
366 23364 0 0 1901 0 0 0 0 0
370 11988 0 0 5994 32 4 0 0 0
374 11988 0 0 5994 5 1 0 0 0
380 17982 2 1 5994 24 3 0 0 0
384 5994 0 0 0 0 0 5994 7 2
385 5994 0 0 0 0 0 5994 0 0
388 29970 0 0 17982 75 8 0 0 0
389 17982 0 0 11988 3 0 0 0 0
392 5994 0 0 5994 0 0 0 0 0
393 11988 5 2 0 0 0 0 0 0
395 5994 0 0 5994 894 127 0 0 0
396 3784 0 0 0 0 0 0 0 0
397 11988 0 0 5994 0 0 0 0 0
400 23976 0 0 5994 0 0 0 0 0
403 41958 0 0 0 0 0 0 0 0
406 3908 0 0 3908 1185 204 0 0 0
407 5862 5 2 0 0 0 0 0 0
408 3908 0 0 0 0 0 0 0 0
410 3896 0 0 1948 0 0 0 0 0
413 24145 0 0 4829 1694 481 0 0 0
415 5658 2 2 1886 0 0 0 0 0
416 47832 9 4 9430 0 0 23004 13 4
417 3772 0 0 0 0 0 0 0 0
420 5658 0 0 0 0 0 0 0 0
423 8879 0 0 10 0 0 0 0 0
432 1 1 1 0 0 0 1 0 0
437 16884 9 4 11256 0 0 0 0 0
454 145 2 2 73 0 0 0 0 0
456 2 0 0 0 0 0 0 0 0
460 3754 0 0 0 0 0 0 0 0
467 9880 0 0 1877 0 0 0 0 0
471 3729 3 2 1243 4 1 0 0 0
483 3590 0 0 1795 0 0 1795 0 0
484 1795 0 0 0 0 0 1795 0 0
485 3754 0 0 0 0 0 0 0 0
502 12360 0 0 0 0 0 0 0 0
505 15 0 0 0 0 0 0 0 0
506 15136 0 0 13244 0 0 0 0 0
fl=./elf/./elf/dl-minimal-malloc.c
fn=__minimal_calloc
78 68 0 0 0 0 0 0 0 0
82 17 1 1 0 0 0 0 0 0
85 17 1 1 0 0 0 0 0 0
86 51 0 0 0 0 0 0 0 0
fn=__minimal_free
97 12 0 0 6 0 0 0 0 0
fn=__minimal_malloc
35 168 1 1 0 0 0 84 0 0
36 126 0 0 42 4 1 0 0 0
41 3 0 0 0 0 0 1 0 0
42 2 1 1 1 0 0 0 0 0
43 2 0 0 0 0 0 0 0 0
47 167 1 1 41 0 0 42 0 0
50 282 0 0 0 0 0 0 0 0
55 12 1 1 3 0 0 0 0 0
56 12 0 0 0 0 0 0 0 0
58 3 0 0 0 0 0 0 0 0
59 24 0 0 0 0 0 3 0 0
61 6 0 0 0 0 0 0 0 0
63 6 0 0 3 0 0 0 0 0
65 8 0 0 0 0 0 3 0 0
68 43 0 0 1 0 0 42 4 1
69 46 0 0 0 0 0 42 0 0
71 168 0 0 126 0 0 0 0 0
fl=./elf/./elf/dl-minimal.c
fn=__rtld_malloc_init_real
76 7 1 1 0 0 0 5 0 0
86 2 0 0 0 0 0 1 0 0
87 1 0 0 0 0 0 1 0 0
89 1 0 0 0 0 0 1 0 0
91 6 0 0 0 0 0 1 0 0
92 5 1 1 0 0 0 1 0 0
93 5 0 0 0 0 0 1 0 0
94 4 0 0 0 0 0 1 0 0
99 1 0 0 0 0 0 1 0 0
100 1 1 1 0 0 0 1 0 0
101 1 0 0 0 0 0 1 0 0
102 1 0 0 0 0 0 1 0 0
103 7 0 0 6 0 0 0 0 0
fn=__rtld_malloc_init_stubs
43 2 1 1 0 0 0 1 1 1
44 2 0 0 0 0 0 1 0 0
45 2 0 0 0 0 0 1 0 0
46 2 1 1 0 0 0 1 0 0
47 1 0 0 1 0 0 0 0 0
fn=lookup_malloc_symbol
61 28 1 1 0 0 0 12 0 0
63 4 0 0 0 0 0 4 0 0
64 28 1 1 4 0 0 12 0 0
68 28 0 0 16 0 0 0 0 0
69 28 1 1 12 0 0 0 0 0
71 4 0 0 0 0 0 4 0 0
72 24 0 0 20 0 0 0 0 0
fn=strsep
242 6 1 1 2 1 1 0 0 0
244 2 0 0 2 0 0 0 0 0
245 4 1 1 0 0 0 0 0 0
249 91 1 1 15 0 0 0 0 0
254 56 0 0 0 0 0 0 0 0
256 112 0 0 28 0 0 0 0 0
260 14 0 0 0 0 0 0 0 0
267 1 0 0 0 0 0 1 0 0
271 4 0 0 2 0 0 0 0 0
fl=./elf/./elf/dl-misc.c
fn=_dl_higher_prime_number
124 2 0 0 0 0 0 0 0 0
125 2 0 0 0 0 0 0 0 0
127 26 1 1 0 0 0 0 0 0
129 87 0 0 0 0 0 0 0 0
130 30 0 0 10 4 2 0 0 0
131 6 0 0 0 0 0 0 0 0
145 2 0 0 2 0 0 0 0 0
146 2 0 0 2 0 0 0 0 0
fn=_dl_name_match_p
68 535 1 1 0 0 0 214 0 0
69 428 0 0 107 0 0 107 2 2
70 18 0 0 0 0 0 0 0 0
72 107 0 0 107 0 0 0 0 0
74 422 0 0 0 0 0 0 0 0
75 610 1 1 122 0 0 122 0 0
80 104 0 0 104 0 0 0 0 0
82 89 0 0 0 0 0 0 0 0
83 428 0 0 321 0 0 0 0 0
fn=_dl_sysdep_read_whole_file
36 8 1 1 0 0 0 4 0 0
39 3 0 0 0 0 0 1 0 0
40 2 0 0 0 0 0 0 0 0
42 6 1 1 0 0 0 1 0 0
44 2 0 0 1 0 0 1 1 1
47 2 0 0 0 0 0 0 0 0
49 8 0 0 0 0 0 1 0 0
60 3 0 0 0 0 0 1 0 0
63 7 0 0 5 0 0 0 0 0
fl=./elf/./elf/dl-object.c
fn=_dl_add_to_namespace_list
31 30 1 1 0 0 0 18 0 0
33 18 0 0 6 0 0 6 0 0
35 53 1 1 6 0 0 0 0 0
38 80 0 0 20 0 0 0 0 0
40 5 0 0 0 0 0 5 0 0
42 5 0 0 0 0 0 5 0 0
45 2 1 1 0 0 0 1 0 0
46 18 0 0 6 0 0 0 0 0
47 12 0 0 6 1 1 6 0 0
48 12 0 0 0 0 0 6 0 0
50 12 0 0 6 0 0 0 0 0
51 18 0 0 18 0 0 0 0 0
fn=_dl_new_object
59 78 1 1 0 0 0 54 2 2
62 12 0 0 0 0 0 0 0 0
64 2 1 1 0 0 0 0 0 0
66 3 1 1 1 0 0 0 0 0
67 2 0 0 0 0 0 0 0 0
71 6 1 1 0 0 0 2 0 0
77 2 0 0 0 0 0 0 0 0
80 5 0 0 5 0 0 0 0 0
83 31 1 1 5 0 0 16 1 1
87 10 0 0 0 0 0 0 0 0
92 5 0 0 0 0 0 0 0 0
95 12 0 0 0 0 0 0 0 0
98 6 1 1 0 0 0 6 6 6
99 6 0 0 0 0 0 6 6 6
100 12 0 0 6 0 0 0 0 0
103 12 0 0 0 0 0 6 0 0
104 42 0 0 18 0 0 18 1 1
106 6 0 0 0 0 0 6 0 0
119 22 1 1 11 0 0 0 0 0
123 5 0 0 0 0 0 0 0 0
125 1 0 0 0 0 0 0 0 0
127 42 0 0 12 6 6 12 0 0
130 12 0 0 6 0 0 0 0 0
131 12 1 1 0 0 0 6 6 6
132 6 0 0 0 0 0 6 0 0
136 6 1 1 0 0 0 6 0 0
139 82 1 1 0 0 0 0 0 0
141 16 0 0 0 0 0 16 4 4
149 12 0 0 0 0 0 6 0 0
150 6 0 0 0 0 0 6 6 6
153 1 1 1 0 0 0 0 0 0
155 36 0 0 6 0 0 0 0 0
157 20 0 0 0 0 0 5 4 4
160 14 0 0 0 0 0 0 0 0
164 24 0 0 6 0 0 0 0 0
168 30 1 1 5 0 0 0 0 0
176 1 1 1 0 0 0 1 1 1
179 12 1 1 0 0 0 6 0 0
189 18 0 0 6 0 0 0 0 0
191 25 0 0 0 0 0 10 0 0
195 15 0 0 0 0 0 0 0 0
200 20 0 0 0 0 0 0 0 0
208 5 0 0 0 0 0 0 0 0
212 5 0 0 0 0 0 0 0 0
245 20 1 1 5 0 0 5 0 0
250 168 0 0 0 0 0 0 0 0
251 168 0 0 84 0 0 0 0 0
253 10 0 0 0 0 0 0 0 0
256 5 0 0 0 0 0 5 0 0
259 5 0 0 0 0 0 5 1 1
263 54 0 0 42 0 0 0 0 0
fl=./elf/./elf/dl-profstub.c
fn=_dl_mcount_wrapper_check
36 128 0 0 0 0 0 0 0 0
37 384 1 1 256 0 0 0 0 0
39 128 1 1 128 0 0 0 0 0
fl=./elf/./elf/dl-reloc.c
fn=_dl_protect_relro
355 14 0 0 0 0 0 7 0 0
356 42 1 1 21 2 0 0 0 0
359 14 1 1 7 0 0 0 0 0
363 14 0 0 0 0 0 0 0 0
364 35 0 0 0 0 0 7 0 0
370 14 0 0 14 0 0 0 0 0
fn=_dl_relocate_object
170 13564 1 1 3391 1695 1321 0 0 0
171 6748 0 0 0 0 0 0 0 0
174 15420 1 1 3374 6 2 0 0 0
175 12219 1 1 2250 6 0 0 0 0
177 1608 1 1 1608 3 0 0 0 0
178 4824 0 0 1608 0 0 1608 0 0
182 1685 1 1 662 4 2 18 1 0
183 1766 1 1 0 0 0 1766 0 0
184 1766 0 0 0 0 0 1766 0 0
186 14169 1 1 7064 2 0 27 0 0
187 1760 0 0 0 0 0 0 0 0
188 10560 0 0 1760 59 0 1760 0 0
190 12368 1 1 1766 0 0 5298 0 0
193 1766 0 0 1766 0 0 0 0 0
194 12362 1 1 5298 0 0 1766 1 0
196 1608 0 0 1608 0 0 0 0 0
207 84 1 1 0 0 0 49 0 0
217 14 0 0 0 0 0 0 0 0
218 21 0 0 0 0 0 7 0 0
221 7 0 0 0 0 0 0 0 0
223 14 0 0 0 0 0 0 0 0
225 7 0 0 7 0 0 0 0 0
226 21 1 1 7 2 0 0 0 0
245 14 1 1 7 0 0 0 0 0
251 28 0 0 7 0 0 0 0 0
252 14 1 1 7 7 0 0 0 0
255 14 0 0 0 0 0 0 0 0
262 28 1 1 7 1 0 7 0 0
301 11653 8 8 1358 264 227 56 0 0
304 42 0 0 7 0 0 0 0 0
328 7 0 0 7 1 0 0 0 0
331 14 0 0 7 0 0 0 0 0
348 14 0 0 7 4 0 0 0 0
349 14 1 1 0 0 0 7 0 0
350 56 0 0 49 3 0 0 0 0
fl=./elf/./elf/dl-runtime.c
fn=_dl_fixup
46 854 5 2 0 0 0 488 0 0
48 610 0 0 488 14 4 0 0 0
49 366 0 0 244 0 0 0 0 0
54 122 0 0 122 10 3 0 0 0
55 488 3 2 122 12 3 0 0 0
56 854 0 0 122 116 14 122 0 0
58 244 0 0 122 9 0 0 0 0
63 244 0 0 0 0 0 0 0 0
67 244 2 2 122 117 79 0 0 0
71 366 0 0 122 11 3 0 0 0
75 366 0 0 244 104 13 0 0 0
76 488 0 0 122 3 1 0 0 0
77 366 0 0 122 27 5 0 0 0
84 122 0 0 0 0 0 0 0 0
85 366 2 2 122 1 0 0 0 0
95 1342 2 2 244 12 3 366 6 1
99 610 0 0 366 0 0 0 0 0
109 1220 2 2 488 7 2 122 0 0
124 488 0 0 122 0 0 0 0 0
125 16 0 0 0 0 0 8 0 0
133 366 0 0 122 0 0 0 0 0
159 366 0 0 122 1 0 0 0 0
162 244 4 2 122 0 0 0 0 0
163 732 0 0 610 0 0 0 0 0
fl=./elf/./elf/dl-setup_hash.c
fn=_dl_setup_hash
25 7 0 0 0 0 0 0 0 0
28 21 1 1 7 0 0 0 0 0
31 21 0 0 14 0 0 0 0 0
32 14 1 1 7 7 7 7 1 1
33 7 0 0 7 0 0 0 0 0
34 7 0 0 7 0 0 0 0 0
36 21 0 0 0 0 0 0 0 0
37 7 0 0 0 0 0 7 0 0
38 21 0 0 7 0 0 7 0 0
40 7 0 0 0 0 0 7 0 0
41 14 0 0 0 0 0 0 0 0
43 7 0 0 0 0 0 7 0 0
45 21 1 1 0 0 0 7 0 0
50 7 0 0 7 0 0 0 0 0
fl=./elf/./elf/dl-sort-maps.c
fn=_dl_sort_maps
145 32 0 0 7 0 0 6 0 0
186 1 0 0 0 0 0 1 0 0
187 2 0 0 1 0 0 0 0 0
188 26 1 1 0 0 0 0 0 0
189 14 0 0 14 0 0 0 0 0
216 9 2 2 0 0 0 0 0 0
221 2 0 0 0 0 0 1 0 0
223 1 0 0 0 0 0 1 0 0
224 5 0 0 0 0 0 0 0 0
226 19 0 0 0 0 0 0 0 0
228 7 0 0 7 0 0 0 0 0
231 21 1 1 7 0 0 0 0 0
249 4 0 0 1 0 0 0 0 0
262 1 1 1 0 0 0 0 0 0
269 4 1 1 0 0 0 1 0 0
282 4 0 0 1 0 0 0 0 0
304 12 2 1 0 0 0 7 0 0
312 3 0 0 1 1 0 0 0 0
316 9 0 0 7 0 0 0 0 0
fn=_dl_sort_maps_init
295 1 1 1 0 0 0 0 0 0
296 4 0 0 0 0 0 1 0 0
297 1 0 0 0 0 0 1 0 0
298 3 0 0 1 0 0 0 0 0
299 2 0 0 1 0 0 0 0 0
fn=dfs_traversal.part.0
140 56 2 2 0 0 0 28 0 0
145 26 0 0 13 0 0 0 0 0
148 7 0 0 7 0 0 0 0 0
150 21 0 0 7 0 0 0 0 0
152 72 0 0 18 0 0 0 0 0
161 14 0 0 0 0 0 0 0 0
176 21 1 1 7 0 0 7 0 0
177 7 0 0 0 0 0 7 0 0
178 47 0 0 36 0 0 1 0 0
fl=./elf/./elf/dl-tunables.c
fn=__GI___tunable_set_val
158 30 1 1 0 0 0 0 0 0
160 5 0 0 0 0 0 0 0 0
fn=__GI___tunables_init
71 310 0 0 62 0 0 0 0 0
74 61 0 0 0 0 0 0 0 0
77 5803 1 1 829 29 29 0 0 0
81 122 0 0 0 0 0 0 0 0
86 244 1 1 0 0 0 0 0 0
152 122 1 1 0 0 0 0 0 0
273 3 0 0 1 0 0 0 0 0
282 8 1 1 0 0 0 6 0 0
305 9028 0 0 0 0 0 0 0 0
307 5 1 1 0 0 0 0 0 0
311 12383 0 0 4514 37 37 0 0 0
323 244 1 1 61 0 0 0 0 0
357 8 0 0 7 0 0 0 0 0
fn=__tunable_get_val
408 372 1 1 34 24 16 0 0 0
417 44 0 0 34 7 0 10 0 0
427 24 0 0 0 0 0 24 0 0
428 24 0 0 0 0 0 0 0 0
434 170 1 1 34 7 0 0 0 0
436 34 0 0 34 0 0 0 0 0
fn=do_tunable_update_val
99 5 1 1 0 0 0 0 0 0
102 15 0 0 5 0 0 0 0 0
111 5 0 0 5 0 0 0 0 0
112 20 0 0 10 0 0 0 0 0
113 25 0 0 10 0 0 0 0 0
116 10 0 0 0 0 0 0 0 0
119 15 0 0 0 0 0 0 0 0
123 20 0 0 0 0 0 0 0 0
130 10 0 0 0 0 0 0 0 0
131 10 0 0 0 0 0 0 0 0
134 5 0 0 0 0 0 5 0 0
135 5 0 0 0 0 0 5 0 0
136 5 0 0 0 0 0 5 0 0
137 5 0 0 0 0 0 5 0 0
138 5 0 0 5 0 0 0 0 0
fl=./elf/./elf/dl-tunables.h
fn=__GI___tunables_init
140 1533 1 1 694 1 1 0 0 0
141 2608 0 0 0 0 0 0 0 0
fn=do_tunable_update_val
121 10 0 0 0 0 0 0 0 0
122 5 1 1 0 0 0 0 0 0
131 5 1 1 0 0 0 0 0 0
fl=./elf/./elf/dl-version.c
fn=_dl_check_all_versions
392 5 1 1 0 0 0 4 0 0
394 2 0 0 0 0 0 0 0 0
396 26 0 0 7 0 0 0 0 0
397 7 0 0 0 0 0 0 0 0
398 63 1 1 7 0 0 7 0 0
401 7 0 0 5 0 0 0 0 0
fn=_dl_check_map_versions
36 171 0 0 22 0 0 0 0 0
37 47 0 0 47 0 0 0 0 0
38 290 1 1 0 0 0 58 0 0
56 180 0 0 135 0 0 0 0 0
64 135 0 0 45 0 0 0 0 0
70 135 0 0 45 1 0 0 0 0
86 45 0 0 45 1 0 0 0 0
87 90 1 1 0 0 0 0 0 0
89 45 0 0 45 0 0 0 0 0
94 1787 0 0 736 28 28 135 0 0
108 1472 0 0 736 12 12 0 0 0
110 45 1 1 45 0 0 0 0 0
113 315 1 1 90 3 3 90 0 0
120 2073 0 0 691 14 14 0 0 0
124 691 1 1 0 0 0 0 0 0
155 56 2 2 0 0 0 49 0 0
156 7 0 0 0 0 0 7 0 0
164 12 1 1 0 0 0 7 0 0
170 21 0 0 7 0 0 0 0 0
172 28 0 0 14 0 0 0 0 0
174 7 0 0 7 1 0 0 0 0
175 7 0 0 7 1 0 0 0 0
177 14 0 0 0 0 0 0 0 0
180 15 1 1 10 0 0 0 0 0
184 35 0 0 5 5 5 20 0 0
198 6 0 0 0 0 0 0 0 0
200 33 1 1 22 1 1 0 0 0
204 22 0 0 0 0 0 0 0 0
208 33 0 0 11 0 0 0 0 0
213 33 0 0 11 1 1 0 0 0
215 34 0 0 0 0 0 0 0 0
217 135 1 1 90 11 11 0 0 0
218 335 1 1 251 0 0 0 0 0
221 90 0 0 45 0 0 45 0 0
224 180 0 0 90 0 0 0 0 0
225 5 0 0 0 0 0 1 0 0
228 24 1 1 12 0 0 11 0 0
231 180 0 0 45 0 0 0 0 0
234 135 0 0 45 0 0 0 0 0
239 34 0 0 0 0 0 0 0 0
243 33 0 0 11 0 0 0 0 0
248 6 0 0 0 0 0 0 0 0
257 30 1 1 15 0 0 0 0 0
260 10 0 0 10 0 0 0 0 0
263 507 0 0 128 7 7 5 0 0
266 374 0 0 123 4 4 5 0 0
270 118 0 0 0 0 0 0 0 0
274 18 1 1 6 0 0 0 0 0
279 6 0 0 0 0 0 6 2 0
280 24 2 2 6 0 0 6 0 0
281 18 0 0 6 0 0 0 0 0
291 6 0 0 0 0 0 6 0 0
294 32 1 1 19 3 0 6 1 0
296 12 0 0 0 0 0 0 0 0
299 20 0 0 10 0 0 0 0 0
301 6 0 0 0 0 0 0 0 0
303 33 0 0 11 0 0 0 0 0
306 135 1 1 45 0 0 0 0 0
308 180 0 0 0 0 0 0 0 0
310 225 0 0 45 0 0 45 0 0
311 90 0 0 0 0 0 45 17 17
312 135 1 1 45 0 0 45 3 3
313 135 0 0 45 0 0 45 2 2
316 135 0 0 45 0 0 0 0 0
321 34 0 0 0 0 0 0 0 0
324 33 0 0 11 0 0 0 0 0
329 6 0 0 0 0 0 0 0 0
334 12 0 0 0 0 0 0 0 0
337 10 0 0 5 0 0 0 0 0
341 118 0 0 118 0 0 0 0 0
343 246 0 0 123 0 0 0 0 0
347 118 0 0 118 0 0 0 0 0
348 590 0 0 118 0 0 118 30 30
349 354 0 0 118 0 0 118 0 0
350 118 0 0 0 0 0 118 15 15
353 369 0 0 123 0 0 0 0 0
357 118 0 0 0 0 0 0 0 0
365 10 0 0 0 0 0 0 0 0
366 10 1 1 5 0 0 0 0 0
367 10 1 1 5 0 0 0 0 0
368 4 0 0 2 0 0 0 0 0
370 4 1 1 3 0 0 0 0 0
372 108 1 1 28 0 0 0 0 0
373 52 0 0 0 0 0 0 0 0
375 2 0 0 1 0 0 0 0 0
376 7 1 1 0 0 0 1 0 0
387 63 0 0 56 0 0 0 0 0
fl=./elf/./elf/do-rel.h
fn=_dl_relocate_object
49 42 1 1 14 2 0 0 0 0
50 42 0 0 14 0 0 14 0 0
51 7 0 0 7 0 0 0 0 0
53 84 0 0 28 1 0 14 0 0
72 11 0 0 0 0 0 0 0 0
73 13 2 2 0 0 0 8 1 0
80 42 0 0 14 0 0 0 0 0
83 3632 1 1 5 0 0 5 0 0
85 4796 1 1 1199 449 448 0 0 0
87 171 0 0 0 0 0 0 0 0
96 25 0 0 5 1 0 0 0 0
97 193 1 1 2 0 0 2 0 0
98 114 0 0 57 0 0 0 0 0
114 27 1 1 0 0 0 0 0 0
123 2728 1 1 0 0 0 0 0 0
124 1804 0 0 902 115 112 0 0 0
126 27 1 1 9 6 0 0 0 0
129 28 0 0 14 3 0 7 1 0
131 13569 1 1 3394 0 0 0 0 0
133 16935 0 0 10161 2107 1154 0 0 0
134 13548 0 0 3387 0 0 3387 0 0
135 10161 1 1 6774 0 0 3387 0 0
136 13548 0 0 3387 2 0 0 0 0
138 10161 0 0 0 0 0 0 0 0
140 10 0 0 2 0 0 4 0 0
143 2 0 0 0 0 0 0 0 0
147 3385 0 0 0 0 0 3385 0 0
150 10178 1 1 3385 0 0 0 0 0
151 12 1 1 4 0 0 0 0 0
163 36 0 0 18 0 0 0 0 0
164 28 2 2 4 0 0 2 0 0
165 6 0 0 2 0 0 0 0 0
168 6 0 0 4 0 0 0 0 0
170 16 1 1 4 1 0 2 0 0
171 2 0 0 2 0 0 0 0 0
172 4 0 0 2 0 0 0 0 0
179 35 0 0 8 0 0 3 0 0
181 42 0 0 12 2 2 6 0 0
182 12 0 0 12 0 0 0 0 0
184 18 1 1 0 0 0 0 0 0
192 6 0 0 0 0 0 6 0 0
195 18 1 1 6 0 0 0 0 0
209 6 0 0 3 0 0 0 0 0
fn=_dl_start
49 6 0 0 2 0 0 0 0 0
50 4 0 0 2 0 0 0 0 0
51 1 0 0 1 0 0 0 0 0
53 10 0 0 4 0 0 0 0 0
56 4 0 0 0 0 0 0 0 0
61 25 1 1 0 0 0 0 0 0
63 21 1 1 7 2 2 0 0 0
64 14 0 0 0 0 0 0 0 0
65 7 0 0 7 0 0 0 0 0
fl=./elf/./elf/get-dynamic-info.h
fn=_dl_map_object_from_fd
39 10 0 0 0 0 0 0 0 0
43 5 0 0 0 0 0 0 0 0
45 531 0 0 134 36 36 0 0 0
49 258 0 0 0 0 0 0 0 0
54 121 0 0 0 0 0 0 0 0
55 82 0 0 0 0 0 0 0 0
56 25 0 0 0 0 0 0 0 0
58 5 0 0 0 0 0 0 0 0
59 25 2 2 0 0 0 0 0 0
62 20 1 1 0 0 0 0 0 0
64 20 0 0 0 0 0 0 0 0
68 129 0 0 0 0 0 129 31 31
72 20 1 1 5 0 0 0 0 0
84 17 0 0 7 0 0 0 0 0
85 20 0 0 10 0 0 0 0 0
86 20 1 1 10 0 0 0 0 0
87 20 0 0 10 0 0 0 0 0
88 17 0 0 7 1 1 0 0 0
89 19 0 0 9 1 1 0 0 0
90 19 0 0 9 1 1 0 0 0
91 20 1 1 10 0 0 0 0 0
103 40 0 0 10 0 0 5 0 0
110 16 0 0 5 0 0 0 0 0
115 8 0 0 4 0 0 0 0 0
122 8 0 0 4 0 0 0 0 0
123 15 1 1 10 0 0 0 0 0
129 15 0 0 5 0 0 0 0 0
130 6 0 0 4 0 0 0 0 0
147 15 1 1 5 0 0 0 0 0
152 4 0 0 2 0 0 2 0 0
154 4 0 0 0 0 0 0 0 0
156 4 0 0 0 0 0 0 0 0
158 4 0 0 0 0 0 0 0 0
162 15 1 1 5 0 0 0 0 0
164 3 0 0 1 0 0 1 0 0
165 2 0 0 0 0 0 0 0 0
174 2 0 0 1 0 0 0 0 0
175 3 1 1 0 0 0 0 0 0
180 2 1 1 0 0 0 0 0 0
184 10 0 0 5 0 0 0 0 0
fl=./elf/./elf/libc_early_init.c
fn=__libc_early_init
33 6 2 2 1 0 0 2 0 0
35 1 0 0 0 0 0 1 0 0
38 2 0 0 1 0 0 1 1 1
41 2 0 0 0 0 0 2 1 1
47 4 0 0 2 0 0 0 0 0
49 2 1 1 1 0 0 0 0 0
fl=./elf/./elf/rtld.c
fn=_dl_start
84 8 0 0 0 0 0 2 1 1
460 2 1 1 0 0 0 1 0 0
478 3 0 0 0 0 0 1 0 0
479 1 1 1 0 0 0 1 0 0
480 2 0 0 1 0 0 1 0 0
482 2 0 0 0 0 0 1 1 1
491 1 0 0 0 0 0 1 0 0
497 4 1 0 1 0 0 1 0 0
499 2 0 0 1 0 0 0 0 0
520 15 1 1 0 0 0 8 2 2
546 1 0 0 0 0 0 1 1 1
549 2 0 0 0 0 0 1 0 0
550 1 1 1 1 1 1 0 0 0
566 144 6 6 27 5 5 7 0 0
568 1 0 0 1 0 0 0 0 0
581 1 0 0 0 0 0 1 0 0
588 9 1 1 7 2 0 0 0 0
fn=dl_main
84 18 3 3 0 0 0 1 0 0
91 12 1 1 0 0 0 0 0 0
92 2 0 0 0 0 0 1 0 0
100 9 3 3 4 0 0 0 0 0
196 2 0 0 0 0 0 1 0 0
198 1 0 0 0 0 0 1 0 0
223 4 1 1 4 1 1 0 0 0
224 4 1 1 3 0 0 0 0 0
225 5 0 0 0 0 0 0 0 0
295 3 0 0 0 0 0 3 0 0
301 1 0 0 0 0 0 1 0 0
302 1 0 0 0 0 0 1 0 0
843 1 0 0 1 0 0 0 0 0
845 1 0 0 0 0 0 1 0 0
854 1 0 0 0 0 0 1 0 0
856 1 0 0 0 0 0 1 0 0
861 1 0 0 0 0 0 1 0 0
1121 1 0 0 1 0 0 0 0 0
1122 1 0 0 1 0 0 0 0 0
1124 4 0 0 1 0 0 1 0 0
1127 2 0 0 1 0 0 1 0 0
1129 2 0 0 1 1 1 1 0 0
1131 1 0 0 1 0 0 0 0 0
1132 1 0 0 1 0 0 0 0 0
1147 1 0 0 0 0 0 0 0 0
1150 46 4 4 0 0 0 0 0 0
1151 117 1 1 22 7 7 0 0 0
1155 3 1 1 1 0 0 1 0 0
1160 3 0 0 2 0 0 1 0 0
1161 9 0 0 2 0 0 1 0 0
1170 2 0 0 0 0 0 1 0 0
1171 2 0 0 2 1 1 0 0 0
1173 1 0 0 0 0 0 1 0 0
1180 3 1 1 1 0 0 0 0 0
1198 2 0 0 0 0 0 1 0 0
1206 8 0 0 4 0 0 0 0 0
1207 17 1 1 5 1 1 0 0 0
1208 8 1 1 4 0 0 0 0 0
1209 1 0 0 0 0 0 1 0 0
1211 12 0 0 4 0 0 0 0 0
1212 14 0 0 0 0 0 0 0 0
1216 8 0 0 4 3 3 0 0 0
1217 8 1 1 4 0 0 0 0 0
1218 4 0 0 0 0 0 4 0 0
1219 10 0 0 5 0 0 0 0 0
1220 1 0 0 0 0 0 1 0 0
1224 12 0 0 0 0 0 0 0 0
1252 2 1 1 1 0 0 1 1 1
1256 4 0 0 2 1 1 1 1 1
1258 1 0 0 0 0 0 0 0 0
1262 26 0 0 0 0 0 0 0 0
1263 61 1 1 13 0 0 0 0 0
1269 17 0 0 0 0 0 1 0 0
1275 4 0 0 2 1 1 0 0 0
1278 3 1 1 2 0 0 0 0 0
1280 3 0 0 2 0 0 0 0 0
1282 2 0 0 1 0 0 0 0 0
1357 12 2 2 0 0 0 9 2 2
1362 1 0 0 0 0 0 1 0 0
1368 1 0 0 0 0 0 1 1 1
1384 3 0 0 2 0 0 1 0 0
1385 4 1 1 2 0 0 0 0 0
1654 9 2 2 0 0 0 2 0 0
1656 2 0 0 0 0 0 0 0 0
1657 3 0 0 1 0 0 1 0 0
1658 2 0 0 1 0 0 1 1 1
1659 3 1 1 2 0 0 1 0 0
1663 2 0 0 0 0 0 1 0 0
1664 2 0 0 1 0 0 0 0 0
1689 3 1 1 1 0 0 0 0 0
1690 6 0 0 2 0 0 1 0 0
1691 3 0 0 2 0 0 0 0 0
1692 3 0 0 3 0 0 0 0 0
1695 1 0 0 0 0 0 1 0 0
1697 1 1 1 0 0 0 1 1 1
1698 1 0 0 0 0 0 1 1 1
1700 2 0 0 1 0 0 0 0 0
1701 2 0 0 0 0 0 1 0 0
1705 2 0 0 1 0 0 0 0 0
1707 2 1 1 1 0 0 0 0 0
1715 4 1 1 2 0 0 0 0 0
1722 2 1 1 1 0 0 1 0 0
1725 2 0 0 1 0 0 0 0 0
1750 4 0 0 1 0 0 2 0 0
1752 1 0 0 0 0 0 1 0 0
1757 2 0 0 1 0 0 0 0 0
1760 4 1 1 2 0 0 1 0 0
1761 4 0 0 1 0 0 1 0 0
1762 3 0 0 2 0 0 1 0 0
1763 1 0 0 0 0 0 1 0 0
1764 1 1 1 1 0 0 0 0 0
1765 1 0 0 1 0 0 0 0 0
1776 2 0 0 1 1 1 0 0 0
1777 2 1 1 1 0 0 0 0 0
1779 2 0 0 1 0 0 0 0 0
1781 1 0 0 0 0 0 1 0 0
1782 3 0 0 1 0 0 1 0 0
1787 5 1 1 0 0 0 0 0 0
1788 5 0 0 1 1 1 0 0 0
1790 4 1 1 2 0 0 1 1 1
1796 2 0 0 1 1 1 0 0 0
1805 2 1 1 1 0 0 0 0 0
1809 1 0 0 0 0 0 0 0 0
1810 2 0 0 1 0 0 0 0 0
1834 2 1 1 0 0 0 2 0 0
1840 2 0 0 1 0 0 1 0 0
1841 1 0 0 0 0 0 1 0 0
1846 3 1 1 1 0 0 1 0 0
1851 3 0 0 2 0 0 0 0 0
1853 1 0 0 0 0 0 0 0 0
1855 2 0 0 1 0 0 0 0 0
1859 5 0 0 2 0 0 1 0 0
1864 2 0 0 1 0 0 0 0 0
1880 6 1 1 0 0 0 1 0 0
1956 4 0 0 2 0 0 0 0 0
1960 9 2 2 0 0 0 0 0 0
1961 1 0 0 0 0 0 0 0 0
1964 3 0 0 0 0 0 1 0 0
1965 1 0 0 1 0 0 0 0 0
1966 2 0 0 0 0 0 0 0 0
1967 2 0 0 0 0 0 0 0 0
1972 3 0 0 1 0 0 0 0 0
1982 9 0 0 2 0 0 1 0 0
1988 31 0 0 1 0 0 0 0 0
1989 17 0 0 15 0 0 0 0 0
1992 3 1 1 2 0 0 1 0 0
1993 2 0 0 0 0 0 0 0 0
1994 1 0 0 0 0 0 1 0 0
1996 26 0 0 1 1 0 0 0 0
1997 12 1 1 6 0 0 0 0 0
2001 2 0 0 0 0 0 0 0 0
2007 1 1 1 0 0 0 1 0 0
2009 3 0 0 1 0 0 1 0 0
2010 2 0 0 0 0 0 0 0 0
2012 2 1 1 0 0 0 1 0 0
2014 3 0 0 0 0 0 0 0 0
2016 3 0 0 1 0 0 0 0 0
2017 1 0 0 1 0 0 0 0 0
2018 2 0 0 0 0 0 0 0 0
2030 2 0 0 0 0 0 0 0 0
2031 2 0 0 1 0 0 1 0 0
2032 3 0 0 1 0 0 0 0 0
2043 5 0 0 1 1 0 1 1 0
2044 4 1 1 0 0 0 1 0 0
2045 4 0 0 1 0 0 1 0 0
2055 2 0 0 1 1 0 1 0 0
2056 2 0 0 1 0 0 0 0 0
2057 4 1 1 0 0 0 2 0 0
2059 2 0 0 0 0 0 0 0 0
2064 3 0 0 1 0 0 0 0 0
2263 3 1 1 1 0 0 1 0 0
2267 3 0 0 1 0 0 2 0 0
2273 2 0 0 1 0 0 1 0 0
2276 2 0 0 1 0 0 0 0 0
2284 2 0 0 2 0 0 0 0 0
2295 3 0 0 1 0 0 0 0 0
2298 1 0 0 1 0 0 0 0 0
2304 29 0 0 3 1 0 1 0 0
2306 14 1 1 14 4 0 0 0 0
2311 14 0 0 14 6 0 0 0 0
2313 16 0 0 0 0 0 0 0 0
2315 1 1 1 0 0 0 1 0 0
2316 1 0 0 1 0 0 0 0 0
2319 7 0 0 7 1 0 0 0 0
2321 14 0 0 0 0 0 0 0 0
2322 48 0 0 12 6 0 6 0 0
2326 18 1 1 9 4 0 0 0 0
2327 6 0 0 0 0 0 2 0 0
2336 2 0 0 1 0 0 0 0 0
2340 4 0 0 2 1 0 0 0 0
2342 1 0 0 1 0 0 0 0 0
2349 4 0 0 1 0 0 1 0 0
2352 2 0 0 1 0 0 0 0 0
2362 3 1 1 2 1 0 0 0 0
2364 2 0 0 1 0 0 0 0 0
2374 1 1 1 0 0 0 1 0 0
2379 3 1 1 1 0 0 1 0 0
2382 1 0 0 0 0 0 1 0 0
2388 1 0 0 1 0 0 0 0 0
2389 5 0 0 2 0 0 1 0 0
2397 3 0 0 1 0 0 1 0 0
2404 1 0 0 0 0 0 1 0 0
2408 3 0 0 0 0 0 1 0 0
2413 2 0 0 0 0 0 1 0 0
2414 1 0 0 0 0 0 1 0 0
2415 1 0 0 0 0 0 1 0 0
2420 1 1 1 0 0 0 1 0 0
2425 8 0 0 7 1 0 0 0 0
2558 2 1 1 1 0 0 1 0 0
2560 1 0 0 0 0 0 0 0 0
2564 6 0 0 1 0 0 1 0 0
2566 18 1 1 3 0 0 4 0 0
2568 2 0 0 0 0 0 0 0 0
2570 107 0 0 21 0 0 0 0 0
2571 19 0 0 0 0 0 0 0 0
2579 13 1 1 2 1 1 0 0 0
2600 2 1 1 1 0 0 0 0 0
2607 4 3 3 2 0 0 0 0 0
2609 2 0 0 0 0 0 1 0 0
2610 1 0 0 0 0 0 0 0 0
2655 3 1 1 1 0 0 0 0 0
2656 5 2 2 2 0 0 0 0 0
2658 2 0 0 0 0 0 1 0 0
2659 2 0 0 0 0 0 1 0 0
2660 1 0 0 0 0 0 0 0 0
2697 4 0 0 1 0 0 1 0 0
2722 2 0 0 0 0 0 0 0 0
fn=do_preload
810 6 1 1 0 0 0 3 0 0
812 1 0 0 0 0 0 1 0 0
816 1 0 0 0 0 0 1 0 0
817 1 0 0 0 0 0 1 0 0
818 1 0 0 0 0 0 1 0 0
820 1 0 0 1 0 0 0 0 0
822 6 1 1 0 0 0 1 0 0
823 3 0 0 1 0 0 0 0 0
831 3 0 0 1 0 0 0 0 0
837 5 0 0 4 0 0 0 0 0
fn=handle_preload_list
182 3 0 0 1 0 0 0 0 0
875 8 1 1 0 0 0 7 1 1
876 1 0 0 0 0 0 0 0 0
880 7 0 0 2 0 0 0 0 0
883 4 1 1 0 0 0 1 0 0
884 3 0 0 0 0 0 0 0 0
886 6 1 1 0 0 0 1 0 0
887 2 0 0 0 0 0 1 0 0
893 1 0 0 0 0 0 0 0 0
895 2 0 0 1 0 0 0 0 0
897 2 0 0 1 0 0 0 0 0
898 5 0 0 1 0 0 1 0 0
901 9 1 1 7 0 0 0 0 0
fn=init_tls
737 3 1 1 0 0 0 2 0 0
739 2 0 0 1 0 0 1 0 0
743 3 1 1 1 0 0 0 0 0
749 2 1 1 0 0 0 1 0 0
752 1 0 0 0 0 0 1 0 0
753 1 0 0 0 0 0 0 0 0
754 1 0 0 0 0 0 0 0 0
758 1 0 0 0 0 0 0 0 0
760 1 0 0 0 0 0 1 0 0
764 2 0 0 1 1 1 0 0 0
765 2 0 0 0 0 0 0 0 0
766 17 0 0 1 0 0 0 0 0
767 7 1 1 7 0 0 0 0 0
768 14 0 0 7 3 0 0 0 0
772 6 0 0 0 0 0 2 1 1
774 2 0 0 0 0 0 0 0 0
776 3 0 0 1 0 0 0 0 0
779 2 0 0 0 0 0 1 0 0
782 1 0 0 0 0 0 1 0 0
789 2 0 0 0 0 0 1 0 0
790 2 0 0 0 0 0 0 0 0
796 2 0 0 1 0 0 1 0 0
799 8 1 1 0 0 0 2 0 0
802 1 0 0 0 0 0 1 0 0
803 1 0 0 0 0 0 1 0 0
806 5 0 0 3 0 0 0 0 0
fn=map_doit
644 2 1 1 0 0 0 1 0 0
646 4 0 0 1 0 0 0 0 0
647 6 0 0 2 0 0 2 0 0
649 2 0 0 2 0 0 0 0 0
fn=version_check_doit
677 2 1 1 0 0 0 1 0 0
679 6 0 0 2 0 0 1 0 0
683 2 0 0 2 0 0 0 0 0
fl=./elf/./get-dynamic-info.h
fn=_dl_start
45 83 0 0 21 6 6 0 0 0
49 40 0 0 0 0 0 0 0 0
54 17 2 2 0 0 0 0 0 0
55 11 0 0 0 0 0 0 0 0
56 5 0 0 0 0 0 0 0 0
58 1 0 0 0 0 0 0 0 0
59 5 0 0 0 0 0 0 0 0
62 4 1 1 0 0 0 0 0 0
64 4 0 0 0 0 0 0 0 0
68 21 0 0 0 0 0 20 8 8
72 3 0 0 0 0 0 0 0 0
84 4 0 0 2 0 0 0 0 0
85 4 1 1 2 0 0 0 0 0
86 4 0 0 2 0 0 0 0 0
87 4 0 0 2 0 0 0 0 0
88 5 0 0 2 0 0 0 0 0
89 4 1 1 2 0 0 0 0 0
90 4 0 0 2 0 0 0 0 0
91 4 0 0 2 0 0 0 0 0
103 10 2 2 2 0 0 1 0 0
110 3 0 0 1 0 0 0 0 0
115 2 0 0 1 0 0 0 0 0
122 1 0 0 0 0 0 0 0 0
123 3 0 0 2 0 0 0 0 0
129 3 0 0 1 0 0 0 0 0
130 3 1 1 2 0 0 0 0 0
133 2 0 0 1 0 0 0 0 0
134 3 0 0 1 0 0 0 0 0
139 3 0 0 1 0 0 0 0 0
142 3 1 1 1 0 0 0 0 0
fn=dl_main
39 4 0 0 2 0 0 0 0 0
43 1 0 0 0 0 0 0 0 0
45 111 0 0 28 8 8 0 0 0
49 54 0 0 0 0 0 0 0 0
54 25 0 0 0 0 0 0 0 0
55 17 1 1 0 0 0 0 0 0
56 5 0 0 0 0 0 0 0 0
58 1 0 0 0 0 0 0 0 0
59 5 1 1 0 0 0 0 0 0
62 4 0 0 0 0 0 0 0 0
64 4 1 1 0 0 0 0 0 0
68 27 0 0 0 0 0 27 7 7
72 7 3 3 4 0 0 0 0 0
84 3 0 0 1 0 0 0 0 0
85 5 0 0 3 0 0 0 0 0
86 5 0 0 3 0 0 0 0 0
87 5 1 1 3 0 0 0 0 0
88 4 0 0 2 0 0 0 0 0
89 5 1 1 3 0 0 0 0 0
90 5 0 0 3 0 0 0 0 0
91 5 0 0 3 0 0 0 0 0
103 9 0 0 3 0 0 1 0 0
110 3 1 1 1 0 0 0 0 0
115 2 0 0 1 0 0 0 0 0
122 3 1 1 2 0 0 0 0 0
123 4 0 0 3 0 0 0 0 0
129 3 0 0 1 0 0 0 0 0
147 4 1 1 2 0 0 0 0 0
162 4 1 1 2 0 0 0 0 0
164 3 0 0 1 0 0 1 0 0
165 2 0 0 0 0 0 0 0 0
174 2 1 1 1 0 0 0 0 0
175 3 1 1 0 0 0 0 0 0
180 2 0 0 0 0 0 0 0 0
184 3 0 0 2 0 0 0 0 0
fl=./elf/./setup-vdso.h
fn=dl_main
24 2 0 0 1 0 0 0 0 0
fl=./iconv/./iconv/gconv_simple.c
fn=__gconv_btwoc_ascii
51 512 1 1 0 0 0 0 0 0
54 128 0 0 128 0 0 0 0 0
fl=./intl/../include/../locale/localeinfo.h
fn=__dcigettext
222 6 1 1 2 1 1 0 0 0
fl=./intl/./intl/dcgettext.c
fn=dcgettext
46 1 1 1 0 0 0 0 0 0
47 4 0 0 0 0 0 0 0 0
fl=./intl/./intl/dcigettext.c
fn=__dcigettext
485 16 2 2 1 0 0 12 0 0
494 1 0 0 0 0 0 1 0 0
508 2 0 0 0 0 0 0 0 0
512 4 1 1 0 0 0 0 0 0
521 4 0 0 2 0 0 1 0 0
525 2 0 0 0 0 0 1 0 0
528 2 0 0 0 0 0 1 0 0
534 2 1 1 1 1 1 0 0 0
544 1 0 0 0 0 0 1 0 0
545 2 0 0 1 0 0 1 0 0
546 1 0 0 0 0 0 1 0 0
547 2 0 0 1 0 0 1 0 0
551 3 0 0 0 0 0 2 0 0
560 1 0 0 0 0 0 1 0 0
567 2 1 1 0 0 0 1 0 0
569 6 0 0 0 0 0 2 0 0
571 2 0 0 0 0 0 1 0 0
573 2 0 0 0 0 0 0 0 0
587 1 0 0 1 0 0 0 0 0
601 5 1 1 2 1 1 0 0 0
616 5 1 1 0 0 0 1 0 0
650 4 0 0 0 0 0 2 0 0
651 8 1 1 0 0 0 2 0 0
655 9 1 1 0 0 0 4 0 0
660 10 1 1 0 0 0 1 0 0
669 3 0 0 1 0 0 0 0 0
671 2 1 1 0 0 0 0 0 0
683 5 0 0 1 0 0 0 0 0
684 3 0 0 0 0 0 1 0 0
685 1 0 0 0 0 0 1 0 0
689 4 0 0 2 2 2 0 0 0
696 4 0 0 2 0 0 0 0 0
709 2 0 0 0 0 0 1 0 0
833 2 1 1 1 0 0 1 0 0
835 2 0 0 0 0 0 1 0 0
837 2 0 0 0 0 0 1 0 0
852 3 1 1 2 0 0 1 0 0
856 3 0 0 1 0 0 0 0 0
857 12 0 0 9 0 0 0 0 0
1539 2 1 1 0 0 0 1 0 0
1568 4 1 1 2 1 1 0 0 0
fl=./io/../sysdeps/unix/sysv/linux/access.c
fn=access
27 7 0 0 0 0 0 1 0 0
31 1 0 0 1 0 0 0 0 0
fl=./io/../sysdeps/unix/sysv/linux/close_nocancel.c
fn=__GI___close_nocancel
26 24 1 1 0 0 0 0 0 0
27 6 0 0 6 0 0 0 0 0
fl=./io/../sysdeps/unix/sysv/linux/fstat64.c
fn=fstat
29 8 3 3 0 0 0 0 0 0
30 16 0 0 0 0 0 0 0 0
35 24 2 2 0 0 0 0 0 0
fl=./io/../sysdeps/unix/sysv/linux/fstatat64.c
fn=fstatat
99 36 0 0 0 0 0 0 0 0
154 18 3 3 0 0 0 0 0 0
168 18 0 0 0 0 0 9 0 0
169 63 0 0 9 0 0 0 0 0
170 9 0 0 9 0 0 0 0 0
fl=./io/../sysdeps/unix/sysv/linux/open64_nocancel.c
fn=__open_nocancel
28 19 0 0 0 0 0 19 2 2
31 133 1 1 0 0 0 0 0 0
39 172 1 1 0 0 0 13 0 0
41 19 0 0 19 0 0 0 0 0
fl=./io/../sysdeps/unix/sysv/linux/pread64_nocancel.c
fn=__pread64_nocancel
25 2 1 1 0 0 0 0 0 0
26 8 0 0 0 0 0 0 0 0
27 2 0 0 2 0 0 0 0 0
fl=./io/../sysdeps/unix/sysv/linux/read.c
fn=read
26 12 2 2 2 0 0 0 0 0
27 2 0 0 2 0 0 0 0 0
fl=./io/../sysdeps/unix/sysv/linux/read_nocancel.c
fn=__read_nocancel
26 20 1 1 0 0 0 0 0 0
27 5 0 0 5 0 0 0 0 0
fl=./io/../sysdeps/unix/sysv/linux/stat64.c
fn=stat
28 10 1 1 0 0 0 0 0 0
29 40 0 0 0 0 0 0 0 0
fl=./io/../sysdeps/unix/sysv/linux/write.c
fn=write
26 1782 2 2 297 4 1 0 0 0
27 297 0 0 297 0 0 0 0 0
fl=./libio/../include/sys/sysmacros.h
fn=_IO_file_doallocate
47 6 1 1 0 0 0 0 0 0
fl=./libio/./libio/filedoalloc.c
fn=_IO_file_doallocate
78 16 2 2 2 0 0 8 0 0
84 18 0 0 6 0 0 2 0 0
86 8 0 0 2 0 0 0 0 0
89 2 0 0 0 0 0 0 0 0
91 2 1 1 1 0 0 0 0 0
94 2 0 0 1 0 0 0 0 0
97 8 2 2 2 0 0 0 0 0
101 6 0 0 0 0 0 2 0 0
102 4 0 0 0 0 0 0 0 0
104 8 0 0 0 0 0 2 0 0
105 2 0 0 0 0 0 0 0 0
106 16 1 1 12 0 0 0 0 0
fl=./libio/./libio/fileops.c
fn=_IO_do_write@@GLIBC_2.2.5
423 140 0 0 0 0 0 70 0 0
425 1174 2 2 0 0 0 70 0 0
426 368 0 0 368 0 0 0 0 0
fn=_IO_file_overflow@@GLIBC_2.2.5
731 1208 2 1 0 0 0 906 0 0
732 906 0 0 302 0 0 0 0 0
739 1808 3 2 302 0 0 0 0 0
742 4 1 1 0 0 0 0 0 0
744 4 2 2 0 0 0 2 0 0
745 12 2 2 2 0 0 4 0 0
754 6 0 0 2 0 0 0 0 0
763 6 0 0 2 0 0 0 0 0
765 2 0 0 0 0 0 2 0 0
766 2 0 0 0 0 0 2 0 0
767 2 0 0 0 0 0 2 0 0
768 6 0 0 2 0 0 4 0 0
770 6 1 1 0 0 0 2 0 0
771 10 0 0 2 0 0 0 0 0
772 2 0 0 0 0 0 2 0 0
774 604 0 0 0 0 0 0 0 0
775 456 0 0 0 0 0 0 0 0
776 756 2 1 528 0 0 0 0 0
777 148 0 0 74 0 0 0 0 0
780 222 0 0 0 0 0 148 0 0
781 222 0 0 74 0 0 0 0 0
782 28 0 0 0 0 0 0 0 0
783 280 0 0 0 0 0 70 0 0
784 210 0 0 140 0 0 0 0 0
786 74 3 1 0 0 0 0 0 0
787 980 1 1 980 0 0 0 0 0
fn=_IO_file_read
1131 2 2 2 2 0 0 0 0 0
1132 2 0 0 0 0 0 0 0 0
1133 6 0 0 2 0 0 0 0 0
fn=_IO_file_stat
1147 4 0 0 2 0 0 0 0 0
fn=_IO_file_sync@@GLIBC_2.2.5
792 3280 3 2 0 0 0 1640 2 0
797 3280 0 0 1640 7 2 0 0 0
799 820 1 1 820 0 0 0 0 0
800 1640 0 0 820 0 0 0 0 0
811 1640 2 2 0 0 0 820 0 0
815 3280 0 0 2460 0 0 0 0 0
fn=_IO_file_underflow@@GLIBC_2.2.5
461 16 2 2 0 0 0 12 0 0
465 6 0 0 2 0 0 0 0 0
466 2 0 0 0 0 0 0 0 0
468 4 0 0 0 0 0 0 0 0
474 6 0 0 4 0 0 0 0 0
477 4 0 0 2 0 0 0 0 0
480 3 1 1 1 0 0 0 0 0
485 2 1 1 0 0 0 1 0 0
489 6 0 0 1 0 0 0 0 0
498 4 2 2 0 0 0 0 0 0
505 4 0 0 0 0 0 2 0 0
511 12 0 0 2 0 0 6 0 0
516 10 0 0 6 0 0 2 0 0
518 4 0 0 0 0 0 0 0 0
521 7 0 0 1 0 0 1 0 0
525 1 0 0 1 0 0 0 0 0
531 1 1 1 0 0 0 1 1 1
534 3 1 1 1 1 0 0 0 0
536 2 0 0 2 0 0 0 0 0
537 16 1 1 14 0 0 0 0 0
fn=_IO_file_write@@GLIBC_2.2.5
1173 1782 1 1 0 0 0 1188 1 1
1174 594 0 0 0 0 0 0 0 0
1175 1782 0 0 0 0 0 0 0 0
1179 891 6 2 297 0 0 0 0 0
1180 891 0 0 297 0 0 297 2 0
1181 594 0 0 0 0 0 0 0 0
1186 297 0 0 0 0 0 0 0 0
1187 297 0 0 0 0 0 0 0 0
1189 891 5 2 0 0 0 0 0 0
1190 891 0 0 297 0 0 0 0 0
1193 1782 0 0 1485 0 0 0 0 0
fn=_IO_file_xsputn@@GLIBC_2.2.5
1197 2300 2 1 0 0 0 1380 1 0
1199 228 5 2 0 0 0 0 0 0
1203 460 0 0 0 0 0 0 0 0
1204 230 1 1 0 0 0 0 0 0
1210 920 0 0 230 0 0 0 0 0
1212 234 2 0 232 0 0 0 0 0
1213 4 0 0 0 0 0 0 0 0
1216 22 2 1 0 0 0 0 0 0
1218 24 0 0 8 0 0 0 0 0
1227 684 0 0 228 0 0 0 0 0
1228 2 0 0 0 0 0 0 0 0
1233 2 0 0 0 0 0 0 0 0
1235 6 0 0 0 0 0 4 0 0
1236 2 0 0 0 0 0 0 0 0
1237 8 0 0 0 0 0 0 0 0
1239 4 0 0 0 0 0 0 0 0
1243 1368 4 2 456 9 1 228 0 0
1249 456 0 0 456 6 1 0 0 0
1250 459 0 0 0 0 0 0 0 0
1252 911 3 2 0 0 0 0 0 0
1254 908 0 0 0 0 0 227 0 0
1255 454 0 0 0 0 0 0 0 0
1256 454 0 0 0 0 0 0 0 0
1263 456 0 0 0 0 0 0 0 0
1264 4 0 0 0 0 0 1 0 0
1266 7 0 0 0 0 0 0 0 0
1267 1840 1 1 1610 0 0 0 0 0
fn=new_do_write
431 2970 7 4 0 0 0 1782 3 1
433 594 0 0 297 0 0 0 0 0
440 1188 1 1 594 0 0 0 0 0
443 297 0 0 297 0 0 0 0 0
448 1485 0 0 297 1 0 297 2 1
449 1485 3 2 297 0 0 0 0 0
451 891 0 0 297 0 0 594 0 0
452 594 0 0 0 0 0 297 0 0
453 297 0 0 0 0 0 297 0 0
454 594 1 1 297 0 0 0 0 0
455 1188 0 0 297 0 0 0 0 0
457 2673 0 0 2079 0 0 0 0 0
fl=./libio/./libio/genops.c
fn=_IO_default_uflow
361 8 2 2 0 0 0 4 0 0
362 6 0 0 4 0 0 2 0 0
363 4 0 0 0 0 0 0 0 0
365 4 0 0 2 0 0 1 0 0
366 8 0 0 6 0 0 0 0 0
fn=_IO_default_xsputn
371 1530 4 1 0 0 0 1190 5 2
374 340 0 0 0 0 0 0 0 0
375 13 0 0 13 0 0 0 0 0
379 68 2 1 34 0 0 0 0 0
381 36 0 0 0 0 0 0 0 0
384 24 0 0 0 0 0 0 0 0
386 12 0 0 0 0 0 6 0 0
387 6 0 0 0 0 0 0 0 0
389 18 0 0 0 0 0 0 0 0
393 117 0 0 0 0 0 0 0 0
394 114 1 1 39 0 0 48 0 0
397 12 0 0 0 0 0 0 0 0
399 66 0 0 12 0 0 4 0 0
401 4 0 0 0 0 0 0 0 0
404 1360 3 1 1190 0 0 0 0 0
fn=_IO_doallocbuf
330 1 0 0 0 0 0 0 0 0
332 1 0 0 0 0 0 1 0 0
333 1 0 0 0 0 0 1 1 0
337 2 0 0 0 0 0 1 0 0
343 9 0 0 0 0 0 9 0 0
344 6 1 1 3 0 0 0 0 0
346 15 1 1 4 0 0 0 0 0
347 10 1 1 4 0 0 2 0 0
349 2 1 1 0 0 0 0 0 0
350 12 1 1 12 0 0 0 0 0
fn=_IO_no_init
563 684 4 1 0 0 0 304 0 0
564 76 0 0 0 0 0 76 0 0
565 76 0 0 0 0 0 76 2 0
566 152 0 0 0 0 0 0 0 0
586 152 4 1 0 0 0 76 0 0
587 76 0 0 0 0 0 76 0 0
588 456 0 0 380 0 0 0 0 0
fn=_IO_old_init
532 152 0 0 0 0 0 76 0 0
534 456 3 1 76 4 1 76 0 0
539 532 0 0 0 0 0 456 0 0
544 76 0 0 0 0 0 76 2 0
550 152 4 1 0 0 0 76 0 0
555 228 0 0 76 0 0 0 0 0
558 76 0 0 76 0 0 0 0 0
fn=_IO_setb
329 702 8 2 0 0 0 312 2 0
330 464 0 0 156 0 0 0 0 0
332 78 0 0 0 0 0 78 0 0
333 78 0 0 0 0 0 78 0 0
335 468 0 0 0 0 0 78 0 0
338 468 6 1 390 0 0 0 0 0
fn=_IO_sputbackc
635 5788 3 2 0 0 0 2894 0 0
638 4341 0 0 2894 0 0 0 0 0
639 2894 0 0 1447 0 0 0 0 0
641 2894 3 2 0 0 0 1447 0 0
642 1447 0 0 0 0 0 0 0 0
647 1447 0 0 0 0 0 0 0 0
648 1447 0 0 1447 0 0 0 0 0
651 5788 0 0 4341 0 0 0 0 0
fn=_IO_switch_to_get_mode
164 8 2 2 0 0 0 4 0 0
165 6 0 0 4 0 0 0 0 0
168 6 2 2 2 0 0 0 0 0
172 4 0 0 2 0 0 2 0 0
173 4 0 0 2 0 0 0 0 0
176 2 0 0 0 0 0 2 0 0
178 4 0 0 0 0 0 4 0 0
180 4 2 2 0 0 0 2 0 0
181 2 0 0 0 0 0 0 0 0
182 8 0 0 6 0 0 0 0 0
fn=__overflow
199 140 3 2 0 0 0 70 0 0
201 210 0 0 70 0 0 0 0 0
203 210 0 0 140 0 0 0 0 0
204 140 3 2 70 0 0 0 0 0
fn=__uflow
299 8 2 2 0 0 0 4 0 0
300 9 3 3 2 2 1 1 0 0
305 4 0 0 2 0 0 0 0 0
308 6 0 0 4 0 0 0 0 0
310 4 0 0 2 0 0 0 0 0
316 4 0 0 2 0 0 0 0 0
321 6 1 1 2 0 0 0 0 0
323 8 2 2 4 0 0 0 0 0
324 6 0 0 4 0 0 0 0 0
fl=./libio/./libio/getc.c
fn=getc
34 8192 3 2 0 0 0 4096 0 0
37 4096 0 0 2048 4 2 0 0 0
38 12284 4 2 6142 16 13 2046 0 0
43 8190 2 2 6142 0 0 0 0 0
fl=./libio/./libio/iofflush.c
fn=fflush
32 3280 0 0 0 0 0 1640 0 0
33 1640 1 1 0 0 0 0 0 0
39 10660 1 1 5740 24 4 820 0 0
40 4100 0 0 1640 14 2 820 0 0
44 3280 0 0 2460 0 0 0 0 0
fl=./libio/./libio/iofwrite.c
fn=fwrite
31 1603 3 2 0 0 0 1374 0 0
32 458 0 0 0 0 0 0 0 0
35 458 0 0 0 0 0 0 0 0
37 3893 1 1 1603 14 3 229 0 0
38 1143 0 0 229 0 0 2 0 0
39 1145 0 0 458 7 1 229 0 0
45 1374 0 0 0 0 0 0 0 0
46 229 0 0 0 0 0 0 0 0
49 2061 0 0 1603 0 0 0 0 0
fl=./libio/./libio/ioungetc.c
fn=ungetc
31 8682 0 0 0 0 0 4341 0 0
34 2896 4 2 0 0 0 0 0 0
35 1 1 0 0 0 0 0 0 0
36 2894 0 0 1447 0 0 0 0 0
37 4341 3 2 0 0 0 0 0 0
42 5789 3 2 4342 0 0 0 0 0
fl=./libio/./libio/libioP.h
fn=_IO_default_uflow
940 6 2 2 0 0 0 0 0 0
942 4 0 0 0 0 0 0 0 0
943 4 0 0 0 0 0 0 0 0
fn=_IO_default_xsputn
940 91 2 1 0 0 0 0 0 0
942 8 0 0 0 0 0 0 0 0
943 8 0 0 0 0 0 0 0 0
946 18 0 0 0 0 0 0 0 0
fn=_IO_doallocbuf
940 6 0 0 0 0 0 0 0 0
942 4 0 0 0 0 0 0 0 0
943 4 0 0 0 0 0 0 0 0
fn=_IO_file_doallocate
940 6 2 2 0 0 0 0 0 0
942 4 0 0 0 0 0 0 0 0
943 4 0 0 0 0 0 0 0 0
fn=_IO_file_underflow@@GLIBC_2.2.5
940 4 0 0 0 0 0 0 0 0
942 8 2 2 0 0 0 0 0 0
943 4 0 0 0 0 0 0 0 0
fn=_IO_file_xsputn@@GLIBC_2.2.5
940 684 0 0 0 0 0 0 0 0
942 456 0 0 0 0 0 0 0 0
943 456 0 0 0 0 0 0 0 0
fn=__overflow
940 210 0 0 0 0 0 0 0 0
942 140 0 0 0 0 0 0 0 0
943 140 0 0 0 0 0 0 0 0
fn=__uflow
940 6 0 0 0 0 0 0 0 0
942 4 0 0 0 0 0 0 0 0
943 4 0 0 0 0 0 0 0 0
fn=fflush
883 1640 0 0 820 0 0 0 0 0
884 8200 2 2 3280 0 0 1640 0 0
940 2460 0 0 0 0 0 0 0 0
942 1640 0 0 0 0 0 0 0 0
943 1640 0 0 0 0 0 0 0 0
fn=fwrite
883 458 0 0 229 0 0 0 0 0
884 1832 1 1 916 0 0 229 0 0
940 687 1 1 0 0 0 0 0 0
942 458 0 0 0 0 0 0 0 0
943 458 0 0 0 0 0 0 0 0
fn=new_do_write
940 891 0 0 0 0 0 0 0 0
942 891 0 0 0 0 0 0 0 0
943 594 0 0 0 0 0 0 0 0
fl=./libio/./libio/putc.c
fn=putc
25 420 4 2 0 0 0 210 0 0
28 140 0 0 70 0 0 0 0 0
29 490 4 2 140 0 0 0 0 0
34 280 3 2 210 0 0 0 0 0
fl=./libio/./libio/strops.c
fn=_IO_str_init_static_internal
36 608 5 1 0 0 0 304 0 0
40 152 0 0 0 0 0 0 0 0
42 76 4 1 0 0 0 0 0 0
43 380 0 0 0 0 0 0 0 0
46 380 4 1 0 0 0 76 0 0
48 76 0 0 0 0 0 76 0 0
49 76 0 0 0 0 0 76 0 0
50 76 0 0 0 0 0 76 0 0
51 228 0 0 0 0 0 0 0 0
53 76 0 0 0 0 0 76 0 0
54 76 0 0 0 0 0 76 0 0
55 76 0 0 0 0 0 76 0 0
64 76 0 0 0 0 0 76 0 0
65 456 0 0 380 0 0 0 0 0
fl=./libio/./libio/vasprintf.c
fn=__vasprintf_internal
34 17 2 2 3 1 0 8 0 0
45 2 0 0 0 0 0 1 0 0
46 2 0 0 0 0 0 0 0 0
49 1 0 0 0 0 0 1 0 0
51 8 1 1 0 0 0 1 0 0
52 2 0 0 0 0 0 1 0 0
53 5 1 1 0 0 0 1 0 0
54 1 0 0 1 0 0 0 0 0
55 2 0 0 1 0 0 1 0 0
57 6 0 0 0 0 0 1 0 0
58 2 0 0 0 0 0 0 0 0
60 1 1 1 1 0 0 0 0 0
65 4 0 0 2 0 0 0 0 0
66 2 0 0 1 0 0 0 0 0
67 3 0 0 0 0 0 0 0 0
79 4 0 0 0 0 0 2 0 0
81 2 0 0 0 0 0 0 0 0
83 1 0 0 0 0 0 1 0 0
85 12 1 1 9 0 0 0 0 0
fl=./libio/./libio/vsnprintf.c
fn=__vsnprintf_internal
95 975 6 2 75 0 0 525 2 0
99 75 0 0 0 0 0 75 2 0
104 150 0 0 0 0 0 0 0 0
110 525 0 0 0 0 0 75 2 0
111 150 0 0 0 0 0 75 0 0
112 75 2 1 0 0 0 75 0 0
113 675 3 1 75 0 0 150 2 0
114 375 0 0 0 0 0 75 0 0
116 150 0 0 75 0 0 0 0 0
117 150 0 0 75 0 0 75 0 0
119 825 0 0 675 0 0 0 0 0
fn=vsnprintf
124 150 3 1 0 0 0 0 0 0
fl=./libio/./libio/vtables.c
fn=check_stdfiles_vtables
84 4 1 1 2 2 0 0 0 0
85 3 1 1 2 1 0 0 0 0
86 3 0 0 2 1 0 0 0 0
88 1 0 0 1 0 0 0 0 0
fl=./locale/./locale/localename.c
fn=__current_locale_name
25 8 1 1 6 2 1 0 0 0
26 2 0 0 2 0 0 0 0 0
fl=./locale/./locale/newlocale.c
fn=newlocale
43 13 2 2 1 0 0 7 0 0
55 2 0 0 0 0 0 0 0 0
56 1 0 0 0 0 0 0 0 0
63 2 1 1 0 0 0 0 0 0
66 3 1 1 0 0 0 0 0 0
73 4 1 1 2 0 0 0 0 0
75 1 1 1 0 0 0 0 0 0
277 12 2 2 9 0 0 0 0 0
fl=./locale/./locale/uselocale.c
fn=uselocale
31 456 8 4 304 7 2 0 0 0
33 304 0 0 0 0 0 0 0 0
36 304 0 0 0 0 0 0 0 0
37 152 0 0 0 0 0 152 0 0
65 456 0 0 304 11 3 152 0 0
66 456 0 0 304 4 1 152 0 0
68 456 0 0 304 4 1 152 0 0
72 456 4 2 0 0 0 0 0 0
73 152 0 0 152 0 0 0 0 0
fl=./malloc/./malloc/arena.c
fn=free
162 117 0 0 0 0 0 0 0 0
fn=malloc
162 38 0 0 0 0 0 0 0 0
315 1 1 1 0 0 0 1 0 0
fn=ptmalloc_init.part.0
313 6 1 1 1 0 0 3 0 0
318 1 0 0 0 0 0 1 0 0
343 2 2 2 1 0 0 0 0 0
347 3 0 0 1 1 0 1 1 0
352 4 0 0 0 0 0 1 0 0
353 4 1 1 0 0 0 1 0 0
354 4 0 0 0 0 0 1 0 0
355 4 0 0 0 0 0 1 0 0
356 4 1 1 0 0 0 1 0 0
357 4 0 0 0 0 0 1 0 0
358 4 0 0 0 0 0 1 0 0
360 4 1 1 0 0 0 1 0 0
361 4 0 0 0 0 0 1 0 0
362 4 0 0 0 0 0 1 0 0
365 4 0 0 0 0 0 1 0 0
366 4 1 1 0 0 0 1 0 0
367 2 0 0 1 1 1 0 0 0
430 7 0 0 5 0 0 0 0 0
fn=realloc
162 7 1 1 1 0 0 0 0 0
fl=./malloc/./malloc/malloc.c
fn=_int_free
2006 18 3 2 6 0 0 0 0 0
3175 33 4 2 0 0 0 33 0 0
3177 132 3 2 33 7 0 33 0 0
3178 33 0 0 0 0 0 33 0 0
3179 66 0 0 0 0 0 33 0 0
4417 429 8 4 39 2 0 273 2 0
4427 117 0 0 39 0 0 0 0 0
4433 195 0 0 0 0 0 0 0 0
4434 78 0 0 0 0 0 0 0 0
4438 195 0 0 0 0 0 0 0 0
4445 78 0 0 0 0 0 0 0 0
4446 273 5 2 117 3 0 0 0 0
4449 39 0 0 0 0 0 0 0 0
4455 117 0 0 78 7 2 0 0 0
4464 39 0 0 39 0 0 0 0 0
4475 156 5 2 39 3 0 0 0 0
4478 33 0 0 0 0 0 0 0 0
4489 12 0 0 6 3 0 0 0 0
4500 24 0 0 6 0 0 0 0 0
4502 18 0 0 6 3 0 0 0 0
4523 6 0 0 0 0 0 6 3 0
4524 6 0 0 0 0 0 0 0 0
4528 18 0 0 6 0 0 0 0 0
4530 12 0 0 6 3 0 0 0 0
4534 12 0 0 0 0 0 0 0 0
4536 24 0 0 0 0 0 6 0 0
4537 6 0 0 0 0 0 6 0 0
4556 24 0 0 0 0 0 0 0 0
4698 429 9 4 351 0 0 0 0 0
fn=_int_malloc
1338 40 5 2 0 0 0 0 0 0
1357 80 0 0 0 0 0 0 0 0
1999 9 2 0 3 0 0 0 0 0
3171 3 0 0 0 0 0 3 0 0
3175 6 0 0 3 0 0 3 0 0
3177 13 0 0 5 0 0 3 0 0
3179 8 0 0 2 0 0 3 0 0
3180 1 0 0 0 0 0 0 0 0
3766 180 5 2 0 0 0 120 0 0
3807 40 0 0 0 0 0 0 0 0
3834 40 0 0 20 0 0 0 0 0
3836 90 0 0 0 0 0 0 0 0
3837 2 0 0 0 0 0 0 0 0
3839 15 0 0 15 4 1 0 0 0
3841 75 8 4 0 0 0 0 0 0
3843 4 0 0 0 0 0 0 0 0
3846 4 0 0 2 0 0 0 0 0
3847 10 0 0 2 1 0 2 0 0
3852 4 0 0 2 0 0 0 0 0
3853 4 2 1 0 0 0 0 0 0
3859 4 0 0 0 0 0 0 0 0
3860 12 0 0 6 0 0 0 0 0
3865 4 0 0 2 0 0 0 0 0
3866 20 2 1 8 0 0 0 0 0
3868 4 0 0 0 0 0 0 0 0
3870 4 0 0 2 0 0 0 0 0
3871 12 2 1 2 0 0 2 0 0
3897 10 3 2 0 0 0 0 0 0
3899 6 2 1 0 0 0 0 0 0
3900 30 8 4 0 0 0 0 0 0
3902 45 0 0 15 3 1 0 0 0
3904 1 0 0 1 0 0 0 0 0
3905 2 0 0 1 0 0 0 0 0
3907 1 0 0 1 0 0 0 0 0
3908 1 0 0 0 0 0 1 0 0
3909 1 0 0 0 0 0 1 0 0
3911 3 0 0 0 0 0 0 0 0
3917 2 0 0 0 0 0 0 0 0
3918 6 1 1 3 0 0 0 0 0
3923 6 0 0 2 0 0 0 0 0
3924 10 1 1 2 0 0 0 0 0
3926 2 0 0 0 0 0 0 0 0
3928 1 1 1 1 0 0 0 0 0
3929 1 0 0 1 0 0 0 0 0
3930 2 0 0 0 0 0 0 0 0
3932 1 0 0 0 0 0 1 0 0
3933 1 1 1 0 0 0 1 0 0
3940 1 0 0 0 0 0 0 0 0
3959 35 2 1 0 0 0 0 0 0
3960 9 1 1 3 2 1 0 0 0
3961 3 1 1 0 0 0 1 0 0
3978 17 0 0 0 0 0 0 0 0
3979 51 0 0 0 0 0 17 0 0
3980 83 4 2 50 0 0 0 0 0
3984 17 1 1 0 0 0 17 0 0
3989 1 0 0 0 0 0 0 0 0
3990 77 1 1 20 2 0 1 0 0
3992 2 0 0 2 0 0 0 0 0
3993 4 0 0 2 0 0 0 0 0
3994 2 0 0 0 0 0 0 0 0
3996 4 0 0 0 0 0 0 0 0
3997 6 1 1 2 1 1 0 0 0
3999 2 0 0 2 0 0 0 0 0
4000 8 0 0 0 0 0 0 0 0
4002 8 0 0 2 0 0 0 0 0
4004 4 1 1 2 0 0 0 0 0
4005 4 0 0 2 0 0 0 0 0
4007 4 0 0 0 0 0 0 0 0
4018 8 0 0 0 0 0 0 0 0
4049 2 0 0 0 0 0 2 0 0
4050 2 0 0 0 0 0 2 0 0
4054 4 0 0 0 0 0 0 0 0
4083 4 1 1 0 0 0 0 0 0
4085 4 1 1 0 0 0 0 0 0
4086 8 0 0 0 0 0 0 0 0
4087 2 0 0 2 0 0 0 0 0
4140 34 4 2 0 0 0 0 0 0
4143 12 1 1 2 0 0 0 0 0
4144 2 0 0 0 0 0 2 0 0
4145 2 0 0 0 0 0 2 0 0
4146 2 0 0 0 0 0 2 0 0
4147 2 0 0 0 0 0 2 0 0
4152 4 0 0 4 0 0 0 0 0
4153 4 0 0 0 0 0 0 0 0
4162 6 1 1 0 0 0 0 0 0
4168 2 0 0 0 0 0 0 0 0
4179 34 4 2 0 0 0 0 0 0
4181 9 0 0 0 0 0 0 0 0
4184 9 0 0 3 2 1 0 0 0
4252 17 0 0 0 0 0 0 0 0
4253 34 0 0 0 0 0 0 0 0
4254 34 0 0 0 0 0 0 0 0
4255 34 0 0 17 3 0 0 0 0
4256 51 4 2 0 0 0 0 0 0
4261 34 0 0 0 0 0 0 0 0
4265 177 0 0 0 0 0 0 0 0
4268 168 0 0 42 0 0 0 0 0
4365 17 0 0 17 0 0 0 0 0
4366 34 0 0 17 3 1 0 0 0
4368 34 0 0 17 0 0 0 0 0
4371 52 4 2 0 0 0 1 0 0
4373 16 0 0 0 0 0 0 0 0
4374 16 0 0 0 0 0 0 0 0
4375 16 0 0 0 0 0 16 0 0
4376 128 7 3 0 0 0 16 0 0
4378 32 0 0 0 0 0 16 14 14
4381 16 0 0 0 0 0 0 0 0
4382 16 0 0 0 0 0 0 0 0
4388 3 0 0 1 0 0 0 0 0
4403 4 2 2 0 0 0 1 0 0
4404 2 0 0 0 0 0 0 0 0
4405 102 3 1 17 0 0 34 0 0
4409 180 10 4 140 0 0 0 0 0
fn=_int_realloc
4814 7 1 1 0 0 0 6 0 0
4825 4 0 0 1 0 0 0 0 0
4826 4 0 0 1 0 0 0 0 0
4832 2 0 0 0 0 0 0 0 0
4834 2 1 1 0 0 0 0 0 0
4835 4 0 0 1 0 0 0 0 0
4837 4 0 0 0 0 0 0 0 0
4840 2 0 0 0 0 0 0 0 0
4854 4 1 1 0 0 0 0 0 0
4907 2 0 0 0 0 0 0 0 0
4909 2 0 0 0 0 0 0 0 0
4911 5 0 0 0 0 0 1 0 0
4912 1 0 0 1 0 0 0 0 0
4928 1 0 0 0 0 0 0 0 0
4929 9 0 0 7 0 0 0 0 0
fn=alloc_perturb
1999 51 4 2 17 0 0 0 0 0
2001 17 0 0 17 0 0 0 0 0
fn=free
3346 117 0 0 0 0 0 78 0 0
3350 80 4 2 0 0 0 0 0 0
3358 78 4 2 78 6 0 0 0 0
3360 39 0 0 0 0 0 0 0 0
3362 117 0 0 39 21 1 0 0 0
3379 117 0 0 78 6 0 0 0 0
3385 78 4 2 0 0 0 39 0 0
3388 39 0 0 0 0 0 39 0 0
3389 157 1 1 118 0 0 0 0 0
fn=malloc
1338 106 4 1 0 0 0 0 0 0
1357 265 1 1 0 0 0 0 0 0
3187 68 0 0 34 5 1 0 0 0
3188 68 0 0 0 0 0 0 0 0
3190 136 0 0 34 19 4 34 0 0
3191 68 3 1 0 0 0 34 0 0
3192 34 0 0 0 0 0 34 0 0
3235 4 1 1 2 0 0 1 0 0
3281 265 5 2 0 0 0 159 0 0
3288 106 0 0 53 6 2 0 0 0
3298 106 0 0 0 0 0 0 0 0
3300 212 0 0 106 8 2 0 0 0
3303 106 1 1 53 4 1 0 0 0
3305 153 4 1 51 6 2 0 0 0
3313 38 6 2 19 2 0 0 0 0
3315 76 2 1 0 0 0 19 1 0
3316 95 5 2 19 0 0 0 0 0
3341 265 4 1 212 0 0 0 0 0
fn=malloc_consolidate
4711 8 1 1 0 0 0 6 0 0
4726 1 0 0 0 0 0 1 0 0
4728 2 0 0 0 0 0 1 0 0
4739 1 0 0 0 0 0 0 0 0
4741 20 0 0 20 1 1 0 0 0
4742 20 0 0 0 0 0 0 0 0
4745 4 1 1 0 0 0 0 0 0
4749 6 0 0 2 2 2 0 0 0
4750 8 1 1 0 0 0 0 0 0
4755 10 0 0 2 2 2 0 0 0
4758 4 0 0 0 0 0 0 0 0
4759 2 0 0 0 0 0 0 0 0
4760 6 0 0 2 0 0 0 0 0
4762 4 0 0 0 0 0 0 0 0
4771 4 1 1 2 1 1 0 0 0
4774 4 1 1 2 2 2 0 0 0
4778 4 0 0 0 0 0 2 0 0
4780 2 0 0 2 0 0 0 0 0
4781 4 0 0 0 0 0 2 0 0
4782 4 0 0 2 0 0 2 0 0
4784 4 0 0 0 0 0 0 0 0
4789 6 0 0 0 0 0 2 0 0
4791 2 0 0 0 0 0 2 0 0
4792 2 0 0 0 0 0 2 0 0
4801 5 0 0 0 0 0 0 0 0
4804 30 0 0 10 0 0 0 0 0
4805 8 0 0 7 0 0 0 0 0
fn=ptmalloc_init.part.0
1960 385 1 1 0 0 0 0 0 0
1963 381 0 0 0 0 0 127 32 32
1971 1 0 0 0 0 0 1 0 0
1972 1 0 0 0 0 0 1 1 0
1974 1 0 0 0 0 0 1 0 0
3156 7 1 1 0 0 0 1 0 0
fn=realloc
1338 2 0 0 0 0 0 0 0 0
1357 6 0 0 0 0 0 0 0 0
3394 9 1 1 0 0 0 6 0 0
3400 2 1 1 1 0 0 0 0 0
3404 2 0 0 0 0 0 0 0 0
3411 2 0 0 0 0 0 0 0 0
3420 1 0 0 0 0 0 0 0 0
3422 3 0 0 1 0 0 0 0 0
3424 2 1 1 0 0 0 0 0 0
3425 1 0 0 0 0 0 0 0 0
3428 3 0 0 2 0 0 0 0 0
3436 4 1 1 0 0 0 0 0 0
3437 2 0 0 0 0 0 0 0 0
3447 2 1 1 0 0 0 0 0 0
3478 2 0 0 1 0 0 0 0 0
3480 7 0 0 0 0 0 2 0 0
3481 7 1 1 1 0 0 0 0 0
3510 9 0 0 7 0 0 0 0 0
fn=sysmalloc
2022 9 2 2 2 0 0 0 0 0
2034 3 1 1 0 0 0 1 0 0
2542 9 1 1 0 0 0 6 0 0
2562 4 1 1 3 0 0 1 0 0
2563 1 0 0 0 0 0 1 0 0
2573 2 0 0 0 0 0 0 0 0
2574 2 0 0 1 0 0 0 0 0
2600 1 0 0 1 0 0 0 0 0
2601 3 0 0 1 0 0 0 0 0
2602 1 0 0 0 0 0 0 0 0
2604 2 0 0 0 0 0 0 0 0
2611 5 1 1 0 0 0 0 0 0
2617 3 0 0 0 0 0 0 0 0
2620 3 1 1 0 0 0 0 0 0
2681 2 1 1 1 0 0 0 0 0
2690 4 0 0 1 0 0 0 0 0
2703 3 0 0 1 0 0 0 0 0
2711 5 0 0 0 0 0 1 0 0
2719 2 1 1 0 0 0 0 0 0
2721 5 1 1 0 0 0 3 0 0
2722 3 0 0 1 0 0 0 0 0
2723 1 0 0 1 0 0 0 0 0
2758 2 1 1 1 1 1 0 0 0
2759 2 2 2 0 0 0 1 0 0
2760 3 0 0 1 0 0 1 0 0
2766 2 1 1 0 0 0 0 0 0
2769 4 1 1 1 0 0 0 0 0
2809 3 1 1 0 0 0 0 0 0
2831 3 0 0 0 0 0 0 0 0
2832 7 1 1 0 0 0 1 0 0
2834 2 0 0 0 0 0 0 0 0
2835 5 0 0 0 0 0 3 0 0
2847 4 0 0 2 0 0 0 0 0
2889 1 0 0 0 0 0 1 0 0
2890 4 1 1 0 0 0 1 1 1
2891 5 0 0 2 0 0 1 0 0
2902 2 0 0 0 0 0 0 0 0
2935 2 1 1 1 0 0 0 0 0
2936 1 0 0 0 0 0 1 0 0
2941 2 0 0 1 0 0 0 0 0
2944 2 0 0 0 0 0 0 0 0
2946 1 0 0 0 0 0 0 0 0
2947 1 0 0 0 0 0 0 0 0
2948 1 0 0 0 0 0 1 0 0
2949 8 1 1 0 0 0 1 0 0
2950 2 0 0 0 0 0 1 1 1
2952 1 0 0 0 0 0 0 0 0
2958 11 1 1 9 0 0 0 0 0
fn=tcache_init.part.0
3229 3 1 1 0 0 0 2 0 0
3238 8 0 0 3 0 0 0 0 0
3239 4 1 1 0 0 0 1 0 0
3240 2 0 0 0 0 0 0 0 0
3248 4 0 0 2 0 0 0 0 0
3257 2 0 0 1 0 0 1 0 0
3258 88 1 1 0 0 0 81 9 9
3261 4 0 0 3 0 0 0 0 0
fl=./malloc/./malloc/morecore.c
fn=__glibc_morecore
25 2 0 0 0 0 0 0 0 0
26 4 1 1 2 0 0 0 0 0
29 2 1 1 0 0 0 2 0 0
30 4 0 0 0 0 0 0 0 0
34 4 0 0 2 0 0 0 0 0
fl=./malloc/./malloc/scratch_buffer_set_array_size.c
fn=__libc_scratch_buffer_set_array_size
30 45 1 1 0 0 0 15 0 0
34 5 0 0 0 0 0 0 0 0
35 10 0 0 0 0 0 0 0 0
45 10 0 0 5 0 0 0 0 0
46 5 0 0 0 0 0 0 0 0
63 20 1 1 20 0 0 0 0 0
fl=./math/../sysdeps/x86_64/fpu/multiarch/e_asin.c
fn=__asin_finite@GLIBC_2.15
27 1 0 0 1 0 0 0 0 0
fl=./math/../sysdeps/x86_64/fpu/multiarch/e_atan2.c
fn=__atan2_finite@GLIBC_2.15
26 1 0 0 1 0 0 0 0 0
fl=./math/../sysdeps/x86_64/fpu/multiarch/e_exp.c
fn=__exp_finite@GLIBC_2.15
27 1 0 0 1 0 0 0 0 0
fl=./math/../sysdeps/x86_64/fpu/multiarch/e_exp2f.c
fn=exp2f@@GLIBC_2.27
27 1 0 0 1 0 0 0 0 0
fl=./math/../sysdeps/x86_64/fpu/multiarch/e_expf.c
fn=expf@@GLIBC_2.27
27 1 0 0 1 0 0 0 0 0
fl=./math/../sysdeps/x86_64/fpu/multiarch/e_log.c
fn=__log_finite@GLIBC_2.15
27 1 0 0 1 0 0 0 0 0
fl=./math/../sysdeps/x86_64/fpu/multiarch/e_log2f.c
fn=log2f@@GLIBC_2.27
27 1 0 0 1 0 0 0 0 0
fl=./math/../sysdeps/x86_64/fpu/multiarch/e_logf.c
fn=logf@@GLIBC_2.27
27 1 0 0 1 0 0 0 0 0
fl=./math/../sysdeps/x86_64/fpu/multiarch/e_pow.c
fn=__pow_finite@GLIBC_2.15
27 1 0 0 1 0 0 0 0 0
fl=./math/../sysdeps/x86_64/fpu/multiarch/ifunc-avx-fma4.h
fn=__atan2_finite@GLIBC_2.15
32 5 1 1 2 0 0 0 0 0
33 2 1 1 1 0 0 0 0 0
fn=__exp_finite@GLIBC_2.15
32 5 2 2 2 0 0 0 0 0
33 2 0 0 1 0 0 0 0 0
fn=__log_finite@GLIBC_2.15
32 5 1 1 2 0 0 0 0 0
33 2 1 1 1 0 0 0 0 0
fn=cos
32 5 1 1 2 0 0 0 0 0
33 2 0 0 1 0 0 0 0 0
fn=sin
32 5 2 2 2 0 0 0 0 0
33 2 0 0 1 0 0 0 0 0
fl=./math/../sysdeps/x86_64/fpu/multiarch/ifunc-fma.h
fn=cosf
29 4 2 2 2 0 0 0 0 0
30 3 0 0 1 0 0 0 0 0
fn=exp2f@@GLIBC_2.27
29 4 1 1 2 0 0 0 0 0
30 3 1 1 1 0 0 0 0 0
fn=expf@@GLIBC_2.27
29 4 2 2 2 0 0 0 0 0
30 3 0 0 1 0 0 0 0 0
fn=log2f@@GLIBC_2.27
29 4 1 1 2 0 0 0 0 0
30 3 1 1 1 0 0 0 0 0
fn=logf@@GLIBC_2.27
29 4 1 1 2 0 0 0 0 0
30 3 0 0 1 0 0 0 0 0
fn=powf@@GLIBC_2.27
29 4 1 1 2 0 0 0 0 0
30 4 1 1 2 0 0 0 0 0
fn=sincosf
29 4 2 2 2 0 0 0 0 0
30 3 0 0 1 0 0 0 0 0
fn=sinf
29 4 1 1 2 0 0 0 0 0
30 3 0 0 1 0 0 0 0 0
fl=./math/../sysdeps/x86_64/fpu/multiarch/ifunc-fma4.h
fn=__acos_finite@GLIBC_2.15
31 4 1 1 2 0 0 0 0 0
32 2 0 0 1 0 0 0 0 0
35 1 0 0 1 0 0 0 0 0
fn=__asin_finite@GLIBC_2.15
31 4 1 1 2 0 0 0 0 0
32 2 0 0 1 0 0 0 0 0
fn=__pow_finite@GLIBC_2.15
31 4 1 1 2 0 0 0 0 0
32 2 0 0 1 0 0 0 0 0
fn=sincos
31 4 1 1 2 0 0 0 0 0
32 2 0 0 1 0 0 0 0 0
fl=./math/../sysdeps/x86_64/fpu/multiarch/s_cosf.c
fn=cosf
26 1 0 0 1 0 0 0 0 0
fl=./math/../sysdeps/x86_64/fpu/multiarch/s_fma.c
fn=fma
49 5 2 2 3 0 0 0 0 0
fl=./math/../sysdeps/x86_64/fpu/multiarch/s_sin.c
fn=cos
34 1 1 1 1 0 0 0 0 0
fn=sin
27 1 0 0 1 0 0 0 0 0
fl=./math/../sysdeps/x86_64/fpu/multiarch/s_sincos.c
fn=sincos
26 1 1 1 1 0 0 0 0 0
fl=./math/../sysdeps/x86_64/fpu/multiarch/s_sincosf.c
fn=sincosf
26 1 0 0 1 0 0 0 0 0
fl=./math/../sysdeps/x86_64/fpu/multiarch/s_sinf.c
fn=sinf
26 1 0 0 1 0 0 0 0 0
fl=./misc/../sysdeps/unix/syscall-template.S
fn=mprotect
117 28 1 1 0 0 0 0 0 0
122 7 0 0 7 0 0 0 0 0
fn=munmap
117 4 0 0 0 0 0 0 0 0
122 1 0 0 1 0 0 0 0 0
fl=./misc/../sysdeps/unix/sysv/linux/brk.c
fn=brk
37 4 0 0 2 0 0 2 0 0
38 4 0 0 0 0 0 0 0 0
44 2 0 0 0 0 0 0 0 0
45 2 0 0 2 0 0 0 0 0
fl=./misc/../sysdeps/unix/sysv/linux/brk_call.h
fn=brk
24 4 1 1 0 0 0 0 0 0
fl=./misc/../sysdeps/unix/sysv/linux/mmap64.c
fn=mmap
47 27 2 2 0 0 0 0 0 0
50 54 0 0 0 0 0 0 0 0
58 108 0 0 0 0 0 0 0 0
60 27 0 0 27 0 0 0 0 0
fl=./misc/./misc/init-misc.c
fn=__init_misc
30 4 0 0 0 0 0 2 0 0
31 5 2 2 1 0 0 0 0 0
33 3 0 0 0 0 0 1 0 0
37 5 0 0 1 0 0 1 1 0
38 3 0 0 2 0 0 1 0 0
40 4 0 0 3 0 0 0 0 0
fl=./misc/./misc/sbrk.c
fn=sbrk
37 8 2 2 0 0 0 6 0 0
40 4 0 0 4 1 0 0 0 0
43 4 0 0 2 0 0 0 0 0
58 4 0 0 0 0 0 0 0 0
59 4 0 0 0 0 0 1 0 0
62 4 0 0 0 0 0 0 0 0
63 1 1 1 1 0 0 0 0 0
66 4 0 0 0 0 0 0 0 0
74 3 1 1 0 0 0 1 0 0
78 10 0 0 8 0 0 0 0 0
fl=./misc/./misc/tsearch.c
fn=tfind
372 3 1 1 0 0 0 3 0 0
376 2 0 0 0 0 0 0 0 0
377 1 1 1 0 0 0 0 0 0
382 6 0 0 1 1 1 0 0 0
394 5 0 0 4 0 0 0 0 0
fl=./nptl/../nptl/descr.h
fn=pthread_setcancelstate
426 1 0 0 0 0 0 0 0 0
fl=./nptl/../sysdeps/nptl/futex-internal.h
fn=__pthread_once_slow
209 8 1 1 0 0 0 0 0 0
fl=./nptl/../sysdeps/unix/sysv/linux/internal-signals.h
fn=pthread_kill@@GLIBC_2.34
53 1 1 1 0 0 0 0 0 0
fl=./nptl/../sysdeps/unix/sysv/linux/x86/elision-conf.c
fn=__lll_elision_init
96 5 1 1 1 0 0 2 0 0
101 5 0 0 0 0 0 1 0 0
103 4 1 1 0 0 0 1 0 0
105 4 0 0 0 0 0 1 0 0
107 4 0 0 0 0 0 1 0 0
109 4 1 1 0 0 0 1 0 0
113 3 0 0 1 1 1 0 0 0
114 1 0 0 0 0 0 1 1 1
115 6 0 0 4 0 0 0 0 0
fl=./nptl/./nptl/alloca_cutoff.c
fn=__libc_alloca_cutoff
28 675 6 2 75 3 1 0 0 0
35 75 0 0 75 0 0 0 0 0
fl=./nptl/./nptl/cleanup_compat.c
fn=_pthread_cleanup_pop@@GLIBC_2.34
43 2 1 1 1 0 0 1 0 0
47 2 0 0 0 0 0 0 0 0
49 1 0 0 1 0 0 0 0 0
fn=_pthread_cleanup_push@@GLIBC_2.34
28 1 1 1 0 0 0 1 0 0
29 1 0 0 0 0 0 1 0 0
30 2 0 0 1 1 0 1 0 0
32 1 0 0 0 0 0 1 0 0
33 1 0 0 1 0 0 0 0 0
fl=./nptl/./nptl/libc-cleanup.c
fn=__libc_cleanup_pop_restore
55 1 1 1 1 0 0 0 0 0
57 2 0 0 1 0 0 1 0 0
59 1 0 0 1 0 0 0 0 0
60 3 0 0 1 0 0 0 0 0
71 1 1 1 1 0 0 0 0 0
fn=__libc_cleanup_push_defer
25 1 1 1 1 0 0 0 0 0
27 2 1 1 1 0 0 1 0 0
29 2 0 0 1 0 0 0 0 0
32 2 0 0 0 0 0 0 0 0
46 3 0 0 0 0 0 1 0 0
48 1 0 0 0 0 0 1 0 0
49 1 0 0 1 0 0 0 0 0
fl=./nptl/./nptl/pthread_kill.c
fn=__pthread_kill_implementation
29 10 1 1 1 0 0 6 0 0
31 2 1 1 1 0 0 0 0 0
42 3 1 1 0 0 0 0 0 0
43 6 0 0 0 0 0 1 0 0
fn=pthread_kill@@GLIBC_2.34
78 2 0 0 0 0 0 0 0 0
86 2 0 0 0 0 0 0 0 0
fl=./nptl/./nptl/pthread_mutex_conf.c
fn=__pthread_tunables_init
50 5 2 2 1 0 0 2 0 0
51 5 0 0 0 0 0 1 0 0
53 4 0 0 0 0 0 1 0 0
55 6 1 1 4 0 0 0 0 0
fl=./nptl/./nptl/pthread_once.c
fn=__pthread_once_slow
68 9 1 1 1 0 0 4 0 0
76 1 0 0 1 0 0 0 0 0
80 2 0 0 0 0 0 0 0 0
88 2 1 1 1 1 1 0 0 0
92 2 0 0 1 0 0 0 0 0
101 4 0 0 0 0 0 0 0 0
114 13 2 2 0 0 0 7 0 0
116 1 0 0 0 0 0 1 0 0
118 3 0 0 0 0 0 1 0 0
124 1 0 0 0 0 0 1 0 0
132 9 0 0 6 0 0 0 0 0
fn=pthread_once@@GLIBC_2.34
139 89 6 2 89 4 1 0 0 0
140 178 0 0 0 0 0 0 0 0
143 1 0 0 0 0 0 0 0 0
144 176 0 0 88 0 0 0 0 0
fl=./nptl/./nptl/pthread_rwlock_common.c
fn=pthread_rwlock_rdlock@@GLIBC_2.34
298 12 2 2 6 4 4 0 0 0
310 9 0 0 3 0 0 0 0 0
353 9 0 0 6 0 0 0 0 0
370 6 0 0 0 0 0 0 0 0
390 6 0 0 0 0 0 0 0 0
391 3 0 0 0 0 0 0 0 0
fn=pthread_rwlock_unlock@@GLIBC_2.34
221 18 0 0 3 0 0 0 0 0
232 3 0 0 3 0 0 0 0 0
236 3 1 1 0 0 0 0 0 0
240 9 0 0 0 0 0 0 0 0
243 12 1 1 0 0 0 0 0 0
244 6 0 0 0 0 0 0 0 0
254 9 0 0 3 0 0 0 0 0
259 6 0 0 0 0 0 0 0 0
275 9 0 0 0 0 0 0 0 0
fl=./nptl/./nptl/pthread_rwlock_rdlock.c
fn=pthread_rwlock_rdlock@@GLIBC_2.34
23 9 0 0 0 0 0 9 0 0
29 15 0 0 12 0 0 0 0 0
fl=./nptl/./nptl/pthread_rwlock_unlock.c
fn=pthread_rwlock_unlock@@GLIBC_2.34
30 12 1 1 0 0 0 6 0 0
38 9 0 0 3 0 0 0 0 0
39 3 0 0 3 0 0 0 0 0
44 15 0 0 9 0 0 0 0 0
fl=./nptl/./nptl/pthread_self.c
fn=pthread_self
25 2 1 1 2 0 0 0 0 0
fl=./nptl/./nptl/pthread_setcancelstate.c
fn=pthread_setcancelstate
28 2 1 1 0 0 0 0 0 0
29 2 0 0 1 0 0 0 0 0
33 3 0 0 2 1 1 0 0 0
38 6 0 0 0 0 0 0 0 0
40 2 0 0 0 0 0 0 0 0
44 2 1 1 0 0 0 0 0 0
47 2 0 0 1 0 0 0 0 0
50 2 0 0 0 0 0 0 0 0
fl=./posix/../sysdeps/unix/syscall-template.S
fn=getpid
91 2 1 1 0 0 0 0 0 0
93 1 0 0 1 0 0 0 0 0
fl=./resource/../sysdeps/unix/sysv/linux/getrlimit64.c
fn=getrlimit
38 1 1 1 0 0 0 0 0 0
39 7 0 0 0 0 0 0 0 0
40 1 0 0 1 0 0 0 0 0
fl=./setjmp/../sysdeps/x86_64/bsd-_setjmp.S
fn=_setjmp
30 1 1 1 0 0 0 0 0 0
32 1 0 0 0 0 0 0 0 0
fl=./setjmp/../sysdeps/x86_64/setjmp.S
fn=__sigsetjmp
32 13 2 2 0 0 0 13 0 0
41 13 0 0 0 0 0 0 0 0
42 26 1 1 13 0 0 0 0 0
43 13 0 0 0 0 0 13 0 0
47 13 0 0 0 0 0 13 2 2
48 13 0 0 0 0 0 13 0 0
49 13 0 0 0 0 0 13 0 0
50 13 0 0 0 0 0 13 0 0
51 13 0 0 0 0 0 0 0 0
53 26 0 0 13 0 0 0 0 0
55 13 0 0 0 0 0 13 0 0
56 13 0 0 13 0 0 0 0 0
59 26 1 1 13 0 0 0 0 0
61 13 1 1 0 0 0 13 0 0
80 12 0 0 0 0 0 0 0 0
81 12 0 0 12 0 0 0 0 0
84 1 0 0 0 0 0 0 0 0
fl=./setjmp/./setjmp/sigjmp.c
fn=__sigjmp_save
28 2 0 0 0 0 0 1 0 0
29 1 0 0 0 0 0 1 0 0
30 2 0 0 0 0 0 0 0 0
34 3 0 0 2 0 0 0 0 0
fl=./signal/../sysdeps/posix/raise.c
fn=raise
25 2 1 1 0 0 0 1 0 0
26 4 0 0 0 0 0 2 0 0
fl=./stdio-common/../include/../locale/localeinfo.h
fn=__printf_fp_l
331 225 0 0 150 6 2 75 0 0
fl=./stdio-common/../include/rounding-mode.h
fn=__printf_fp_l
49 38 2 1 0 0 0 0 0 0
52 268 3 1 0 0 0 0 0 0
fl=./stdio-common/../libio/libioP.h
fn=__vfprintf_internal
940 385 0 0 0 0 0 77 0 0
942 430 0 0 0 0 0 0 0 0
943 430 3 1 92 0 0 0 0 0
fn=buffered_vfprintf
940 3 0 0 0 0 0 0 0 0
942 2 1 1 0 0 0 0 0 0
943 2 0 0 0 0 0 0 0 0
fl=./stdio-common/../sysdeps/generic/get-rounding-mode.h
fn=__printf_fp_l
94 75 3 1 0 0 0 75 0 0
95 525 3 1 75 0 0 0 0 0
fl=./stdio-common/../sysdeps/pthread/allocalim.h
fn=__printf_fp_l
27 150 0 0 0 0 0 75 0 0
29 375 4 1 0 0 0 75 0 0
fl=./stdio-common/./stdio-common/_itoa.c
fn=_itoa_word
163 1 0 0 0 0 0 0 0 0
166 4 1 1 0 0 0 0 0 0
168 4 0 0 0 0 0 0 0 0
177 29 1 1 2 1 1 2 0 0
186 2 1 1 1 0 0 0 0 0
fl=./stdio-common/./stdio-common/asprintf.c
fn=asprintf
26 10 2 2 1 0 0 5 0 0
30 6 1 1 0 0 0 4 0 0
31 3 0 0 0 0 0 1 0 0
35 5 0 0 3 0 0 0 0 0
fl=./stdio-common/./stdio-common/fxprintf.c
fn=__fxprintf
78 10 2 2 1 0 0 5 0 0
80 6 1 1 0 0 0 4 0 0
81 3 0 0 0 0 0 1 0 0
84 5 0 0 3 0 0 0 0 0
fn=__vfxprintf
67 4 1 1 0 0 0 2 0 0
68 2 0 0 0 0 0 0 0 0
69 3 1 1 2 1 1 0 0 0
70 13 1 1 7 0 0 1 0 0
71 2 0 0 0 0 0 1 0 0
72 12 0 0 5 0 0 2 0 0
74 4 0 0 3 0 0 0 0 0
fn=locked_vfxprintf
28 16 2 2 1 0 0 8 0 0
29 3 0 0 1 0 0 0 0 0
30 3 1 1 0 0 0 1 0 0
62 11 1 1 9 0 0 0 0 0
fl=./stdio-common/./stdio-common/printf-parse.h
fn=__vfprintf_internal
82 644 3 1 77 0 0 238 3 1
fl=./stdio-common/./stdio-common/printf_fp.c
fn=__printf_fp
1278 75 0 0 0 0 0 0 0 0
1279 375 3 1 150 0 0 0 0 0
fn=__printf_fp_l
216 1200 6 2 75 0 0 675 6 2
233 75 0 0 0 0 0 75 0 0
234 75 0 0 0 0 0 75 0 0
257 75 0 0 0 0 0 75 3 1
266 375 0 0 75 0 0 75 0 0
274 75 3 1 0 0 0 75 0 0
277 150 0 0 0 0 0 0 0 0
280 150 0 0 75 3 1 75 0 0
298 225 0 0 75 0 0 0 0 0
341 75 3 1 0 0 0 75 0 0
387 150 0 0 0 0 0 0 0 0
388 150 0 0 75 0 0 75 0 0
392 150 3 1 0 0 0 0 0 0
396 1275 25 3 225 6 2 75 3 1
400 75 3 1 0 0 0 0 0 0
418 225 6 2 75 0 0 0 0 0
432 375 3 1 75 0 0 0 0 0
433 75 0 0 0 0 0 0 0 0
434 150 0 0 0 0 0 0 0 0
437 525 3 1 0 0 0 75 0 0
438 300 0 0 0 0 0 75 0 0
439 300 3 1 0 0 0 75 0 0
445 75 0 0 0 0 0 75 0 0
446 150 0 0 0 0 0 0 0 0
449 17 0 0 0 0 0 0 0 0
459 17 0 0 0 0 0 0 0 0
460 119 0 0 0 0 0 17 0 0
463 51 0 0 0 0 0 0 0 0
467 68 0 0 0 0 0 0 0 0
471 68 0 0 0 0 0 17 0 0
472 17 0 0 0 0 0 0 0 0
474 102 4 2 0 0 0 0 0 0
475 153 0 0 34 0 0 17 0 0
476 34 0 0 0 0 0 0 0 0
477 85 0 0 17 0 0 34 0 0
479 34 2 1 0 0 0 0 0 0
484 221 0 0 0 0 0 0 0 0
488 1309 2 1 425 1 1 0 0 0
490 88 2 1 17 0 0 0 0 0
493 63 0 0 42 0 0 0 0 0
503 27 0 0 27 0 0 0 0 0
534 42 0 0 21 0 0 21 0 0
535 105 0 0 21 1 0 21 0 0
541 36 0 0 12 0 0 6 0 0
543 6 0 0 6 0 0 0 0 0
546 12 0 0 12 0 0 0 0 0
547 12 0 0 0 0 0 0 0 0
548 18 0 0 0 0 0 6 0 0
551 237 8 2 102 0 0 27 0 0
554 133 4 2 57 0 0 38 0 0
555 76 0 0 57 0 0 0 0 0
556 95 0 0 0 0 0 0 0 0
557 76 0 0 0 0 0 0 0 0
560 221 2 1 0 0 0 0 0 0
562 442 2 1 0 0 0 0 0 0
563 34 0 0 17 0 0 17 0 0
569 42 0 0 8 0 0 0 0 0
573 192 2 1 64 0 0 0 0 0
577 64 0 0 16 0 0 0 0 0
579 32 0 0 0 0 0 0 0 0
605 48 18 2 16 0 0 0 0 0
608 112 2 1 0 0 0 0 0 0
624 48 0 0 0 0 0 16 0 0
626 48 2 1 16 0 0 0 0 0
627 96 0 0 32 0 0 16 0 0
629 100 0 0 48 0 0 0 0 0
643 32 0 0 0 0 0 16 0 0
649 116 3 1 0 0 0 0 0 0
652 40 0 0 0 0 0 40 0 0
662 40 0 0 0 0 0 0 0 0
665 200 3 1 0 0 0 40 3 1
666 200 3 1 80 0 0 80 0 0
669 40 0 0 0 0 0 40 0 0
670 200 0 0 40 0 0 40 0 0
675 480 7 1 0 0 0 0 0 0
677 960 0 0 480 15 5 0 0 0
684 30 3 1 12 0 0 0 0 0
685 12 0 0 6 0 0 0 0 0
686 6 0 0 6 1 0 0 0 0
688 6 0 0 6 0 0 0 0 0
690 30 0 0 0 0 0 6 0 0
693 36 3 1 12 0 0 6 0 0
697 36 0 0 12 0 0 0 0 0
698 12 0 0 0 0 0 0 0 0
699 24 0 0 0 0 0 0 0 0
706 30 0 0 6 0 0 0 0 0
708 4 0 0 0 0 0 0 0 0
710 2 0 0 0 0 0 2 0 0
712 10 2 0 0 0 0 2 0 0
728 18 0 0 0 0 0 0 0 0
730 4 0 0 2 0 0 0 0 0
731 2 0 0 0 0 0 0 0 0
736 12 6 2 0 0 0 4 0 0
737 16 0 0 4 0 0 0 0 0
742 12 0 0 0 0 0 0 0 0
745 12 0 0 4 0 0 0 0 0
746 8 6 2 0 0 0 0 0 0
753 4 0 0 0 0 0 0 0 0
756 20 0 0 0 0 0 0 0 0
769 16 0 0 0 0 0 0 0 0
779 8 3 1 4 0 0 4 0 0
782 12 0 0 4 0 0 4 0 0
787 480 0 0 0 0 0 0 0 0
789 2332 3 1 4 0 0 0 0 0
791 80 3 1 0 0 0 0 0 0
795 195 0 0 117 0 0 39 0 0
796 78 0 0 39 0 0 39 0 0
799 117 3 1 78 0 0 0 0 0
800 273 0 0 39 0 0 0 0 0
808 156 3 1 39 0 0 39 0 0
809 78 3 1 39 0 0 39 0 0
810 39 0 0 39 0 0 0 0 0
813 120 0 0 40 0 0 40 0 0
825 90 3 1 0 0 0 18 0 0
826 90 0 0 36 0 0 36 0 0
827 36 0 0 0 0 0 18 0 0
831 225 3 1 150 0 0 75 0 0
835 40 0 0 0 0 0 40 0 0
840 75 4 1 0 0 0 75 0 0
841 450 3 1 300 3 1 75 0 0
843 150 0 0 0 0 0 0 0 0
847 150 0 0 75 0 0 75 0 0
853 150 3 1 75 0 0 0 0 0
861 75 0 0 75 0 0 0 0 0
873 525 0 0 75 0 0 150 0 0
874 295 0 0 110 0 0 0 0 0
875 80 3 1 0 0 0 0 0 0
878 75 0 0 0 0 0 75 0 0
888 230 6 2 40 0 0 115 0 0
889 105 0 0 35 0 0 35 0 0
895 375 3 1 75 0 0 75 0 0
898 450 3 1 225 0 0 75 0 0
901 150 0 0 75 0 0 0 0 0
915 225 0 0 75 0 0 0 0 0
916 75 0 0 75 0 0 0 0 0
922 75 0 0 0 0 0 0 0 0
924 75 0 0 0 0 0 75 0 0
932 450 0 0 0 0 0 75 0 0
933 150 3 1 75 0 0 0 0 0
936 305 0 0 115 0 0 0 0 0
939 470 3 1 70 0 0 35 0 0
941 35 0 0 0 0 0 35 0 0
942 380 0 0 35 0 0 120 0 0
944 35 0 0 0 0 0 0 0 0
946 210 0 0 105 0 0 0 0 0
947 181 6 2 74 0 0 0 0 0
948 105 0 0 35 0 0 35 0 0
954 80 3 1 40 0 0 40 3 1
955 40 0 0 40 0 0 0 0 0
956 240 3 1 40 0 0 80 0 0
960 150 0 0 0 0 0 0 0 0
961 225 3 1 0 0 0 75 0 0
962 622 3 1 75 0 0 75 0 0
963 2856 1 1 960 0 0 0 0 0
965 397 0 0 0 0 0 0 0 0
966 1191 0 0 397 0 0 794 0 0
967 397 0 0 0 0 0 0 0 0
969 1978 3 1 0 0 0 0 0 0
971 7 0 0 7 0 0 0 0 0
972 21 5 1 7 0 0 0 0 0
978 300 0 0 150 0 0 0 0 0
979 375 3 1 75 0 0 225 0 0
981 600 0 0 150 0 0 0 0 0
982 21 0 0 0 0 0 0 0 0
983 98 0 0 39 0 0 0 0 0
986 42 0 0 21 0 0 0 0 0
991 84 3 1 17 0 0 0 0 0
1003 62 0 0 0 0 0 0 0 0
1007 31 0 0 0 0 0 0 0 0
1008 164 1 0 33 0 0 0 0 0
1010 1 0 0 0 0 0 1 0 0
1011 1 0 0 0 0 0 0 0 0
1013 183 3 1 61 0 0 0 0 0
1014 90 0 0 0 0 0 30 0 0
1015 93 3 1 31 0 0 0 0 0
1017 62 0 0 0 0 0 31 0 0
1028 62 0 0 31 0 0 0 0 0
1039 75 2 1 0 0 0 0 0 0
1097 421 0 0 144 0 0 0 0 0
1099 7 0 0 0 0 0 0 0 0
1100 7 0 0 0 0 0 0 0 0
1104 150 0 0 0 0 0 0 0 0
1107 225 3 1 75 0 0 0 0 0
1120 225 6 2 75 0 0 0 0 0
1166 453 6 2 225 0 0 0 0 0
1168 600 6 2 75 0 0 150 0 0
1170 825 3 1 225 0 0 0 0 0
1174 396 3 1 108 0 0 72 0 0
1175 78 0 0 0 0 0 0 0 0
1177 78 0 0 0 0 0 0 0 0
1180 411 3 1 222 0 0 0 0 0
1188 225 6 2 75 0 0 0 0 0
1195 225 11 1 150 0 0 0 0 0
1200 300 12 1 75 0 0 150 0 0
1202 300 0 0 150 0 0 0 0 0
1203 150 0 0 0 0 0 0 0 0
1207 225 5 1 75 0 0 0 0 0
1209 150 0 0 75 0 0 0 0 0
1220 375 0 0 0 0 0 0 0 0
1221 150 0 0 0 0 0 75 0 0
1227 3045 6 2 450 0 0 375 0 0
1228 1695 3 1 565 0 0 0 0 0
1229 300 0 0 75 0 0 75 0 0
1230 980 0 0 0 0 0 0 0 0
1233 980 0 0 0 0 0 490 0 0
1237 300 0 0 150 0 0 0 0 0
1254 8055 25 2 1770 0 0 1205 0 0
1257 150 3 1 75 0 0 0 0 0
1268 225 3 1 150 0 0 0 0 0
1272 900 3 1 675 0 0 0 0 0
fn=hack_digit
170 2128 3 1 0 0 0 1064 3 1
173 3892 3 1 1106 0 0 287 0 0
175 1575 0 0 525 0 0 0 0 0
177 1876 4 1 1463 0 0 0 0 0
178 2065 0 0 0 0 0 826 0 0
183 224 0 0 0 0 0 0 0 0
187 784 4 2 224 0 0 112 0 0
189 448 0 0 336 0 0 112 0 0
190 112 0 0 112 0 0 0 0 0
192 224 0 0 112 0 0 112 0 0
193 672 0 0 224 0 0 0 0 0
200 224 0 0 0 0 0 0 0 0
204 448 0 0 112 0 0 112 0 0
205 224 0 0 0 0 0 0 0 0
206 475 0 0 190 0 0 190 0 0
209 413 0 0 0 0 0 0 0 0
210 2660 0 0 1596 0 0 0 0 0
fl=./stdio-common/./stdio-common/vfprintf-internal.c
fn=__vfprintf_internal
127 2189 5 2 0 0 0 0 0 0
192 4 2 2 0 0 0 0 0 0
239 1183 2 2 415 5 3 169 0 0
351 225 0 0 0 0 0 0 0 0
352 225 0 0 0 0 0 0 0 0
354 150 3 1 0 0 0 75 0 0
684 858 3 1 0 0 0 624 8 4
714 390 0 0 234 0 0 156 4 1
718 77 3 1 0 0 0 77 0 0
722 390 7 2 78 0 0 0 0 0
726 390 0 0 156 0 0 0 0 0
737 156 0 0 0 0 0 0 0 0
740 8 1 1 4 0 0 0 0 0
744 154 0 0 0 0 0 77 0 0
748 308 0 0 154 0 0 154 4 1
752 77 0 0 0 0 0 77 0 0
759 77 0 0 0 0 0 77 2 0
763 308 3 1 0 0 0 154 3 2
767 385 0 0 154 0 0 0 0 0
771 231 4 1 154 0 0 0 0 0
775 616 0 0 231 9 3 77 0 0
795 84 0 0 0 0 0 84 0 0
796 84 0 0 0 0 0 84 0 0
797 84 0 0 0 0 0 84 0 0
798 84 0 0 0 0 0 84 0 0
799 84 0 0 0 0 0 0 0 0
802 84 0 0 0 0 0 0 0 0
803 84 0 0 0 0 0 0 0 0
804 84 0 0 0 0 0 84 0 0
805 84 0 0 0 0 0 0 0 0
806 84 0 0 0 0 0 84 0 0
807 84 0 0 0 0 0 0 0 0
810 84 0 0 0 0 0 84 0 0
811 168 0 0 0 0 0 84 0 0
817 1260 8 2 252 8 2 84 0 0
896 1 0 0 1 0 0 0 0 0
925 225 6 2 75 0 0 75 0 0
926 225 0 0 75 0 0 0 0 0
930 225 9 2 0 0 0 150 0 0
931 300 0 0 75 0 0 0 0 0
946 525 0 0 150 0 0 75 0 0
949 450 3 1 75 0 0 0 0 0
967 1050 3 1 225 6 2 0 0 0
1035 150 3 1 75 0 0 0 0 0
1038 2700 6 2 600 0 0 450 0 0
1058 825 10 3 225 0 0 150 0 0
1059 150 0 0 0 0 0 75 0 0
1062 150 3 1 0 0 0 0 0 0
1067 150 0 0 0 0 0 0 0 0
1086 84 0 0 84 0 0 0 0 0
1092 252 3 1 84 0 0 84 0 0
1096 336 4 1 0 0 0 0 0 0
1098 245 0 0 84 0 0 0 0 0
1111 154 4 1 77 0 0 0 0 0
1112 154 0 0 77 0 0 0 0 0
1115 931 4 1 699 0 0 0 0 0
fn=buffered_vfprintf
1716 12 1 1 1 0 0 6 0 0
1724 6 2 2 1 0 0 0 0 0
1728 1 0 0 0 0 0 1 1 1
1734 3 0 0 0 0 0 2 1 1
1735 1 0 0 0 0 0 1 0 0
1737 1 0 0 0 0 0 1 0 0
1742 1 0 0 0 0 0 1 1 1
1744 2 0 0 1 1 0 1 1 1
1745 2 1 1 0 0 0 1 0 0
1748 3 0 0 0 0 0 1 1 1
1751 6 1 1 1 0 0 3 0 0
1752 8 0 0 5 0 0 0 0 0
1764 5 1 1 2 0 0 0 0 0
1766 5 0 0 3 1 0 1 0 0
1767 3 0 0 0 0 0 0 0 0
1772 7 0 0 3 0 0 1 0 0
1773 2 1 1 0 0 0 1 0 0
1776 11 0 0 8 0 0 0 0 0
fl=./stdio-common/./stdio-common/vfprintf-process-arg.c
fn=__vfprintf_internal
66 1 1 1 0 0 0 1 0 0
67 1 0 0 0 0 0 0 0 0
92 2 0 0 0 0 0 1 0 0
93 1 1 0 0 0 0 1 0 0
94 3 1 1 0 0 0 2 0 0
134 3 1 1 1 0 0 0 0 0
136 2 1 1 0 0 0 0 0 0
138 2 1 1 0 0 0 0 0 0
139 7 0 0 2 0 0 1 0 0
144 2 1 1 0 0 0 0 0 0
164 12 1 1 1 0 0 3 0 0
166 6 0 0 2 0 0 0 0 0
169 5 0 0 2 0 0 0 0 0
174 9 2 1 2 0 0 0 0 0
178 5 1 1 1 0 0 0 0 0
180 3 0 0 1 0 0 0 0 0
182 3 1 1 1 0 0 0 0 0
184 5 1 1 1 0 0 0 0 0
188 5 0 0 3 0 0 0 0 0
191 2 0 0 1 0 0 0 0 0
194 2 0 0 0 0 0 0 0 0
204 2 0 0 0 0 0 0 0 0
210 1 0 0 0 0 0 0 0 0
213 2 0 0 0 0 0 0 0 0
288 2 0 0 1 0 0 0 0 0
302 7 2 2 3 0 0 1 0 0
305 3 0 0 1 0 0 0 0 0
307 2 1 0 0 0 0 0 0 0
309 2 1 1 0 0 0 0 0 0
310 2 0 0 0 0 0 1 0 0
363 56 2 2 21 0 0 7 0 0
368 14 1 1 0 0 0 0 0 0
382 49 2 2 7 0 0 0 0 0
392 14 0 0 0 0 0 0 0 0
397 28 1 1 0 0 0 7 0 0
419 21 1 1 7 0 0 0 0 0
429 14 0 0 0 0 0 0 0 0
fl=./stdlib/../sysdeps/ieee754/dbl-64/dbl2mpn.c
fn=__mpn_extract_double
33 150 0 0 0 0 0 0 0 0
35 75 3 1 0 0 0 0 0 0
37 225 3 1 0 0 0 75 0 0
38 375 0 0 0 0 0 75 0 0
47 225 0 0 0 0 0 75 0 0
56 225 0 0 0 0 0 0 0 0
103 150 3 1 0 0 0 75 0 0
107 150 0 0 75 0 0 0 0 0
fl=./stdlib/../sysdeps/unix/sysv/linux/getrandom.c
fn=getrandom
29 6 1 1 1 0 0 0 0 0
30 1 0 0 1 0 0 0 0 0
fl=./stdlib/../sysdeps/unix/sysv/linux/internal-signals.h
fn=abort
73 6 0 0 0 0 0 0 0 0
fl=./stdlib/../sysdeps/unix/sysv/linux/internal-sigset.h
fn=abort
94 1 0 0 0 0 0 1 0 0
fl=./stdlib/../sysdeps/x86_64/lshift.S
fn=__mpn_lshift
29 75 2 1 0 0 0 0 0 0
30 75 0 0 0 0 0 0 0 0
32 75 0 0 0 0 0 0 0 0
33 75 0 0 0 0 0 0 0 0
34 75 0 0 0 0 0 0 0 0
46 75 2 1 0 0 0 0 0 0
47 75 0 0 0 0 0 0 0 0
48 75 0 0 75 0 0 0 0 0
49 75 0 0 0 0 0 0 0 0
50 75 0 0 0 0 0 0 0 0
51 75 0 0 0 0 0 0 0 0
52 75 0 0 0 0 0 0 0 0
58 75 0 0 0 0 0 0 0 0
59 75 0 0 0 0 0 75 3 1
60 75 0 0 75 0 0 0 0 0
fl=./stdlib/../sysdeps/x86_64/mul_1.S
fn=__mpn_mul_1
32 576 3 1 0 0 0 576 0 0
35 576 0 0 0 0 0 0 0 0
36 576 0 0 576 0 0 0 0 0
37 576 0 0 0 0 0 0 0 0
38 576 0 0 0 0 0 0 0 0
39 576 0 0 0 0 0 0 0 0
41 576 3 1 0 0 0 0 0 0
42 576 0 0 0 0 0 0 0 0
44 576 0 0 0 0 0 0 0 0
45 576 0 0 0 0 0 0 0 0
46 576 0 0 0 0 0 0 0 0
47 576 0 0 0 0 0 0 0 0
48 525 0 0 0 0 0 0 0 0
50 525 0 0 0 0 0 0 0 0
51 525 0 0 0 0 0 0 0 0
52 525 0 0 0 0 0 525 0 0
53 525 0 0 0 0 0 0 0 0
79 51 3 1 0 0 0 0 0 0
80 51 0 0 0 0 0 0 0 0
81 51 0 0 0 0 0 0 0 0
82 51 0 0 0 0 0 0 0 0
83 51 0 0 0 0 0 0 0 0
84 51 0 0 0 0 0 0 0 0
85 51 3 1 51 0 0 0 0 0
86 51 0 0 0 0 0 0 0 0
87 51 0 0 0 0 0 0 0 0
113 51 3 1 0 0 0 0 0 0
114 51 0 0 0 0 0 0 0 0
115 51 0 0 0 0 0 0 0 0
117 51 0 0 0 0 0 51 0 0
118 51 0 0 0 0 0 0 0 0
119 51 0 0 0 0 0 0 0 0
120 51 3 1 0 0 0 51 0 0
121 51 0 0 0 0 0 0 0 0
122 576 0 0 0 0 0 0 0 0
124 576 0 0 576 0 0 0 0 0
127 576 0 0 576 0 0 0 0 0
fl=./stdlib/../sysdeps/x86_64/rshift.S
fn=__mpn_rshift
29 75 4 1 0 0 0 0 0 0
30 75 0 0 0 0 0 0 0 0
31 75 0 0 0 0 0 0 0 0
44 75 0 0 0 0 0 0 0 0
45 75 0 0 0 0 0 0 0 0
61 75 14 1 0 0 0 0 0 0
62 75 0 0 75 0 0 0 0 0
63 75 0 0 75 0 0 0 0 0
64 75 0 0 0 0 0 0 0 0
65 75 0 0 0 0 0 0 0 0
66 75 0 0 0 0 0 0 0 0
67 75 0 0 0 0 0 0 0 0
72 75 0 0 0 0 0 0 0 0
73 75 0 0 0 0 0 75 0 0
74 75 14 1 0 0 0 0 0 0
75 75 0 0 0 0 0 75 0 0
76 75 0 0 75 0 0 0 0 0
fl=./stdlib/./stdlib/abort.c
fn=abort
49 6 1 1 1 0 0 3 0 0
53 9 0 0 4 0 0 1 0 0
58 2 1 1 1 1 1 0 0 0
60 1 0 0 0 0 0 1 0 0
68 3 0 0 1 0 0 0 0 0
76 2 1 1 0 0 0 1 0 0
77 9 0 0 3 0 0 2 0 0
79 2 0 0 0 0 0 1 0 0
fl=./stdlib/./stdlib/cmp.c
fn=__mpn_cmp
35 54 6 1 0 0 0 0 0 0
37 27 0 0 27 0 0 0 0 0
38 27 0 0 27 0 0 0 0 0
39 54 0 0 0 0 0 0 0 0
47 135 0 0 27 0 0 0 0 0
fl=./stdlib/./stdlib/cxa_atexit.c
fn=__cxa_atexit
70 22 2 1 0 0 0 0 0 0
fn=__internal_atexit
36 55 2 1 0 0 0 44 0 0
41 22 0 0 0 0 0 0 0 0
43 88 0 0 11 2 1 0 0 0
44 22 2 1 0 0 0 11 0 0
46 22 0 0 0 0 0 0 0 0
53 33 0 0 11 0 0 0 0 0
55 11 0 0 0 0 0 11 0 0
56 11 0 0 0 0 0 11 6 6
57 11 0 0 0 0 0 11 0 0
58 11 0 0 0 0 0 11 0 0
59 44 0 0 22 0 0 0 0 0
60 11 0 0 0 0 0 0 0 0
61 66 2 1 55 0 0 0 0 0
fn=__new_exitfn
82 44 0 0 0 0 0 22 0 0
83 11 0 0 0 0 0 0 0 0
88 22 1 1 11 2 1 0 0 0
93 59 0 0 12 2 0 0 0 0
95 44 1 1 11 0 0 0 0 0
96 50 0 0 10 1 0 0 0 0
103 1 0 0 0 0 0 1 0 0
106 20 0 0 0 0 0 0 0 0
124 1 0 0 0 0 0 0 0 0
125 1 1 1 0 0 0 1 0 0
131 30 0 0 0 0 0 0 0 0
132 20 0 0 0 0 0 10 0 0
136 1 0 0 0 0 0 0 0 0
138 11 1 1 0 0 0 11 0 0
139 11 0 0 11 0 0 0 0 0
143 55 0 0 33 0 0 0 0 0
fl=./stdlib/./stdlib/divrem.c
fn=__mpn_divrem
46 1232 9 2 0 0 0 672 1 1
47 112 2 1 0 0 0 112 2 1
49 224 0 0 0 0 0 0 0 0
62 112 2 1 112 0 0 0 0 0
63 112 0 0 112 0 0 0 0 0
65 224 0 0 0 0 0 0 0 0
67 7 0 0 0 0 0 0 0 0
68 14 2 1 0 0 0 7 0 0
72 1008 0 0 0 0 0 0 0 0
73 288 0 0 96 0 0 96 0 0
76 336 2 1 0 0 0 0 0 0
79 112 0 0 0 0 0 112 0 0
234 1008 0 0 896 0 0 0 0 0
fl=./stdlib/./stdlib/mul.c
fn=__mpn_mul
48 192 20 2 12 0 0 84 0 0
54 24 0 0 0 0 0 0 0 0
66 24 0 0 0 0 0 0 0 0
71 12 4 1 12 3 1 0 0 0
72 24 0 0 0 0 0 0 0 0
81 84 3 1 36 0 0 36 2 0
83 12 0 0 0 0 0 12 0 0
84 12 0 0 0 0 0 0 0 0
88 24 0 0 0 0 0 0 0 0
141 12 3 1 0 0 0 12 0 0
142 132 0 0 108 0 0 0 0 0
fl=./string/../include/rtld-malloc.h
fn=strdup
56 12 0 0 6 0 0 6 0 0
fl=./string/../string/strcspn.c
fn=strcspn
32 3 1 1 0 0 0 1 0 0
33 3 0 0 1 1 1 0 0 0
34 2 0 0 1 0 0 0 0 0
39 6 1 1 0 0 0 4 2 2
40 4 0 0 0 0 0 4 1 1
41 4 1 1 0 0 0 4 1 1
42 4 0 0 0 0 0 4 0 0
44 1 0 0 0 0 0 0 0 0
47 9 0 0 3 0 0 3 0 0
48 6 0 0 0 0 0 0 0 0
51 4 1 1 2 0 0 0 0 0
52 4 0 0 2 0 0 0 0 0
53 4 0 0 2 0 0 0 0 0
54 4 0 0 2 0 0 0 0 0
56 3 0 0 0 0 0 0 0 0
61 12 0 0 0 0 0 0 0 0
62 24 1 1 24 1 1 0 0 0
63 24 0 0 24 0 0 0 0 0
64 24 0 0 24 0 0 0 0 0
65 12 0 0 12 0 0 0 0 0
67 72 0 0 12 0 0 0 0 0
69 1 0 0 0 0 0 0 0 0
70 4 1 1 0 0 0 0 0 0
71 3 0 0 2 0 0 0 0 0
fl=./string/../sysdeps/x86/cacheinfo.c
fn=__x86_cacheinfo
86 2 0 0 1 0 0 0 0 0
fl=./string/../sysdeps/x86/cacheinfo.h
fn=__x86_cacheinfo
61 1 1 1 1 0 0 0 0 0
64 3 0 0 1 1 0 0 0 0
66 3 0 0 0 0 0 1 0 0
67 1 1 1 0 0 0 1 1 1
73 3 0 0 1 0 0 0 0 0
75 3 0 0 0 0 0 1 0 0
76 1 0 0 0 0 0 1 0 0
80 2 0 0 1 0 0 1 1 1
82 2 1 1 1 0 0 1 0 0
83 2 0 0 1 1 0 1 0 0
84 2 0 0 1 0 0 1 0 0
86 2 0 0 1 0 0 0 0 0
fl=./string/../sysdeps/x86_64/multiarch/../multiarch/memcmp-sse2.S
fn=bcmp
71 1 1 1 0 0 0 0 0 0
72 1 0 0 0 0 0 0 0 0
94 1 0 0 0 0 0 0 0 0
95 1 0 0 0 0 0 0 0 0
140 1 1 1 1 0 0 0 0 0
141 1 0 0 1 0 0 0 0 0
143 1 0 0 0 0 0 0 0 0
144 1 0 0 0 0 0 0 0 0
146 1 0 0 1 0 0 0 0 0
147 1 0 0 1 0 0 0 0 0
149 1 0 0 0 0 0 0 0 0
150 1 0 0 0 0 0 0 0 0
197 1 0 0 0 0 0 0 0 0
198 1 0 0 0 0 0 0 0 0
199 1 0 0 0 0 0 0 0 0
200 1 0 0 0 0 0 0 0 0
201 1 0 0 0 0 0 0 0 0
202 1 0 0 1 0 0 0 0 0
fl=./string/../sysdeps/x86_64/multiarch/../multiarch/memset-vec-unaligned-erms.S
fn=memset
141 55 1 1 0 0 0 0 0 0
146 11 0 0 0 0 0 0 0 0
147 11 0 0 0 0 0 0 0 0
150 9 0 0 0 0 0 0 0 0
151 9 0 0 0 0 0 0 0 0
153 1 0 0 0 0 0 1 1 1
154 1 0 0 0 0 0 1 0 0
155 1 0 0 1 0 0 0 0 0
189 4 0 0 0 0 0 4 0 0
190 4 0 0 0 0 0 4 0 0
192 4 0 0 4 0 0 0 0 0
252 8 0 0 0 0 0 8 4 4
253 8 0 0 0 0 0 8 2 2
265 8 0 0 0 0 0 0 0 0
268 8 0 0 0 0 0 0 0 0
269 8 1 1 0 0 0 0 0 0
281 4 0 0 0 0 0 4 1 1
282 4 0 0 0 0 0 4 2 2
295 4 0 0 0 0 0 0 0 0
296 4 0 0 0 0 0 0 0 0
298 4 0 0 0 0 0 0 0 0
301 3 0 0 0 0 0 0 0 0
304 6 0 0 0 0 0 0 0 0
307 87 0 0 0 0 0 87 56 56
308 87 0 0 0 0 0 87 0 0
309 87 0 0 0 0 0 87 29 29
310 87 0 0 0 0 0 87 0 0
311 87 0 0 0 0 0 0 0 0
312 87 0 0 0 0 0 0 0 0
313 87 0 0 0 0 0 0 0 0
316 4 0 0 0 0 0 4 1 1
317 4 0 0 0 0 0 4 0 0
318 4 1 0 0 0 0 4 0 0
319 4 0 0 0 0 0 4 1 1
324 4 0 0 4 0 0 0 0 0
358 2 1 1 0 0 0 0 0 0
360 2 0 0 0 0 0 0 0 0
361 2 0 0 0 0 0 0 0 0
400 2 0 0 0 0 0 2 2 2
401 2 0 0 0 0 0 2 0 0
403 2 0 0 2 0 0 0 0 0
fl=./string/../sysdeps/x86_64/multiarch/../multiarch/strchr-sse2.S
fn=index
33 27 1 1 0 0 0 0 0 0
34 27 0 0 0 0 0 0 0 0
35 27 0 0 0 0 0 0 0 0
36 27 0 0 0 0 0 0 0 0
37 27 0 0 0 0 0 0 0 0
38 27 0 0 0 0 0 0 0 0
39 27 0 0 0 0 0 0 0 0
40 27 0 0 0 0 0 0 0 0
41 27 0 0 27 4 4 0 0 0
42 27 0 0 0 0 0 0 0 0
43 27 0 0 0 0 0 0 0 0
44 27 0 0 0 0 0 0 0 0
45 27 0 0 0 0 0 0 0 0
46 27 0 0 0 0 0 0 0 0
47 27 0 0 0 0 0 0 0 0
48 27 1 1 0 0 0 0 0 0
49 27 0 0 0 0 0 0 0 0
50 23 0 0 0 0 0 0 0 0
54 23 0 0 0 0 0 0 0 0
55 23 0 0 0 0 0 0 0 0
56 23 0 0 23 0 0 0 0 0
57 23 0 0 0 0 0 0 0 0
59 23 0 0 23 0 0 0 0 0
63 4 0 0 4 0 0 0 0 0
64 4 0 0 0 0 0 0 0 0
65 4 0 0 0 0 0 0 0 0
66 4 0 0 0 0 0 0 0 0
67 4 0 0 0 0 0 0 0 0
68 4 0 0 0 0 0 0 0 0
69 4 0 0 4 0 0 0 0 0
70 4 0 0 0 0 0 0 0 0
71 4 0 0 0 0 0 0 0 0
72 4 1 1 0 0 0 0 0 0
73 4 0 0 0 0 0 0 0 0
74 4 0 0 0 0 0 0 0 0
75 4 0 0 0 0 0 0 0 0
76 4 0 0 4 2 2 0 0 0
77 4 0 0 0 0 0 0 0 0
78 4 0 0 0 0 0 0 0 0
79 4 0 0 0 0 0 0 0 0
80 4 0 0 0 0 0 0 0 0
81 4 0 0 0 0 0 0 0 0
82 4 0 0 0 0 0 0 0 0
83 4 0 0 0 0 0 0 0 0
84 4 0 0 0 0 0 0 0 0
85 4 0 0 0 0 0 0 0 0
86 4 0 0 0 0 0 0 0 0
138 4 1 1 0 0 0 0 0 0
142 4 0 0 0 0 0 0 0 0
143 4 0 0 0 0 0 0 0 0
144 4 0 0 4 0 0 0 0 0
145 4 0 0 0 0 0 0 0 0
147 4 0 0 4 0 0 0 0 0
fl=./string/../sysdeps/x86_64/multiarch/../multiarch/strcmp-sse2.S
fn=strcmp
131 2271 2 2 0 0 0 0 0 0
132 2271 0 0 0 0 0 0 0 0
134 2271 0 0 0 0 0 0 0 0
135 2271 0 0 0 0 0 0 0 0
156 2271 0 0 0 0 0 0 0 0
157 2271 0 0 0 0 0 0 0 0
158 1181 0 0 0 0 0 0 0 0
159 1181 0 0 0 0 0 0 0 0
160 1045 0 0 1045 98 41 0 0 0
161 1045 0 0 1045 24 11 0 0 0
162 1045 1 1 1045 0 0 0 0 0
163 1045 0 0 1045 0 0 0 0 0
180 1045 0 0 0 0 0 0 0 0
181 1045 0 0 0 0 0 0 0 0
182 1045 0 0 0 0 0 0 0 0
183 1045 0 0 0 0 0 0 0 0
184 1045 0 0 0 0 0 0 0 0
185 1045 0 0 0 0 0 0 0 0
186 1045 0 0 0 0 0 0 0 0
191 27 0 0 0 0 0 0 0 0
192 27 0 0 0 0 0 0 0 0
201 1253 1 1 0 0 0 0 0 0
202 1253 0 0 0 0 0 0 0 0
203 1253 0 0 0 0 0 0 0 0
204 1253 0 0 0 0 0 0 0 0
205 1253 4 2 0 0 0 0 0 0
206 1253 0 0 0 0 0 0 0 0
207 1253 0 0 0 0 0 0 0 0
208 1253 0 0 0 0 0 0 0 0
209 249 0 0 0 0 0 0 0 0
210 143 0 0 0 0 0 0 0 0
211 143 0 0 0 0 0 0 0 0
212 143 0 0 0 0 0 0 0 0
214 249 0 0 0 0 0 0 0 0
215 249 0 0 0 0 0 0 0 0
216 249 0 0 0 0 0 0 0 0
217 249 0 0 249 14 4 0 0 0
218 249 0 0 0 0 0 0 0 0
219 249 0 0 0 0 0 0 0 0
229 1004 0 0 1004 14 2 0 0 0
230 1004 0 0 0 0 0 0 0 0
231 1004 0 0 0 0 0 0 0 0
233 1004 0 0 1004 2 0 0 0 0
239 1004 2 2 0 0 0 0 0 0
240 1004 0 0 0 0 0 0 0 0
241 1004 0 0 0 0 0 0 0 0
242 1004 0 0 0 0 0 0 0 0
243 1004 0 0 0 0 0 0 0 0
248 1004 0 0 0 0 0 0 0 0
250 993 0 0 0 0 0 0 0 0
251 993 0 0 0 0 0 0 0 0
252 1986 0 0 0 0 0 0 0 0
260 993 0 0 993 11 1 0 0 0
261 993 0 0 993 1 0 0 0 0
264 993 0 0 0 0 0 0 0 0
265 993 2 2 0 0 0 0 0 0
266 993 0 0 0 0 0 0 0 0
267 993 0 0 0 0 0 0 0 0
268 993 0 0 0 0 0 0 0 0
269 993 0 0 0 0 0 0 0 0
300 9 2 2 0 0 0 0 0 0
301 9 0 0 9 0 0 0 0 0
302 9 0 0 9 0 0 0 0 0
303 9 0 0 0 0 0 0 0 0
304 9 0 0 0 0 0 0 0 0
306 9 0 0 0 0 0 0 0 0
307 9 0 0 0 0 0 0 0 0
308 9 0 0 0 0 0 0 0 0
309 9 0 0 0 0 0 0 0 0
310 9 0 0 0 0 0 0 0 0
311 9 0 0 0 0 0 0 0 0
312 9 0 0 0 0 0 0 0 0
313 1 1 1 1 0 0 0 0 0
316 1 0 0 0 0 0 0 0 0
317 1 0 0 0 0 0 0 0 0
318 1 0 0 0 0 0 0 0 0
324 1 0 0 0 0 0 0 0 0
325 1 0 0 0 0 0 0 0 0
326 2 0 0 0 0 0 0 0 0
330 1 0 0 0 0 0 0 0 0
331 1 0 0 0 0 0 0 0 0
334 1 0 0 1 0 0 0 0 0
335 1 1 1 1 0 0 0 0 0
336 1 0 0 0 0 0 0 0 0
338 1 0 0 0 0 0 0 0 0
339 1 0 0 0 0 0 0 0 0
340 1 0 0 0 0 0 0 0 0
344 1 0 0 0 0 0 0 0 0
345 1 0 0 0 0 0 0 0 0
346 1 0 0 0 0 0 0 0 0
347 1 0 0 0 0 0 0 0 0
348 1 0 0 0 0 0 0 0 0
349 1 0 0 0 0 0 0 0 0
424 3 2 1 0 0 0 0 0 0
425 3 0 0 3 1 1 0 0 0
426 3 0 0 3 2 2 0 0 0
427 3 0 0 0 0 0 0 0 0
428 3 0 0 0 0 0 0 0 0
430 3 0 0 0 0 0 0 0 0
431 3 0 0 0 0 0 0 0 0
432 3 0 0 0 0 0 0 0 0
433 3 0 0 0 0 0 0 0 0
434 3 0 0 0 0 0 0 0 0
435 3 0 0 0 0 0 0 0 0
436 3 0 0 0 0 0 0 0 0
437 3 2 1 3 0 0 0 0 0
440 3 0 0 0 0 0 0 0 0
441 3 0 0 0 0 0 0 0 0
442 3 0 0 0 0 0 0 0 0
448 3 0 0 0 0 0 0 0 0
449 3 0 0 0 0 0 0 0 0
450 6 0 0 0 0 0 0 0 0
454 3 0 0 0 0 0 0 0 0
455 3 0 0 0 0 0 0 0 0
458 3 0 0 3 1 1 0 0 0
459 3 2 1 3 0 0 0 0 0
460 3 0 0 0 0 0 0 0 0
462 3 0 0 0 0 0 0 0 0
463 3 0 0 0 0 0 0 0 0
464 3 0 0 0 0 0 0 0 0
468 3 0 0 0 0 0 0 0 0
469 3 0 0 0 0 0 0 0 0
470 3 0 0 0 0 0 0 0 0
471 3 0 0 0 0 0 0 0 0
472 3 0 0 0 0 0 0 0 0
473 3 0 0 0 0 0 0 0 0
542 3 2 2 0 0 0 0 0 0
543 3 0 0 3 1 1 0 0 0
544 3 0 0 3 1 1 0 0 0
545 3 0 0 0 0 0 0 0 0
546 3 0 0 0 0 0 0 0 0
548 3 0 0 0 0 0 0 0 0
549 3 0 0 0 0 0 0 0 0
550 3 0 0 0 0 0 0 0 0
551 3 0 0 0 0 0 0 0 0
552 3 0 0 0 0 0 0 0 0
553 3 0 0 0 0 0 0 0 0
554 3 0 0 0 0 0 0 0 0
555 3 2 2 3 0 0 0 0 0
559 3 0 0 0 0 0 0 0 0
560 3 0 0 0 0 0 0 0 0
561 3 0 0 0 0 0 0 0 0
567 3 0 0 0 0 0 0 0 0
568 3 0 0 0 0 0 0 0 0
569 6 0 0 0 0 0 0 0 0
573 3 0 0 0 0 0 0 0 0
574 3 0 0 0 0 0 0 0 0
577 3 0 0 3 0 0 0 0 0
578 3 2 2 3 0 0 0 0 0
579 3 0 0 0 0 0 0 0 0
581 3 0 0 0 0 0 0 0 0
582 3 0 0 0 0 0 0 0 0
583 3 0 0 0 0 0 0 0 0
587 3 0 0 0 0 0 0 0 0
588 3 0 0 0 0 0 0 0 0
589 3 0 0 0 0 0 0 0 0
590 3 0 0 0 0 0 0 0 0
591 3 0 0 0 0 0 0 0 0
592 3 0 0 0 0 0 0 0 0
661 8 4 2 0 0 0 0 0 0
662 8 0 0 8 2 2 0 0 0
663 8 0 0 8 5 4 0 0 0
664 8 0 0 0 0 0 0 0 0
665 8 0 0 0 0 0 0 0 0
667 8 0 0 0 0 0 0 0 0
668 8 0 0 0 0 0 0 0 0
669 8 0 0 0 0 0 0 0 0
670 8 0 0 0 0 0 0 0 0
671 8 0 0 0 0 0 0 0 0
672 8 0 0 0 0 0 0 0 0
673 8 0 0 0 0 0 0 0 0
674 8 3 2 8 0 0 0 0 0
678 8 0 0 0 0 0 0 0 0
679 8 0 0 0 0 0 0 0 0
680 8 0 0 0 0 0 0 0 0
686 8 0 0 0 0 0 0 0 0
687 8 0 0 0 0 0 0 0 0
688 16 0 0 0 0 0 0 0 0
692 8 0 0 0 0 0 0 0 0
693 8 0 0 0 0 0 0 0 0
696 8 0 0 8 1 1 0 0 0
697 8 4 2 8 4 4 0 0 0
698 8 0 0 0 0 0 0 0 0
700 8 0 0 0 0 0 0 0 0
701 8 0 0 0 0 0 0 0 0
702 8 0 0 0 0 0 0 0 0
706 8 0 0 0 0 0 0 0 0
707 8 0 0 0 0 0 0 0 0
708 8 0 0 0 0 0 0 0 0
709 8 0 0 0 0 0 0 0 0
710 8 0 0 0 0 0 0 0 0
711 8 0 0 0 0 0 0 0 0
718 1 0 0 0 0 0 0 0 0
719 1 0 0 0 0 0 0 0 0
721 1 0 0 0 0 0 0 0 0
722 1 0 0 0 0 0 0 0 0
724 1 1 1 1 0 0 0 0 0
725 1 0 0 1 0 0 0 0 0
726 1 0 0 0 0 0 0 0 0
728 1 0 0 0 0 0 0 0 0
729 1 0 0 0 0 0 0 0 0
730 1 0 0 0 0 0 0 0 0
734 1 0 0 0 0 0 0 0 0
735 1 0 0 0 0 0 0 0 0
736 1 0 0 0 0 0 0 0 0
737 1 0 0 0 0 0 0 0 0
738 1 0 0 0 0 0 0 0 0
739 1 0 0 0 0 0 0 0 0
780 8 3 1 0 0 0 0 0 0
781 8 0 0 8 1 0 0 0 0
782 8 0 0 8 1 1 0 0 0
783 8 0 0 0 0 0 0 0 0
784 8 0 0 0 0 0 0 0 0
786 8 0 0 0 0 0 0 0 0
787 8 0 0 0 0 0 0 0 0
788 8 0 0 0 0 0 0 0 0
789 8 0 0 0 0 0 0 0 0
790 8 0 0 0 0 0 0 0 0
791 8 0 0 0 0 0 0 0 0
792 8 0 0 0 0 0 0 0 0
793 6 2 1 6 0 0 0 0 0
797 6 0 0 0 0 0 0 0 0
798 6 0 0 0 0 0 0 0 0
799 6 0 0 0 0 0 0 0 0
805 6 0 0 0 0 0 0 0 0
806 6 0 0 0 0 0 0 0 0
807 12 0 0 0 0 0 0 0 0
811 7 0 0 0 0 0 0 0 0
812 7 0 0 0 0 0 0 0 0
815 7 0 0 7 4 4 0 0 0
816 7 2 1 7 1 0 0 0 0
817 7 0 0 0 0 0 0 0 0
819 7 0 0 0 0 0 0 0 0
820 7 0 0 0 0 0 0 0 0
821 7 0 0 0 0 0 0 0 0
825 7 0 0 0 0 0 0 0 0
826 7 0 0 0 0 0 0 0 0
827 7 0 0 0 0 0 0 0 0
828 7 0 0 0 0 0 0 0 0
829 7 0 0 0 0 0 0 0 0
830 7 0 0 0 0 0 0 0 0
837 2 0 0 0 0 0 0 0 0
838 2 0 0 0 0 0 0 0 0
840 2 0 0 0 0 0 0 0 0
841 2 0 0 0 0 0 0 0 0
843 2 1 1 2 0 0 0 0 0
844 2 0 0 2 0 0 0 0 0
845 2 0 0 0 0 0 0 0 0
847 2 0 0 0 0 0 0 0 0
848 2 0 0 0 0 0 0 0 0
849 2 0 0 0 0 0 0 0 0
853 2 0 0 0 0 0 0 0 0
854 2 0 0 0 0 0 0 0 0
855 2 0 0 0 0 0 0 0 0
856 2 0 0 0 0 0 0 0 0
857 2 0 0 0 0 0 0 0 0
858 2 0 0 0 0 0 0 0 0
865 1 0 0 0 0 0 0 0 0
866 1 0 0 0 0 0 0 0 0
867 1 1 1 0 0 0 0 0 0
899 17 2 1 0 0 0 0 0 0
900 17 0 0 17 3 0 0 0 0
901 17 0 0 17 1 0 0 0 0
902 17 0 0 0 0 0 0 0 0
903 17 0 0 0 0 0 0 0 0
905 17 0 0 0 0 0 0 0 0
906 17 0 0 0 0 0 0 0 0
907 17 0 0 0 0 0 0 0 0
908 17 0 0 0 0 0 0 0 0
909 17 0 0 0 0 0 0 0 0
910 17 0 0 0 0 0 0 0 0
911 17 0 0 0 0 0 0 0 0
912 13 2 1 13 0 0 0 0 0
916 13 0 0 0 0 0 0 0 0
917 13 0 0 0 0 0 0 0 0
918 13 0 0 0 0 0 0 0 0
924 13 0 0 0 0 0 0 0 0
925 13 0 0 0 0 0 0 0 0
926 26 0 0 0 0 0 0 0 0
930 13 0 0 0 0 0 0 0 0
931 13 0 0 0 0 0 0 0 0
934 13 0 0 13 3 2 0 0 0
935 13 2 1 13 3 1 0 0 0
936 13 0 0 0 0 0 0 0 0
938 13 0 0 0 0 0 0 0 0
939 13 0 0 0 0 0 0 0 0
940 13 0 0 0 0 0 0 0 0
944 13 0 0 0 0 0 0 0 0
945 13 0 0 0 0 0 0 0 0
946 13 0 0 0 0 0 0 0 0
947 13 0 0 0 0 0 0 0 0
948 13 0 0 0 0 0 0 0 0
949 13 0 0 0 0 0 0 0 0
1018 11 1 1 0 0 0 0 0 0
1019 11 0 0 11 2 0 0 0 0
1020 11 0 0 11 4 1 0 0 0
1021 11 0 0 0 0 0 0 0 0
1022 11 0 0 0 0 0 0 0 0
1024 11 0 0 0 0 0 0 0 0
1025 11 0 0 0 0 0 0 0 0
1026 11 0 0 0 0 0 0 0 0
1027 11 0 0 0 0 0 0 0 0
1028 11 0 0 0 0 0 0 0 0
1029 11 0 0 0 0 0 0 0 0
1030 11 0 0 0 0 0 0 0 0
1031 5 2 1 5 0 0 0 0 0
1035 5 0 0 0 0 0 0 0 0
1036 5 0 0 0 0 0 0 0 0
1037 5 0 0 0 0 0 0 0 0
1043 5 0 0 0 0 0 0 0 0
1044 5 0 0 0 0 0 0 0 0
1045 10 0 0 0 0 0 0 0 0
1049 5 0 0 0 0 0 0 0 0
1050 5 0 0 0 0 0 0 0 0
1053 5 0 0 5 2 1 0 0 0
1054 5 2 1 5 1 0 0 0 0
1055 5 0 0 0 0 0 0 0 0
1057 5 0 0 0 0 0 0 0 0
1058 5 0 0 0 0 0 0 0 0
1059 5 0 0 0 0 0 0 0 0
1063 5 0 0 0 0 0 0 0 0
1064 5 0 0 0 0 0 0 0 0
1065 5 0 0 0 0 0 0 0 0
1066 5 0 0 0 0 0 0 0 0
1067 5 0 0 0 0 0 0 0 0
1068 5 0 0 0 0 0 0 0 0
1075 1 0 0 0 0 0 0 0 0
1076 1 0 0 0 0 0 0 0 0
1078 1 0 0 0 0 0 0 0 0
1079 1 0 0 0 0 0 0 0 0
1081 1 1 1 1 0 0 0 0 0
1082 1 0 0 1 0 0 0 0 0
1083 1 0 0 0 0 0 0 0 0
1085 1 0 0 0 0 0 0 0 0
1086 1 0 0 0 0 0 0 0 0
1087 1 0 0 0 0 0 0 0 0
1091 1 0 0 0 0 0 0 0 0
1092 1 0 0 0 0 0 0 0 0
1093 1 0 0 0 0 0 0 0 0
1094 1 0 0 0 0 0 0 0 0
1095 1 0 0 0 0 0 0 0 0
1096 1 0 0 0 0 0 0 0 0
1137 6 1 1 0 0 0 0 0 0
1138 6 0 0 6 1 1 0 0 0
1139 6 0 0 6 2 1 0 0 0
1140 6 0 0 0 0 0 0 0 0
1141 6 0 0 0 0 0 0 0 0
1143 6 0 0 0 0 0 0 0 0
1144 6 0 0 0 0 0 0 0 0
1145 6 0 0 0 0 0 0 0 0
1146 6 0 0 0 0 0 0 0 0
1147 6 0 0 0 0 0 0 0 0
1148 6 0 0 0 0 0 0 0 0
1149 6 0 0 0 0 0 0 0 0
1150 4 1 1 4 0 0 0 0 0
1154 4 0 0 0 0 0 0 0 0
1155 4 0 0 0 0 0 0 0 0
1156 4 0 0 0 0 0 0 0 0
1162 4 0 0 0 0 0 0 0 0
1163 4 0 0 0 0 0 0 0 0
1164 8 0 0 0 0 0 0 0 0
1168 4 0 0 0 0 0 0 0 0
1169 4 0 0 0 0 0 0 0 0
1172 4 0 0 4 2 1 0 0 0
1173 4 1 1 4 0 0 0 0 0
1174 4 0 0 0 0 0 0 0 0
1176 4 0 0 0 0 0 0 0 0
1177 4 0 0 0 0 0 0 0 0
1178 4 0 0 0 0 0 0 0 0
1182 4 0 0 0 0 0 0 0 0
1183 4 0 0 0 0 0 0 0 0
1184 4 0 0 0 0 0 0 0 0
1185 4 0 0 0 0 0 0 0 0
1186 4 0 0 0 0 0 0 0 0
1187 4 0 0 0 0 0 0 0 0
1256 45 3 2 0 0 0 0 0 0
1257 45 0 0 45 1 1 0 0 0
1258 45 0 0 45 1 1 0 0 0
1259 45 0 0 0 0 0 0 0 0
1260 45 0 0 0 0 0 0 0 0
1262 45 0 0 0 0 0 0 0 0
1263 45 0 0 0 0 0 0 0 0
1264 45 0 0 0 0 0 0 0 0
1265 45 0 0 0 0 0 0 0 0
1266 45 0 0 0 0 0 0 0 0
1267 45 0 0 0 0 0 0 0 0
1268 45 0 0 0 0 0 0 0 0
1269 17 3 2 17 0 0 0 0 0
1273 17 0 0 0 0 0 0 0 0
1274 17 0 0 0 0 0 0 0 0
1275 17 0 0 0 0 0 0 0 0
1281 17 0 0 0 0 0 0 0 0
1282 17 0 0 0 0 0 0 0 0
1283 34 0 0 0 0 0 0 0 0
1287 19 0 0 0 0 0 0 0 0
1288 19 0 0 0 0 0 0 0 0
1291 19 0 0 19 0 0 0 0 0
1292 19 3 2 19 1 0 0 0 0
1293 19 0 0 0 0 0 0 0 0
1295 19 0 0 0 0 0 0 0 0
1296 19 0 0 0 0 0 0 0 0
1297 19 0 0 0 0 0 0 0 0
1301 19 0 0 0 0 0 0 0 0
1302 19 0 0 0 0 0 0 0 0
1303 19 0 0 0 0 0 0 0 0
1304 19 0 0 0 0 0 0 0 0
1305 19 0 0 0 0 0 0 0 0
1306 19 0 0 0 0 0 0 0 0
1313 2 0 0 0 0 0 0 0 0
1314 2 0 0 0 0 0 0 0 0
1316 2 0 0 0 0 0 0 0 0
1317 2 0 0 0 0 0 0 0 0
1319 2 1 1 2 0 0 0 0 0
1320 2 0 0 2 1 0 0 0 0
1321 2 0 0 0 0 0 0 0 0
1323 2 0 0 0 0 0 0 0 0
1324 2 0 0 0 0 0 0 0 0
1325 2 0 0 0 0 0 0 0 0
1329 2 0 0 0 0 0 0 0 0
1330 2 0 0 0 0 0 0 0 0
1331 2 0 0 0 0 0 0 0 0
1332 2 0 0 0 0 0 0 0 0
1333 2 0 0 0 0 0 0 0 0
1334 2 0 0 0 0 0 0 0 0
1341 2 0 0 0 0 0 0 0 0
1342 2 0 0 0 0 0 0 0 0
1343 2 1 1 0 0 0 0 0 0
1375 32 2 1 0 0 0 0 0 0
1376 32 0 0 32 6 0 0 0 0
1377 32 0 0 32 6 3 0 0 0
1378 32 0 0 0 0 0 0 0 0
1379 32 0 0 0 0 0 0 0 0
1381 32 0 0 0 0 0 0 0 0
1382 32 0 0 0 0 0 0 0 0
1383 32 0 0 0 0 0 0 0 0
1384 32 0 0 0 0 0 0 0 0
1385 32 0 0 0 0 0 0 0 0
1386 32 0 0 0 0 0 0 0 0
1387 32 0 0 0 0 0 0 0 0
1388 26 5 2 26 0 0 0 0 0
1392 26 0 0 0 0 0 0 0 0
1393 26 0 0 0 0 0 0 0 0
1394 26 0 0 0 0 0 0 0 0
1400 26 0 0 0 0 0 0 0 0
1401 26 0 0 0 0 0 0 0 0
1402 52 0 0 0 0 0 0 0 0
1406 26 0 0 0 0 0 0 0 0
1407 26 0 0 0 0 0 0 0 0
1410 26 0 0 26 3 1 0 0 0
1411 26 4 2 26 4 1 0 0 0
1412 26 0 0 0 0 0 0 0 0
1414 26 0 0 0 0 0 0 0 0
1415 26 0 0 0 0 0 0 0 0
1416 26 0 0 0 0 0 0 0 0
1420 26 0 0 0 0 0 0 0 0
1421 26 0 0 0 0 0 0 0 0
1422 26 0 0 0 0 0 0 0 0
1423 26 0 0 0 0 0 0 0 0
1424 26 0 0 0 0 0 0 0 0
1425 26 0 0 0 0 0 0 0 0
1494 17 3 2 0 0 0 0 0 0
1495 17 0 0 17 1 0 0 0 0
1496 17 0 0 17 2 1 0 0 0
1497 17 0 0 0 0 0 0 0 0
1498 17 0 0 0 0 0 0 0 0
1500 17 0 0 0 0 0 0 0 0
1501 17 0 0 0 0 0 0 0 0
1502 17 0 0 0 0 0 0 0 0
1503 17 0 0 0 0 0 0 0 0
1504 17 0 0 0 0 0 0 0 0
1505 17 0 0 0 0 0 0 0 0
1506 17 0 0 0 0 0 0 0 0
1507 6 4 2 6 0 0 0 0 0
1511 6 0 0 0 0 0 0 0 0
1512 6 0 0 0 0 0 0 0 0
1513 6 0 0 0 0 0 0 0 0
1519 6 0 0 0 0 0 0 0 0
1520 6 0 0 0 0 0 0 0 0
1521 12 0 0 0 0 0 0 0 0
1525 6 0 0 0 0 0 0 0 0
1526 6 0 0 0 0 0 0 0 0
1529 6 0 0 6 3 2 0 0 0
1530 6 3 2 6 1 0 0 0 0
1531 6 0 0 0 0 0 0 0 0
1533 6 0 0 0 0 0 0 0 0
1534 6 0 0 0 0 0 0 0 0
1535 6 0 0 0 0 0 0 0 0
1539 6 0 0 0 0 0 0 0 0
1540 6 0 0 0 0 0 0 0 0
1541 6 0 0 0 0 0 0 0 0
1542 6 0 0 0 0 0 0 0 0
1543 6 0 0 0 0 0 0 0 0
1544 6 0 0 0 0 0 0 0 0
1551 1 0 0 0 0 0 0 0 0
1552 1 0 0 0 0 0 0 0 0
1554 1 0 0 0 0 0 0 0 0
1555 1 0 0 0 0 0 0 0 0
1557 1 1 1 1 0 0 0 0 0
1558 1 0 0 1 1 1 0 0 0
1559 1 0 0 0 0 0 0 0 0
1561 1 0 0 0 0 0 0 0 0
1562 1 0 0 0 0 0 0 0 0
1563 1 0 0 0 0 0 0 0 0
1567 1 0 0 0 0 0 0 0 0
1568 1 0 0 0 0 0 0 0 0
1569 1 0 0 0 0 0 0 0 0
1570 1 0 0 0 0 0 0 0 0
1571 1 0 0 0 0 0 0 0 0
1572 1 0 0 0 0 0 0 0 0
1613 15 2 1 0 0 0 0 0 0
1614 15 0 0 15 2 1 0 0 0
1615 15 0 0 15 2 1 0 0 0
1616 15 0 0 0 0 0 0 0 0
1617 15 0 0 0 0 0 0 0 0
1619 15 0 0 0 0 0 0 0 0
1620 15 0 0 0 0 0 0 0 0
1621 15 0 0 0 0 0 0 0 0
1622 15 0 0 0 0 0 0 0 0
1623 15 0 0 0 0 0 0 0 0
1624 15 0 0 0 0 0 0 0 0
1625 15 0 0 0 0 0 0 0 0
1626 13 2 1 13 0 0 0 0 0
1630 13 0 0 0 0 0 0 0 0
1631 13 0 0 0 0 0 0 0 0
1632 13 0 0 0 0 0 0 0 0
1638 13 0 0 0 0 0 0 0 0
1639 13 0 0 0 0 0 0 0 0
1640 26 0 0 0 0 0 0 0 0
1644 13 0 0 0 0 0 0 0 0
1645 13 0 0 0 0 0 0 0 0
1648 13 0 0 13 3 2 0 0 0
1649 13 2 1 13 4 4 0 0 0
1650 13 0 0 0 0 0 0 0 0
1652 13 0 0 0 0 0 0 0 0
1653 13 0 0 0 0 0 0 0 0
1654 13 0 0 0 0 0 0 0 0
1658 13 0 0 0 0 0 0 0 0
1659 13 0 0 0 0 0 0 0 0
1660 13 0 0 0 0 0 0 0 0
1661 13 0 0 0 0 0 0 0 0
1662 13 0 0 0 0 0 0 0 0
1663 13 0 0 0 0 0 0 0 0
1670 2 0 0 0 0 0 0 0 0
1671 2 0 0 0 0 0 0 0 0
1673 2 0 0 0 0 0 0 0 0
1674 2 0 0 0 0 0 0 0 0
1676 2 2 1 2 1 1 0 0 0
1677 2 0 0 2 0 0 0 0 0
1678 2 0 0 0 0 0 0 0 0
1680 2 0 0 0 0 0 0 0 0
1681 2 0 0 0 0 0 0 0 0
1682 2 0 0 0 0 0 0 0 0
1686 2 0 0 0 0 0 0 0 0
1687 2 0 0 0 0 0 0 0 0
1688 2 0 0 0 0 0 0 0 0
1689 2 0 0 0 0 0 0 0 0
1690 2 0 0 0 0 0 0 0 0
1691 2 0 0 0 0 0 0 0 0
1732 26 3 2 0 0 0 0 0 0
1733 26 0 0 26 3 2 0 0 0
1734 26 0 0 26 1 1 0 0 0
1735 26 0 0 0 0 0 0 0 0
1736 26 0 0 0 0 0 0 0 0
1738 26 0 0 0 0 0 0 0 0
1739 26 0 0 0 0 0 0 0 0
1740 26 0 0 0 0 0 0 0 0
1741 26 0 0 0 0 0 0 0 0
1742 26 0 0 0 0 0 0 0 0
1743 26 0 0 0 0 0 0 0 0
1744 26 0 0 0 0 0 0 0 0
1745 6 4 1 6 0 0 0 0 0
1749 6 0 0 0 0 0 0 0 0
1750 6 0 0 0 0 0 0 0 0
1751 6 0 0 0 0 0 0 0 0
1757 6 0 0 0 0 0 0 0 0
1758 6 0 0 0 0 0 0 0 0
1759 12 0 0 0 0 0 0 0 0
1763 8 0 0 0 0 0 0 0 0
1764 8 0 0 0 0 0 0 0 0
1767 8 0 0 8 0 0 0 0 0
1768 8 2 1 8 2 2 0 0 0
1769 8 0 0 0 0 0 0 0 0
1771 8 0 0 0 0 0 0 0 0
1772 8 0 0 0 0 0 0 0 0
1773 8 0 0 0 0 0 0 0 0
1777 8 0 0 0 0 0 0 0 0
1778 8 0 0 0 0 0 0 0 0
1779 8 0 0 0 0 0 0 0 0
1780 8 0 0 0 0 0 0 0 0
1781 8 0 0 0 0 0 0 0 0
1782 8 0 0 0 0 0 0 0 0
1789 2 0 0 0 0 0 0 0 0
1790 2 0 0 0 0 0 0 0 0
1792 2 0 0 0 0 0 0 0 0
1793 2 0 0 0 0 0 0 0 0
1795 2 1 1 2 1 1 0 0 0
1796 2 0 0 2 0 0 0 0 0
1797 2 0 0 0 0 0 0 0 0
1799 2 0 0 0 0 0 0 0 0
1800 2 0 0 0 0 0 0 0 0
1801 2 0 0 0 0 0 0 0 0
1805 2 0 0 0 0 0 0 0 0
1806 2 0 0 0 0 0 0 0 0
1807 2 0 0 0 0 0 0 0 0
1808 2 0 0 0 0 0 0 0 0
1809 2 0 0 0 0 0 0 0 0
1810 2 0 0 0 0 0 0 0 0
1817 2 0 0 0 0 0 0 0 0
1818 2 0 0 0 0 0 0 0 0
1819 2 1 1 0 0 0 0 0 0
1851 9 2 1 0 0 0 0 0 0
1852 9 0 0 9 2 0 0 0 0
1853 9 0 0 9 4 3 0 0 0
1854 9 0 0 0 0 0 0 0 0
1855 9 0 0 0 0 0 0 0 0
1857 9 0 0 0 0 0 0 0 0
1858 9 0 0 0 0 0 0 0 0
1859 9 0 0 0 0 0 0 0 0
1860 9 0 0 0 0 0 0 0 0
1861 9 0 0 0 0 0 0 0 0
1862 9 0 0 0 0 0 0 0 0
1863 9 0 0 0 0 0 0 0 0
1864 5 2 1 5 0 0 0 0 0
1868 5 0 0 0 0 0 0 0 0
1869 5 0 0 0 0 0 0 0 0
1870 5 0 0 0 0 0 0 0 0
1876 5 0 0 0 0 0 0 0 0
1877 5 0 0 0 0 0 0 0 0
1878 10 0 0 0 0 0 0 0 0
1882 5 0 0 0 0 0 0 0 0
1883 5 0 0 0 0 0 0 0 0
1886 5 0 0 5 1 1 0 0 0
1887 5 2 1 5 2 2 0 0 0
1888 5 0 0 0 0 0 0 0 0
1890 5 0 0 0 0 0 0 0 0
1891 5 0 0 0 0 0 0 0 0
1892 5 0 0 0 0 0 0 0 0
1896 5 0 0 0 0 0 0 0 0
1897 5 0 0 0 0 0 0 0 0
1898 5 0 0 0 0 0 0 0 0
1899 5 0 0 0 0 0 0 0 0
1900 5 0 0 0 0 0 0 0 0
1901 5 0 0 0 0 0 0 0 0
1970 40 1 1 0 0 0 0 0 0
1971 40 0 0 40 2 2 0 0 0
1972 40 0 0 40 4 0 0 0 0
1973 40 0 0 0 0 0 0 0 0
1974 40 0 0 0 0 0 0 0 0
1976 40 0 0 0 0 0 0 0 0
1977 40 0 0 0 0 0 0 0 0
1978 40 0 0 0 0 0 0 0 0
1979 40 0 0 0 0 0 0 0 0
1980 40 0 0 0 0 0 0 0 0
1981 40 0 0 0 0 0 0 0 0
1982 40 0 0 0 0 0 0 0 0
1984 11 1 1 11 0 0 0 0 0
1988 11 0 0 0 0 0 0 0 0
1989 11 0 0 0 0 0 0 0 0
1990 11 0 0 0 0 0 0 0 0
1996 11 0 0 0 0 0 0 0 0
1997 11 0 0 0 0 0 0 0 0
1999 22 0 0 0 0 0 0 0 0
2003 11 0 0 0 0 0 0 0 0
2004 11 0 0 0 0 0 0 0 0
2007 11 0 0 11 1 0 0 0 0
2008 11 1 1 11 3 3 0 0 0
2009 11 0 0 0 0 0 0 0 0
2011 11 0 0 0 0 0 0 0 0
2012 11 0 0 0 0 0 0 0 0
2013 11 0 0 0 0 0 0 0 0
2017 11 0 0 0 0 0 0 0 0
2018 11 0 0 0 0 0 0 0 0
2019 11 0 0 0 0 0 0 0 0
2020 11 0 0 0 0 0 0 0 0
2021 11 0 0 0 0 0 0 0 0
2022 11 0 0 0 0 0 0 0 0
2029 1 0 0 0 0 0 0 0 0
2030 1 0 0 0 0 0 0 0 0
2032 1 0 0 0 0 0 0 0 0
2033 1 0 0 0 0 0 0 0 0
2035 1 1 1 1 0 0 0 0 0
2036 1 0 0 1 0 0 0 0 0
2037 1 0 0 0 0 0 0 0 0
2039 1 0 0 0 0 0 0 0 0
2040 1 0 0 0 0 0 0 0 0
2041 1 0 0 0 0 0 0 0 0
2045 1 0 0 0 0 0 0 0 0
2046 1 0 0 0 0 0 0 0 0
2047 1 0 0 0 0 0 0 0 0
2048 1 0 0 0 0 0 0 0 0
2049 1 0 0 0 0 0 0 0 0
2050 1 0 0 0 0 0 0 0 0
2093 1120 1 1 0 0 0 0 0 0
2095 1253 0 0 0 0 0 0 0 0
2096 1253 0 0 0 0 0 0 0 0
2097 1253 0 0 0 0 0 0 0 0
2098 1253 0 0 0 0 0 0 0 0
2099 286 0 0 0 0 0 0 0 0
2104 2271 1 1 0 0 0 0 0 0
2110 2271 0 0 2271 0 0 0 0 0
2111 2271 0 0 2271 0 0 0 0 0
2119 2271 0 0 0 0 0 0 0 0
2120 2271 0 0 2271 0 0 0 0 0
fn=strncmp
125 1 1 1 0 0 0 0 0 0
126 1 0 0 0 0 0 0 0 0
127 1 0 0 0 0 0 0 0 0
128 1 0 0 0 0 0 0 0 0
129 1 0 0 0 0 0 0 0 0
131 1 0 0 0 0 0 0 0 0
132 1 0 0 0 0 0 0 0 0
134 1 0 0 0 0 0 0 0 0
135 1 0 0 0 0 0 0 0 0
156 1 0 0 0 0 0 0 0 0
157 1 0 0 0 0 0 0 0 0
158 1 0 0 0 0 0 0 0 0
159 1 0 0 0 0 0 0 0 0
160 1 0 0 1 0 0 0 0 0
161 1 0 0 1 1 1 0 0 0
162 1 0 0 1 0 0 0 0 0
163 1 0 0 1 0 0 0 0 0
180 1 1 1 0 0 0 0 0 0
181 1 0 0 0 0 0 0 0 0
182 1 0 0 0 0 0 0 0 0
183 1 0 0 0 0 0 0 0 0
184 1 0 0 0 0 0 0 0 0
185 1 0 0 0 0 0 0 0 0
186 1 0 0 0 0 0 0 0 0
2104 1 1 1 0 0 0 0 0 0
2107 1 0 0 0 0 0 0 0 0
2108 1 0 0 0 0 0 0 0 0
2110 1 0 0 1 0 0 0 0 0
2111 1 0 0 1 0 0 0 0 0
2119 1 0 0 0 0 0 0 0 0
2120 1 0 0 1 0 0 0 0 0
fl=./string/../sysdeps/x86_64/multiarch/../multiarch/strlen-sse2.S
fn=strlen
101 31 1 1 0 0 0 0 0 0
102 31 0 0 0 0 0 0 0 0
103 31 0 0 0 0 0 0 0 0
104 31 0 0 0 0 0 0 0 0
105 31 0 0 0 0 0 0 0 0
106 31 0 0 0 0 0 0 0 0
107 31 0 0 0 0 0 0 0 0
109 31 1 1 0 0 0 0 0 0
111 31 0 0 0 0 0 0 0 0
142 31 0 0 31 3 3 0 0 0
143 31 0 0 0 0 0 0 0 0
144 31 0 0 0 0 0 0 0 0
145 31 0 0 0 0 0 0 0 0
146 31 0 0 0 0 0 0 0 0
147 16 0 0 0 0 0 0 0 0
149 16 0 0 16 0 0 0 0 0
153 15 0 0 0 0 0 0 0 0
154 15 0 0 15 0 0 0 0 0
155 15 0 0 15 0 0 0 0 0
156 15 0 0 15 1 1 0 0 0
157 15 0 0 0 0 0 0 0 0
158 15 0 0 0 0 0 0 0 0
159 15 0 0 0 0 0 0 0 0
160 15 0 0 0 0 0 0 0 0
161 15 1 1 0 0 0 0 0 0
162 15 0 0 0 0 0 0 0 0
163 15 0 0 0 0 0 0 0 0
164 15 0 0 0 0 0 0 0 0
169 120 0 0 15 0 0 0 0 0
fl=./string/../sysdeps/x86_64/multiarch/ifunc-avx2.h
fn=memrchr
38 2 0 0 0 0 0 0 0 0
40 5 2 2 2 0 0 0 0 0
41 2 0 0 1 0 0 0 0 0
42 3 0 0 1 0 0 0 0 0
45 2 0 0 0 0 0 0 0 0
46 2 0 0 0 0 0 0 0 0
49 3 0 0 0 0 0 0 0 0
52 6 1 1 0 0 0 0 0 0
fn=rindex
38 2 0 0 0 0 0 0 0 0
40 5 0 0 2 0 0 0 0 0
41 2 1 1 1 0 0 0 0 0
42 3 0 0 1 0 0 0 0 0
45 2 0 0 0 0 0 0 0 0
46 2 0 0 0 0 0 0 0 0
49 3 0 0 0 0 0 0 0 0
52 6 1 1 0 0 0 0 0 0
fn=strchrnul
38 2 0 0 0 0 0 0 0 0
40 5 1 1 2 0 0 0 0 0
41 2 0 0 1 0 0 0 0 0
42 3 0 0 1 0 0 0 0 0
45 2 0 0 0 0 0 0 0 0
46 2 0 0 0 0 0 0 0 0
49 3 0 0 0 0 0 0 0 0
52 6 1 1 0 0 0 0 0 0
fn=strlen
38 4 0 0 0 0 0 0 0 0
40 10 2 1 4 0 0 0 0 0
41 4 0 0 2 0 0 0 0 0
42 6 2 1 2 0 0 0 0 0
45 4 0 0 0 0 0 0 0 0
46 4 0 0 0 0 0 0 0 0
49 6 0 0 0 0 0 0 0 0
52 12 0 0 0 0 0 0 0 0
fn=strnlen
38 4 0 0 0 0 0 0 0 0
40 10 1 1 4 1 0 0 0 0
41 4 1 1 2 0 0 0 0 0
42 6 0 0 2 0 0 0 0 0
45 4 0 0 0 0 0 0 0 0
46 4 0 0 0 0 0 0 0 0
49 6 0 0 0 0 0 0 0 0
52 12 1 1 0 0 0 0 0 0
fl=./string/../sysdeps/x86_64/multiarch/ifunc-evex.h
fn=memchr
37 4 0 0 0 0 0 0 0 0
38 10 2 2 4 1 1 0 0 0
39 6 0 0 2 0 0 0 0 0
42 4 0 0 0 0 0 0 0 0
43 4 2 2 0 0 0 0 0 0
45 4 0 0 0 0 0 0 0 0
51 6 0 0 0 0 0 0 0 0
54 8 0 0 0 0 0 0 0 0
fn=rawmemchr
37 2 0 0 0 0 0 0 0 0
38 5 1 1 2 0 0 0 0 0
39 3 0 0 1 0 0 0 0 0
42 2 0 0 0 0 0 0 0 0
43 2 1 1 0 0 0 0 0 0
45 2 0 0 0 0 0 0 0 0
51 3 0 0 0 0 0 0 0 0
54 4 0 0 0 0 0 0 0 0
fl=./string/../sysdeps/x86_64/multiarch/ifunc-memcmp.h
fn=bcmp
34 10 2 1 4 1 0 0 0 0
35 4 0 0 2 1 0 0 0 0
36 4 0 0 0 0 0 0 0 0
37 6 0 0 2 0 0 0 0 0
40 4 0 0 0 0 0 0 0 0
41 4 0 0 0 0 0 0 0 0
44 6 0 0 0 0 0 0 0 0
47 8 0 0 0 0 0 0 0 0
fl=./string/../sysdeps/x86_64/multiarch/ifunc-memmove.h
fn=memcpy@@GLIBC_2.14
56 6 0 0 0 0 0 0 0 0
57 9 6 4 6 0 0 0 0 0
60 9 0 0 3 1 0 0 0 0
61 6 3 2 0 0 0 0 0 0
74 6 0 0 0 0 0 0 0 0
77 6 0 0 0 0 0 0 0 0
85 6 0 0 0 0 0 0 0 0
93 6 3 2 0 0 0 0 0 0
96 15 3 2 3 0 0 0 0 0
fn=memmove
56 4 0 0 0 0 0 0 0 0
57 6 2 1 4 0 0 0 0 0
60 6 0 0 2 0 0 0 0 0
61 4 2 1 0 0 0 0 0 0
74 4 0 0 0 0 0 0 0 0
77 4 2 1 0 0 0 0 0 0
85 4 0 0 0 0 0 0 0 0
93 4 0 0 0 0 0 0 0 0
96 10 2 1 2 0 0 0 0 0
fn=mempcpy
56 2 0 0 0 0 0 0 0 0
57 3 0 0 2 0 0 0 0 0
60 3 1 1 1 0 0 0 0 0
61 2 1 1 0 0 0 0 0 0
74 2 0 0 0 0 0 0 0 0
77 2 0 0 0 0 0 0 0 0
85 2 0 0 0 0 0 0 0 0
93 2 0 0 0 0 0 0 0 0
96 5 0 0 1 0 0 0 0 0
fl=./string/../sysdeps/x86_64/multiarch/ifunc-memset.h
fn=memset
54 10 2 1 4 0 0 0 0 0
57 6 0 0 2 0 0 0 0 0
58 4 2 1 0 0 0 0 0 0
64 4 0 0 0 0 0 0 0 0
73 4 0 0 0 0 0 0 0 0
75 4 0 0 0 0 0 0 0 0
85 4 0 0 0 0 0 0 0 0
93 4 0 0 0 0 0 0 0 0
96 10 0 0 2 0 0 0 0 0
fl=./string/../sysdeps/x86_64/multiarch/ifunc-sse4_2.h
fn=strcspn
36 5 1 1 2 0 0 0 0 0
fn=strpbrk
36 5 0 0 2 1 0 0 0 0
fn=strspn
36 5 1 1 2 0 0 0 0 0
fl=./string/../sysdeps/x86_64/multiarch/ifunc-strcasecmp.h
fn=strcasecmp
36 2 0 0 0 0 0 0 0 0
37 4 1 1 2 0 0 0 0 0
38 3 1 1 1 0 0 0 0 0
41 2 0 0 0 0 0 0 0 0
42 2 0 0 0 0 0 0 0 0
45 3 0 0 0 0 0 0 0 0
48 5 0 0 0 0 0 0 0 0
fn=strcasecmp_l
36 2 0 0 0 0 0 0 0 0
37 4 1 1 2 0 0 0 0 0
38 3 1 1 1 0 0 0 0 0
41 2 0 0 0 0 0 0 0 0
42 2 0 0 0 0 0 0 0 0
45 3 0 0 0 0 0 0 0 0
48 5 1 1 0 0 0 0 0 0
fn=strncasecmp
36 2 0 0 0 0 0 0 0 0
37 4 1 1 2 0 0 0 0 0
38 3 1 1 1 0 0 0 0 0
41 2 0 0 0 0 0 0 0 0
42 2 0 0 0 0 0 0 0 0
45 3 0 0 0 0 0 0 0 0
48 5 0 0 0 0 0 0 0 0
fn=strncasecmp_l
36 2 0 0 0 0 0 0 0 0
37 4 2 2 2 0 0 0 0 0
38 3 1 1 1 0 0 0 0 0
41 2 0 0 0 0 0 0 0 0
42 2 0 0 0 0 0 0 0 0
45 3 0 0 0 0 0 0 0 0
48 5 0 0 0 0 0 0 0 0
fl=./string/../sysdeps/x86_64/multiarch/ifunc-strcpy.h
fn=stpcpy
38 4 1 1 2 0 0 0 0 0
39 3 0 0 1 0 0 0 0 0
42 2 0 0 0 0 0 0 0 0
43 2 0 0 0 0 0 0 0 0
46 3 0 0 0 0 0 0 0 0
49 3 0 0 0 0 0 0 0 0
fn=strcat
38 4 1 1 2 0 0 0 0 0
39 3 1 1 1 0 0 0 0 0
42 2 0 0 0 0 0 0 0 0
43 2 0 0 0 0 0 0 0 0
46 3 0 0 0 0 0 0 0 0
49 3 0 0 0 0 0 0 0 0
fn=strcpy
38 4 1 1 2 0 0 0 0 0
39 3 0 0 1 0 0 0 0 0
42 2 1 1 0 0 0 0 0 0
43 2 0 0 0 0 0 0 0 0
46 3 0 0 0 0 0 0 0 0
49 3 0 0 0 0 0 0 0 0
fl=./string/../sysdeps/x86_64/multiarch/ifunc-strncpy.h
fn=stpncpy
35 5 1 1 2 0 0 0 0 0
36 3 0 0 1 0 0 0 0 0
39 2 0 0 0 0 0 0 0 0
40 2 0 0 0 0 0 0 0 0
43 3 0 0 0 0 0 0 0 0
46 4 0 0 0 0 0 0 0 0
fn=strncpy
35 5 0 0 2 0 0 0 0 0
36 3 1 1 1 0 0 0 0 0
39 2 0 0 0 0 0 0 0 0
40 2 0 0 0 0 0 0 0 0
43 3 0 0 0 0 0 0 0 0
46 4 0 0 0 0 0 0 0 0
fl=./string/../sysdeps/x86_64/multiarch/memchr-avx2.S
fn=__memchr_avx2
68 75 3 1 0 0 0 0 0 0
70 75 0 0 0 0 0 0 0 0
73 75 0 0 0 0 0 0 0 0
74 75 0 0 0 0 0 0 0 0
76 75 0 0 0 0 0 0 0 0
77 75 0 0 0 0 0 0 0 0
78 75 0 0 0 0 0 0 0 0
79 75 0 0 0 0 0 0 0 0
82 75 0 0 75 0 0 0 0 0
83 75 0 0 0 0 0 0 0 0
86 75 0 0 0 0 0 0 0 0
87 75 0 0 0 0 0 0 0 0
101 75 3 1 0 0 0 0 0 0
106 75 0 0 0 0 0 0 0 0
113 75 0 0 0 0 0 0 0 0
114 75 0 0 0 0 0 0 0 0
115 75 0 0 0 0 0 0 0 0
116 75 0 0 75 0 0 0 0 0
fl=./string/../sysdeps/x86_64/multiarch/memchr.c
fn=memchr
29 2 0 0 2 0 0 0 0 0
fl=./string/../sysdeps/x86_64/multiarch/memcmp-avx2-movbe.S
fn=__memcmp_avx2_movbe
80 62 5 2 0 0 0 0 0 0
81 62 0 0 0 0 0 0 0 0
84 1 0 0 1 0 0 0 0 0
85 1 0 0 1 0 0 0 0 0
86 1 0 0 0 0 0 0 0 0
90 1 0 0 0 0 0 0 0 0
91 1 0 0 0 0 0 0 0 0
93 1 1 1 0 0 0 0 0 0
94 1 0 0 0 0 0 0 0 0
97 1 0 0 1 0 0 0 0 0
98 1 0 0 1 0 0 0 0 0
99 1 0 0 0 0 0 0 0 0
102 1 0 0 0 0 0 0 0 0
103 1 0 0 0 0 0 0 0 0
106 1 0 0 0 0 0 0 0 0
107 1 0 0 0 0 0 0 0 0
110 1 0 0 1 0 0 0 0 0
111 1 0 0 1 0 0 0 0 0
112 1 0 0 0 0 0 0 0 0
113 1 0 0 0 0 0 0 0 0
114 1 1 1 0 0 0 0 0 0
115 1 0 0 1 0 0 0 0 0
116 1 0 0 1 0 0 0 0 0
117 1 0 0 0 0 0 0 0 0
118 1 0 0 0 0 0 0 0 0
119 1 0 0 0 0 0 0 0 0
122 1 0 0 0 0 0 0 0 0
123 1 0 0 0 0 0 0 0 0
129 1 0 0 1 0 0 0 0 0
130 1 0 0 1 0 0 0 0 0
131 1 0 0 0 0 0 0 0 0
132 1 0 0 0 0 0 0 0 0
136 1 0 0 1 0 0 0 0 0
137 1 0 0 1 0 0 0 0 0
139 1 0 0 1 0 0 0 0 0
140 1 0 0 1 0 0 0 0 0
141 1 0 0 1 0 0 0 0 0
142 1 0 0 1 0 0 0 0 0
145 1 0 0 0 0 0 0 0 0
146 1 0 0 0 0 0 0 0 0
147 1 0 0 0 0 0 0 0 0
148 1 0 0 0 0 0 0 0 0
149 1 0 0 0 0 0 0 0 0
150 1 0 0 0 0 0 0 0 0
152 2 0 0 1 0 0 0 0 0
156 49 4 2 0 0 0 0 0 0
166 49 0 0 49 0 0 0 0 0
167 49 0 0 49 0 0 0 0 0
168 49 0 0 0 0 0 0 0 0
171 98 4 2 49 0 0 0 0 0
401 61 4 2 0 0 0 0 0 0
402 61 0 0 0 0 0 0 0 0
407 61 0 0 0 0 0 0 0 0
408 61 0 0 0 0 0 0 0 0
409 61 0 0 0 0 0 0 0 0
410 61 0 0 0 0 0 0 0 0
411 61 0 0 0 0 0 0 0 0
414 60 0 0 60 0 0 0 0 0
415 60 0 0 60 3 0 0 0 0
416 60 0 0 0 0 0 0 0 0
417 60 0 0 0 0 0 0 0 0
420 60 0 0 0 0 0 0 0 0
421 60 0 0 0 0 0 0 0 0
422 11 0 0 0 0 0 0 0 0
423 22 0 0 11 0 0 0 0 0
429 1 1 1 0 0 0 0 0 0
430 1 0 0 0 0 0 0 0 0
432 1 0 0 0 0 0 0 0 0
433 1 0 0 0 0 0 0 0 0
463 1 0 0 0 0 0 0 0 0
464 1 0 0 0 0 0 0 0 0
466 1 0 0 1 0 0 0 0 0
476 1 1 1 1 0 0 0 0 0
477 1 0 0 1 0 0 0 0 0
478 1 0 0 0 0 0 0 0 0
479 1 0 0 0 0 0 0 0 0
fl=./string/../sysdeps/x86_64/multiarch/memcmp.c
fn=bcmp
29 6 2 1 2 0 0 0 0 0
fl=./string/../sysdeps/x86_64/multiarch/memmove-vec-unaligned-erms.S
fn=__memcpy_avx_unaligned_erms
264 145 1 1 0 0 0 0 0 0
270 226 3 1 0 0 0 0 0 0
271 226 0 0 0 0 0 0 0 0
273 1 0 0 1 0 0 0 0 0
274 1 0 0 0 0 0 0 0 0
275 1 0 0 0 0 0 0 0 0
313 225 0 0 0 0 0 0 0 0
314 225 0 0 0 0 0 0 0 0
316 167 0 0 0 0 0 0 0 0
317 167 0 0 0 0 0 0 0 0
319 125 0 0 0 0 0 0 0 0
323 125 0 0 0 0 0 0 0 0
324 78 3 1 0 0 0 0 0 0
325 78 0 0 0 0 0 0 0 0
326 78 0 0 78 0 0 0 0 0
327 78 0 0 0 0 0 0 0 0
328 3 0 0 3 0 0 0 0 0
329 3 0 0 0 0 0 3 0 0
331 78 0 0 0 0 0 78 0 0
333 78 0 0 78 0 0 0 0 0
339 47 0 0 47 0 0 0 0 0
340 47 0 0 47 0 0 0 0 0
341 47 0 0 0 0 0 47 2 0
342 47 0 0 0 0 0 47 0 0
343 47 0 0 47 0 0 0 0 0
350 58 1 1 58 2 1 0 0 0
351 58 0 0 58 0 0 0 0 0
352 58 0 0 0 0 0 58 1 1
353 58 0 0 0 0 0 58 0 0
355 58 0 0 58 0 0 0 0 0
372 42 4 2 42 0 0 0 0 0
373 42 0 0 42 0 0 0 0 0
374 42 0 0 0 0 0 42 0 0
375 42 0 0 0 0 0 42 0 0
376 42 0 0 42 0 0 0 0 0
383 1 0 0 1 0 0 0 0 0
384 1 0 0 1 0 0 0 0 0
385 1 0 0 0 0 0 1 1 1
386 1 0 0 0 0 0 1 0 0
387 1 0 0 0 0 0 1 1 1
388 1 0 0 0 0 0 1 0 0
389 2 0 0 1 0 0 0 0 0
394 1 1 1 1 1 1 0 0 0
395 1 0 0 0 0 0 0 0 0
400 1 0 0 0 0 0 0 0 0
401 1 0 0 0 0 0 0 0 0
403 1 0 0 1 0 0 0 0 0
404 1 0 0 0 0 0 0 0 0
405 1 0 0 0 0 0 0 0 0
fn=__mempcpy_avx_unaligned_erms
251 81 3 1 0 0 0 0 0 0
252 81 0 0 0 0 0 0 0 0
253 81 0 0 0 0 0 0 0 0
fn=memcpy
219 33 1 1 0 0 0 0 0 0
225 78 0 0 0 0 0 0 0 0
226 78 0 0 0 0 0 0 0 0
228 33 0 0 33 3 2 0 0 0
229 33 0 0 0 0 0 0 0 0
230 33 0 0 0 0 0 0 0 0
232 16 0 0 16 0 0 0 0 0
233 16 0 0 0 0 0 16 8 8
234 16 0 0 0 0 0 16 0 0
236 16 0 0 16 0 0 0 0 0
316 45 1 1 0 0 0 0 0 0
317 45 0 0 0 0 0 0 0 0
319 13 0 0 0 0 0 0 0 0
323 13 0 0 0 0 0 0 0 0
324 8 0 0 0 0 0 0 0 0
325 8 0 0 0 0 0 0 0 0
326 3 0 0 3 2 2 0 0 0
327 3 0 0 0 0 0 0 0 0
328 2 0 0 2 0 0 0 0 0
329 2 0 0 0 0 0 2 0 0
331 3 0 0 0 0 0 3 1 1
333 8 0 0 8 0 0 0 0 0
339 5 0 0 5 0 0 0 0 0
340 5 0 0 5 0 0 0 0 0
341 5 0 0 0 0 0 5 0 0
342 5 0 0 0 0 0 5 0 0
343 5 0 0 5 0 0 0 0 0
372 32 0 0 32 0 0 0 0 0
373 32 0 0 32 0 0 0 0 0
374 32 0 0 0 0 0 32 7 7
375 32 0 0 0 0 0 32 2 2
376 32 1 1 32 0 0 0 0 0
383 14 0 0 14 0 0 0 0 0
384 14 0 0 14 0 0 0 0 0
385 14 0 0 0 0 0 14 5 5
386 14 0 0 0 0 0 14 2 2
387 14 0 0 0 0 0 14 0 0
388 14 0 0 0 0 0 14 0 0
389 14 0 0 14 0 0 0 0 0
400 17 0 0 0 0 0 0 0 0
401 17 0 0 0 0 0 0 0 0
403 14 0 0 14 0 0 0 0 0
404 14 0 0 0 0 0 0 0 0
405 14 0 0 0 0 0 0 0 0
425 3 1 1 0 0 0 0 0 0
426 3 0 0 0 0 0 0 0 0
430 3 0 0 0 0 0 0 0 0
432 3 1 1 0 0 0 0 0 0
448 3 0 0 0 0 0 0 0 0
451 3 0 0 0 0 0 0 0 0
453 3 0 0 0 0 0 0 0 0
455 3 0 0 0 0 0 0 0 0
459 3 0 0 0 0 0 0 0 0
460 3 0 0 0 0 0 0 0 0
469 3 0 0 3 3 3 0 0 0
470 3 0 0 3 1 1 0 0 0
472 3 0 0 0 0 0 0 0 0
474 3 0 0 0 0 0 0 0 0
475 3 0 0 3 0 0 0 0 0
476 3 0 0 3 2 2 0 0 0
479 3 0 0 0 0 0 0 0 0
481 3 0 0 0 0 0 0 0 0
483 3 0 0 0 0 0 0 0 0
485 3 1 1 0 0 0 0 0 0
491 10 0 0 10 0 0 0 0 0
492 10 0 0 10 4 4 0 0 0
493 10 0 0 10 0 0 0 0 0
494 10 0 0 10 2 2 0 0 0
495 10 0 0 0 0 0 0 0 0
496 10 0 0 0 0 0 10 2 2
497 10 0 0 0 0 0 10 4 4
498 10 0 0 0 0 0 10 0 0
499 10 0 0 0 0 0 10 6 6
500 10 0 0 0 0 0 0 0 0
501 10 0 0 0 0 0 0 0 0
502 10 0 0 0 0 0 0 0 0
504 3 0 0 0 0 0 3 2 2
505 3 0 0 0 0 0 3 0 0
506 3 0 0 0 0 0 3 0 0
507 3 0 0 0 0 0 3 0 0
509 3 0 0 0 0 0 3 0 0
513 3 1 1 3 0 0 0 0 0
fn=mempcpy
206 45 0 0 0 0 0 0 0 0
207 45 0 0 0 0 0 0 0 0
208 45 0 0 0 0 0 0 0 0
fl=./string/../sysdeps/x86_64/multiarch/memrchr.c
fn=memrchr
29 2 0 0 1 0 0 0 0 0
fl=./string/../sysdeps/x86_64/multiarch/memset-vec-unaligned-erms.S
fn=__memset_avx2_unaligned_erms
167 32 4 2 0 0 0 0 0 0
172 16 0 0 0 0 0 0 0 0
173 16 0 0 0 0 0 0 0 0
345 16 4 2 0 0 0 0 0 0
354 16 0 0 0 0 0 0 0 0
355 16 0 0 0 0 0 0 0 0
386 16 4 2 0 0 0 16 2 0
387 16 0 0 0 0 0 16 0 0
388 16 0 0 16 0 0 0 0 0
fl=./string/../sysdeps/x86_64/multiarch/rawmemchr.c
fn=rawmemchr
31 1 0 0 1 0 0 0 0 0
fl=./string/../sysdeps/x86_64/multiarch/stpcpy.c
fn=stpcpy
33 2 1 1 1 0 0 0 0 0
fl=./string/../sysdeps/x86_64/multiarch/stpncpy.c
fn=stpncpy
31 2 1 1 1 0 0 0 0 0
fl=./string/../sysdeps/x86_64/multiarch/strcasecmp.c
fn=strcasecmp
31 2 0 0 1 0 0 0 0 0
fl=./string/../sysdeps/x86_64/multiarch/strcasecmp_l.c
fn=strcasecmp_l
31 2 0 0 1 0 0 0 0 0
fl=./string/../sysdeps/x86_64/multiarch/strcat.c
fn=strcat
29 2 0 0 1 0 0 0 0 0
fl=./string/../sysdeps/x86_64/multiarch/strchr-avx2.S
fn=__strchrnul_avx2
55 161 2 1 0 0 0 0 0 0
56 161 0 0 0 0 0 0 0 0
57 161 0 0 0 0 0 0 0 0
58 161 0 0 0 0 0 0 0 0
59 161 0 0 0 0 0 0 0 0
62 161 0 0 0 0 0 0 0 0
63 161 0 0 0 0 0 0 0 0
67 161 3 1 161 3 3 0 0 0
68 161 0 0 0 0 0 0 0 0
69 161 0 0 0 0 0 0 0 0
70 161 0 0 0 0 0 0 0 0
71 161 0 0 0 0 0 0 0 0
72 161 0 0 0 0 0 0 0 0
73 161 0 0 0 0 0 0 0 0
74 161 0 0 0 0 0 0 0 0
87 161 0 0 0 0 0 0 0 0
89 322 0 0 161 0 0 0 0 0
fl=./string/../sysdeps/x86_64/multiarch/strchr.c
fn=index
42 2 0 0 0 0 0 0 0 0
43 4 1 1 2 0 0 0 0 0
44 3 1 1 1 0 0 0 0 0
47 2 0 0 0 0 0 0 0 0
48 2 0 0 0 0 0 0 0 0
51 3 0 0 0 0 0 0 0 0
54 3 0 0 0 0 0 0 0 0
65 2 1 1 1 0 0 0 0 0
fl=./string/../sysdeps/x86_64/multiarch/strchrnul.c
fn=strchrnul
31 2 0 0 1 0 0 0 0 0
fl=./string/../sysdeps/x86_64/multiarch/strcmp-avx2.S
fn=__strcmp_avx2
249 95 4 2 0 0 0 0 0 0
274 95 0 0 0 0 0 0 0 0
275 95 0 0 0 0 0 0 0 0
276 95 0 0 0 0 0 0 0 0
278 95 0 0 0 0 0 0 0 0
279 95 0 0 0 0 0 0 0 0
283 95 0 0 95 0 0 0 0 0
287 95 0 0 95 3 1 0 0 0
289 95 0 0 0 0 0 0 0 0
291 95 0 0 0 0 0 0 0 0
294 95 0 0 0 0 0 0 0 0
303 95 0 0 0 0 0 0 0 0
304 190 0 0 0 0 0 0 0 0
308 95 5 2 0 0 0 0 0 0
318 95 0 0 95 0 0 0 0 0
319 95 0 0 95 0 0 0 0 0
322 95 0 0 0 0 0 0 0 0
326 190 0 0 95 0 0 0 0 0
953 95 4 2 0 0 0 0 0 0
954 95 0 0 0 0 0 0 0 0
fl=./string/../sysdeps/x86_64/multiarch/strcmp.c
fn=strcmp
47 4 0 0 0 0 0 0 0 0
48 8 2 1 4 2 0 0 0 0
49 6 2 1 2 0 0 0 0 0
52 4 0 0 0 0 0 0 0 0
53 4 2 1 0 0 0 0 0 0
56 6 0 0 0 0 0 0 0 0
59 6 0 0 0 0 0 0 0 0
79 4 0 0 2 0 0 0 0 0
fl=./string/../sysdeps/x86_64/multiarch/strcpy-avx2.S
fn=__stpcpy_avx2
62 1 1 1 0 0 0 0 0 0
69 1 0 0 0 0 0 0 0 0
71 1 0 0 0 0 0 0 0 0
72 1 0 0 0 0 0 0 0 0
73 1 0 0 0 0 0 0 0 0
307 1 1 1 1 0 0 0 0 0
308 1 0 0 1 1 1 0 0 0
309 1 0 0 0 0 0 0 0 0
310 1 0 0 0 0 0 0 0 0
320 1 0 0 0 0 0 0 0 0
321 1 0 0 0 0 0 0 0 0
354 1 1 1 0 0 0 0 0 0
356 1 0 0 0 0 0 0 0 0
357 1 0 0 0 0 0 0 0 0
358 1 0 0 0 0 0 0 0 0
359 1 0 0 0 0 0 0 0 0
360 1 0 0 0 0 0 0 0 0
361 1 0 0 0 0 0 0 0 0
612 1 1 1 1 0 0 0 0 0
613 1 0 0 1 0 0 0 0 0
614 1 0 0 0 0 0 1 0 0
615 1 0 0 0 0 0 1 0 0
617 1 1 1 0 0 0 0 0 0
625 2 0 0 1 0 0 0 0 0
fn=__strcpy_avx2
62 1 1 1 0 0 0 0 0 0
64 1 0 0 0 0 0 0 0 0
69 1 0 0 0 0 0 0 0 0
71 1 0 0 0 0 0 0 0 0
72 1 0 0 0 0 0 0 0 0
73 1 1 1 0 0 0 0 0 0
75 1 0 0 0 0 0 0 0 0
76 1 0 0 0 0 0 0 0 0
78 1 0 0 1 0 0 0 0 0
79 1 0 0 0 0 0 0 0 0
80 1 0 0 0 0 0 0 0 0
94 1 0 0 0 0 0 0 0 0
95 1 0 0 0 0 0 0 0 0
97 1 0 0 1 0 0 0 0 0
98 1 0 0 0 0 0 0 0 0
105 1 0 0 0 0 0 0 0 0
106 1 0 0 0 0 0 0 0 0
108 1 0 0 1 0 0 0 0 0
109 2 0 0 0 0 0 1 0 0
114 1 1 1 0 0 0 0 0 0
120 1 0 0 0 0 0 0 0 0
121 1 0 0 1 0 0 0 0 0
122 1 0 0 0 0 0 1 0 0
123 1 0 0 1 0 0 0 0 0
124 1 0 0 0 0 0 0 0 0
125 1 0 0 0 0 0 0 0 0
126 1 0 0 0 0 0 0 0 0
131 1 0 0 0 0 0 0 0 0
135 1 0 0 0 0 0 0 0 0
138 1 0 0 0 0 0 1 1 1
139 1 0 0 1 0 0 0 0 0
140 1 0 0 0 0 0 0 0 0
141 1 1 1 0 0 0 0 0 0
142 1 0 0 0 0 0 0 0 0
147 1 0 0 0 0 0 0 0 0
151 1 0 0 0 0 0 0 0 0
349 1 1 1 0 0 0 0 0 0
352 1 0 0 0 0 0 0 0 0
354 1 0 0 0 0 0 0 0 0
356 1 0 0 0 0 0 0 0 0
357 1 0 0 0 0 0 0 0 0
358 1 0 0 0 0 0 0 0 0
359 1 0 0 0 0 0 0 0 0
360 1 0 0 0 0 0 0 0 0
361 1 1 1 0 0 0 0 0 0
362 1 0 0 0 0 0 0 0 0
363 1 0 0 0 0 0 0 0 0
595 1 1 1 1 0 0 0 0 0
596 1 0 0 0 0 0 1 0 0
597 1 0 0 1 0 0 0 0 0
598 1 0 0 0 0 0 1 0 0
608 2 0 0 1 0 0 0 0 0
fl=./string/../sysdeps/x86_64/multiarch/strcpy.c
fn=strcpy
29 2 0 0 1 0 0 0 0 0
fl=./string/../sysdeps/x86_64/multiarch/strcspn.c
fn=strcspn
29 1 1 1 1 0 0 0 0 0
fl=./string/../sysdeps/x86_64/multiarch/strlen-avx2.S
fn=__strlen_avx2
65 168 3 2 0 0 0 0 0 0
66 168 0 0 0 0 0 0 0 0
67 168 0 0 0 0 0 0 0 0
70 168 0 0 0 0 0 0 0 0
72 168 0 0 0 0 0 0 0 0
73 168 0 0 0 0 0 0 0 0
76 168 0 0 168 19 12 0 0 0
77 168 0 0 0 0 0 0 0 0
85 168 0 0 0 0 0 0 0 0
86 168 0 0 0 0 0 0 0 0
87 167 0 0 0 0 0 0 0 0
92 334 0 0 167 0 0 0 0 0
168 1 1 1 0 0 0 0 0 0
181 1 0 0 0 0 0 0 0 0
182 1 0 0 0 0 0 0 0 0
183 1 0 0 0 0 0 0 0 0
189 2 0 0 1 0 0 0 0 0
221 1 1 1 0 0 0 0 0 0
236 1 0 0 1 0 0 0 0 0
242 1 0 0 0 0 0 0 0 0
243 1 0 0 0 0 0 0 0 0
244 1 0 0 0 0 0 0 0 0
246 1 0 0 1 0 0 0 0 0
247 1 0 0 0 0 0 0 0 0
248 1 0 0 0 0 0 0 0 0
249 1 0 0 0 0 0 0 0 0
251 1 0 0 1 0 0 0 0 0
252 1 0 0 0 0 0 0 0 0
253 1 0 0 0 0 0 0 0 0
254 1 0 0 0 0 0 0 0 0
fl=./string/../sysdeps/x86_64/multiarch/strlen.c
fn=strlen
29 4 0 0 2 0 0 0 0 0
fl=./string/../sysdeps/x86_64/multiarch/strncase.c
fn=strncasecmp
31 2 0 0 1 0 0 0 0 0
fl=./string/../sysdeps/x86_64/multiarch/strncase_l.c
fn=strncasecmp_l
31 2 0 0 1 0 0 0 0 0
fl=./string/../sysdeps/x86_64/multiarch/strncmp.c
fn=strncmp
43 2 0 0 0 0 0 0 0 0
44 4 1 1 2 0 0 0 0 0
45 3 1 1 1 0 0 0 0 0
48 2 0 0 0 0 0 0 0 0
49 2 0 0 0 0 0 0 0 0
52 3 0 0 0 0 0 0 0 0
55 5 1 1 0 0 0 0 0 0
67 2 0 0 1 0 0 0 0 0
fl=./string/../sysdeps/x86_64/multiarch/strncpy.c
fn=strncpy
29 2 0 0 1 0 0 0 0 0
fl=./string/../sysdeps/x86_64/multiarch/strnlen.c
fn=strnlen
31 4 0 0 2 0 0 0 0 0
fl=./string/../sysdeps/x86_64/multiarch/strpbrk.c
fn=strpbrk
29 1 1 1 1 0 0 0 0 0
fl=./string/../sysdeps/x86_64/multiarch/strrchr-avx2.S
fn=__strrchr_avx2
54 1 1 1 0 0 0 0 0 0
55 1 0 0 0 0 0 0 0 0
57 1 0 0 0 0 0 0 0 0
58 1 0 0 0 0 0 0 0 0
62 1 0 0 0 0 0 0 0 0
63 1 0 0 0 0 0 0 0 0
64 1 0 0 0 0 0 0 0 0
67 1 0 0 1 1 0 0 0 0
69 1 0 0 0 0 0 0 0 0
70 1 0 0 0 0 0 0 0 0
71 1 0 0 0 0 0 0 0 0
72 1 1 1 0 0 0 0 0 0
75 1 0 0 0 0 0 0 0 0
76 1 0 0 0 0 0 0 0 0
78 1 0 0 0 0 0 0 0 0
79 1 0 0 0 0 0 0 0 0
80 1 0 0 0 0 0 0 0 0
81 1 0 0 0 0 0 0 0 0
82 1 0 0 0 0 0 0 0 0
91 2 0 0 1 0 0 0 0 0
fl=./string/../sysdeps/x86_64/multiarch/strrchr.c
fn=rindex
28 2 0 0 1 0 0 0 0 0
fl=./string/../sysdeps/x86_64/multiarch/strspn.c
fn=strspn
29 1 0 0 1 0 0 0 0 0
fl=./string/./string/strdup.c
fn=strdup
40 24 1 1 0 0 0 12 0 0
41 12 0 0 0 0 0 6 0 0
44 12 0 0 0 0 0 0 0 0
47 24 0 0 0 0 0 0 0 0
48 18 0 0 12 0 0 0 0 0
fl=./time/../sysdeps/unix/sysv/linux/clock_gettime.c
fn=clock_gettime@@GLIBC_2.17
38 28262 7 2 28262 7 2 0 0 0
40 28262 0 0 0 0 0 0 0 0
44 14131 0 0 0 0 0 0 0 0
68 28262 5 2 0 0 0 0 0 0
69 28262 0 0 0 0 0 0 0 0
86 14131 0 0 14131 0 0 0 0 0
fl=./wcsmbs/../sysdeps/x86_64/multiarch/ifunc-avx2.h
fn=wcschr
38 4 0 0 0 0 0 0 0 0
40 10 1 1 4 0 0 0 0 0
41 4 1 1 2 0 0 0 0 0
42 6 0 0 2 0 0 0 0 0
45 4 0 0 0 0 0 0 0 0
46 4 0 0 0 0 0 0 0 0
49 6 0 0 0 0 0 0 0 0
52 12 1 1 0 0 0 0 0 0
fn=wcscmp
38 2 1 1 0 0 0 0 0 0
40 5 0 0 2 0 0 0 0 0
41 2 0 0 1 0 0 0 0 0
42 3 0 0 1 0 0 0 0 0
45 2 0 0 0 0 0 0 0 0
46 2 0 0 0 0 0 0 0 0
49 3 0 0 0 0 0 0 0 0
52 6 1 1 0 0 0 0 0 0
fl=./wcsmbs/../sysdeps/x86_64/multiarch/ifunc-evex.h
fn=wmemchr
37 4 0 0 0 0 0 0 0 0
38 10 2 2 4 0 0 0 0 0
39 6 0 0 2 0 0 0 0 0
42 4 0 0 0 0 0 0 0 0
43 4 1 1 0 0 0 0 0 0
45 4 0 0 0 0 0 0 0 0
51 6 0 0 0 0 0 0 0 0
54 8 0 0 0 0 0 0 0 0
fl=./wcsmbs/../sysdeps/x86_64/multiarch/ifunc-memcmp.h
fn=wmemcmp
34 5 1 1 2 0 0 0 0 0
35 2 0 0 1 0 0 0 0 0
36 2 0 0 0 0 0 0 0 0
37 3 0 0 1 0 0 0 0 0
40 2 0 0 0 0 0 0 0 0
41 2 0 0 0 0 0 0 0 0
44 3 0 0 0 0 0 0 0 0
47 4 0 0 0 0 0 0 0 0
fl=./wcsmbs/../sysdeps/x86_64/multiarch/ifunc-wcslen.h
fn=wcslen
40 2 0 0 0 0 0 0 0 0
41 4 1 1 2 0 0 0 0 0
42 3 1 1 1 0 0 0 0 0
45 2 0 0 0 0 0 0 0 0
46 2 0 0 0 0 0 0 0 0
49 3 0 0 0 0 0 0 0 0
52 3 0 0 0 0 0 0 0 0
fn=wcsnlen
40 2 0 0 0 0 0 0 0 0
41 4 1 1 2 0 0 0 0 0
42 3 1 1 1 0 0 0 0 0
45 2 0 0 0 0 0 0 0 0
46 2 0 0 0 0 0 0 0 0
49 3 0 0 0 0 0 0 0 0
52 3 0 0 0 0 0 0 0 0
fl=./wcsmbs/../sysdeps/x86_64/multiarch/ifunc-wmemset.h
fn=wmemset
36 10 1 1 4 0 0 0 0 0
37 6 0 0 2 0 0 0 0 0
fl=./wcsmbs/../sysdeps/x86_64/multiarch/wcschr.c
fn=wcschr
31 4 0 0 2 0 0 0 0 0
fl=./wcsmbs/../sysdeps/x86_64/multiarch/wcscmp.c
fn=wcscmp
30 2 0 0 1 0 0 0 0 0
fl=./wcsmbs/../sysdeps/x86_64/multiarch/wcscpy.c
fn=wcscpy
38 5 1 1 2 0 0 0 0 0
44 1 0 0 1 0 0 0 0 0
fl=./wcsmbs/../sysdeps/x86_64/multiarch/wcslen.c
fn=wcslen
29 2 1 1 1 0 0 0 0 0
fl=./wcsmbs/../sysdeps/x86_64/multiarch/wcsnlen.c
fn=wcsnlen
30 2 1 1 1 0 0 0 0 0
fl=./wcsmbs/../sysdeps/x86_64/multiarch/wmemchr.c
fn=wmemchr
31 2 0 0 2 0 0 0 0 0
fl=./wcsmbs/../sysdeps/x86_64/multiarch/wmemcmp.c
fn=wmemcmp
29 3 1 1 1 0 0 0 0 0
fl=./wcsmbs/../sysdeps/x86_64/multiarch/wmemset.c
fn=wmemset
31 2 1 1 2 0 0 0 0 0
fl=./wcsmbs/./wcsmbs/btowc.c
fn=btowc
32 1792 1 1 256 0 0 1024 0 0
37 1792 1 1 0 0 0 0 0 0
42 512 0 0 0 0 0 0 0 0
46 384 1 1 384 1 0 0 0 0
47 256 0 0 256 1 0 0 0 0
49 256 0 0 128 1 0 0 0 0
54 512 1 1 128 0 0 0 0 0
57 1152 0 0 384 0 0 128 0 0
98 1536 0 0 1152 0 0 0 0 0
fl=./wcsmbs/./wcsmbs/wctob.c
fn=wctob
30 896 2 2 128 0 0 512 0 0
39 384 0 0 0 0 0 0 0 0
44 256 0 0 0 0 0 0 0 0
45 128 0 0 0 0 0 0 0 0
81 1024 0 0 768 0 0 0 0 0
fl=./wcsmbs/./wcsmbsload.h
fn=btowc
69 128 0 0 128 1 0 0 0 0
70 384 0 0 128 1 0 0 0 0
fl=./wctype/./wctype/wctype_l.c
fn=wctype_l
26 90 1 1 0 0 0 60 0 0
29 20 0 0 0 0 0 10 0 0
32 20 0 0 20 1 0 0 0 0
33 68 0 0 0 0 0 0 0 0
35 174 1 1 0 0 0 58 0 0
37 410 0 0 0 0 0 49 0 0
40 48 0 0 0 0 0 0 0 0
41 96 0 0 48 0 0 0 0 0
45 10 0 0 10 1 0 0 0 0
46 10 0 0 10 2 0 0 0 0
47 80 1 1 70 0 0 0 0 0
fl=/home/olaf/codingame/main.cpp
fn=_GLOBAL__sub_I_PLAYER_IDX
132 7 2 2 2 1 0 2 0 0
fn=__static_initialization_and_destruction_0(int, int)
132 12 0 0 4 0 0 3 0 0
fn=main
22 13 2 2 1 0 0 8 0 0
24 2 0 0 0 0 0 1 0 0
26 3 0 0 0 0 0 1 0 0
27 2 0 0 0 0 0 1 0 0
28 3 1 1 0 0 0 1 0 0
29 2 0 0 0 0 0 1 0 0
35 10 3 1 3 0 0 4 0 0
39 68 4 2 20 3 1 0 0 0
40 36 0 0 0 0 0 12 0 0
44 144 4 2 36 0 0 36 0 0
46 48 0 0 24 0 0 12 0 0
50 108 4 2 0 0 0 36 0 0
52 48 0 0 24 0 0 12 0 0
56 108 4 2 0 0 0 36 0 0
58 48 0 0 24 0 0 12 0 0
62 108 0 0 0 0 0 36 0 0
64 48 4 2 24 0 0 12 0 0
68 12 0 0 4 0 0 0 0 0
73 4 0 0 4 0 0 0 0 0
74 8 0 0 4 0 0 0 0 0
76 120 9 5 20 0 0 0 0 0
77 32 0 0 0 0 0 16 0 0
80 336 0 0 0 0 0 0 0 0
81 224 0 0 0 0 0 112 0 0
83 32 0 0 0 0 0 16 0 0
91 6 0 0 3 3 1 3 0 0
97 15 3 2 0 0 0 3 0 0
107 9 3 1 6 0 0 0 0 0
108 15 0 0 3 0 0 6 0 0
123 51 0 0 12 0 0 0 0 0
130 3 0 0 0 0 0 0 0 0
fl=/home/olaf/codingame/mcts.hpp
fn=MCTS::mcts(MCTSNode*, State&, float&, float&, float&)
28 9322 0 0 0 0 0 9322 6002 1124
29 18644 0 0 0 0 0 9322 284 0
31 18644 0 0 0 0 0 0 0 0
33 55932 1 1 0 0 0 18644 6347 6347
34 18644 0 0 0 0 0 18644 4981 4981
35 37288 1 1 0 0 0 18644 1453 1453
41 17016 1 1 2127 0 0 2127 0 0
42 408384 1 1 0 0 0 0 0 0
43 142509 0 0 0 0 0 138255 136128 136128
64 9766 0 0 0 0 0 0 0 0
65 915178 4 4 277425 4612 3 0 0 0
73 123930 2 2 61965 0 0 0 0 0
74 327478 2 2 0 0 0 0 0 0
75 495720 1 1 0 0 0 0 0 0
77 495720 2 2 247860 1472 1 0 0 0
78 1053405 4 4 61965 0 0 0 0 0
79 247860 0 0 247860 136 0 0 0 0
81 495720 1 1 247860 0 0 0 0 0
82 929022 6 6 247709 0 0 0 0 0
85 453 0 0 0 0 0 0 0 0
94 455911 4 4 61965 0 0 0 0 0
104 25538 0 0 0 0 0 0 0 0
105 51076 1 1 0 0 0 0 0 0
106 25538 1 1 0 0 0 0 0 0
108 153228 0 0 25538 0 0 0 0 0
110 76614 0 0 25538 10517 25 0 0 0
118 255380 0 0 76614 354 1 0 0 0
120 255380 0 0 76614 0 0 0 0 0
121 76614 0 0 0 0 0 0 0 0
122 153228 0 0 0 0 0 76614 0 0
123 255380 2 2 0 0 0 76614 0 0
125 229842 0 0 76614 1394 6 76614 0 0
130 102152 0 0 0 0 0 0 0 0
131 25538 0 0 0 0 0 0 0 0
137 25538 0 0 25538 0 0 0 0 0
158 512148 0 0 0 0 0 219492 0 0
165 109746 0 0 36582 0 0 0 0 0
173 1061802 4 4 0 0 0 117978 131 1
177 55220 0 0 0 0 0 11044 0 0
178 11044 0 0 11044 0 0 0 0 0
182 76614 0 0 25538 428 1 0 0 0
188 178766 1 1 0 0 0 76614 22 1
189 51076 0 0 0 0 0 0 0 0
190 153228 0 0 25538 4631 1 25538 0 0
192 178766 0 0 51076 0 0 25538 0 0
194 127690 1 1 127690 0 0 0 0 0
195 292656 0 0 256074 0 0 0 0 0
fn=main
28 4802 0 0 0 0 0 4802 2999 696
29 4802 0 0 0 0 0 4802 165 2
31 4672 0 0 0 0 0 0 0 0
33 19208 2 2 0 0 0 14406 3292 3051
35 24007 12 8 0 0 0 9604 3272 3122
41 6201 8 6 885 0 0 888 0 0
42 170508 3 2 0 0 0 0 0 0
43 59496 5 4 0 0 0 57720 56832 49314
52 60 3 1 15 0 0 0 0 0
54 39 9 3 3 0 0 0 0 0
64 153938 5 5 0 0 0 0 0 0
65 2071519 54 40 611877 1998 34 0 0 0
73 449028 9 6 149676 0 0 0 0 0
74 129202 7 6 0 0 0 0 0 0
75 1646436 30 24 0 0 0 0 0 0
77 1841502 18 15 598704 1016 4 0 0 0
78 2544492 43 34 149676 0 0 0 0 0
79 598704 9 8 598704 108 1 0 0 0
81 1197408 15 12 598704 0 0 0 0 0
82 2391055 32 24 597763 0 0 0 0 0
85 2331 0 0 0 0 0 0 0 0
94 1545498 33 27 149676 0 0 0 0 0
104 118264 5 4 0 0 0 0 0 0
105 105400 7 4 0 0 0 0 0 0
108 175080 11 8 52023 0 0 0 0 0
110 279006 9 6 52023 6856 162 0 0 0
118 834490 20 14 156069 165 3 0 0 0
120 633936 8 6 156069 0 0 0 0 0
121 156069 0 0 0 0 0 0 0 0
122 312138 0 0 0 0 0 156069 0 0
123 482328 5 4 0 0 0 156069 0 0
125 468207 4 4 156069 563 24 156069 0 0
130 132288 0 0 0 0 0 0 0 0
131 75931 0 0 0 0 0 0 0 0
137 89928 1 1 52026 0 0 0 0 0
138 52026 0 0 0 0 0 0 0 0
142 51 3 1 0 0 0 0 0 0
143 45 3 1 0 0 0 18 0 0
144 117 0 0 0 0 0 0 0 0
165 247267 9 5 55103 0 0 0 0 0
173 550410 6 4 55041 0 0 55041 0 0
177 15385 0 0 9231 0 0 3077 0 0
178 6154 3 2 3077 0 0 0 0 0
179 3077 0 0 0 0 0 0 0 0
182 104046 3 2 52023 115 0 0 0 0
188 326259 2 2 52023 0 0 63067 12 1
189 104046 0 0 0 0 0 0 0 0
190 230180 0 0 52023 3931 38 11044 0 0
192 77308 2 2 44176 0 0 11044 0 0
194 146409 15 10 105430 0 0 0 0 0
199 6 0 0 0 0 0 3 0 0
200 3 0 0 0 0 0 3 0 0
203 3 0 0 0 0 0 3 0 0
204 6 0 0 0 0 0 0 0 0
207 3 0 0 3 0 0 0 0 0
211 28245 0 0 14124 0 0 0 0 0
218 960432 20 14 480216 0 0 480216 3 1
221 56490 0 0 14124 0 0 0 0 0
222 14121 0 0 14121 0 0 0 0 0
fl=/home/olaf/codingame/minigames/../random.hpp
fn=MCTS::mcts(MCTSNode*, State&, float&, float&, float&)
13 353934 2 2 117978 0 0 117978 0 0
14 471912 0 0 0 0 0 0 0 0
15 471912 0 0 0 0 0 0 0 0
16 471912 0 0 0 0 0 0 0 0
fn=State::play(signed char, signed char, signed char)
13 606414 4 3 202138 0 0 202138 0 0
14 808552 0 0 0 0 0 0 0 0
15 808552 1 1 0 0 0 0 0 0
16 808552 0 0 0 0 0 0 0 0
fn=main
13 165123 9 6 55041 3 1 55041 0 0
14 220164 0 0 0 0 0 0 0 0
15 220164 0 0 0 0 0 0 0 0
16 220164 6 4 0 0 0 0 0 0
fl=/home/olaf/codingame/minigames/../utils.hpp
fn=MCTS::mcts(MCTSNode*, State&, float&, float&, float&)
25 309825 1 1 123930 0 0 0 0 0
26 186348 1 1 0 0 0 0 0 0
fn=main
9 90 0 0 0 0 0 0 0 0
12 75 4 3 0 0 0 0 0 0
15 62 2 2 4 0 0 0 0 0
18 32 5 3 3 0 0 3 3 0
22 5 0 0 0 0 0 1 0 0
25 748380 17 14 299352 3 1 0 0 0
26 451851 10 8 0 0 0 0 0 0
fl=/home/olaf/codingame/minigames/archery.hpp
fn=State::get_stats(float&, float&, float&)
79 381267 3 2 84726 0 0 0 0 0
83 134315 3 1 0 0 0 0 0 0
87 46805 3 2 0 0 0 0 0 0
fn=State::play(signed char, signed char, signed char)
97 501160 0 0 0 0 0 0 0 0
104 337572 0 0 168786 0 0 0 0 0
107 3375720 0 0 1181502 3 2 506358 0 0
108 2363004 2 2 1012716 0 0 506358 0 0
110 1020577 3 2 0 0 0 5183 0 0
112 1002352 6 4 0 0 0 1 0 0
114 1014378 2 2 0 0 0 1029 0 0
116 1010722 5 3 0 0 0 32 0 0
119 337572 0 0 0 0 0 0 0 0
120 14124 0 0 0 0 0 14124 0 0
123 463986 0 0 0 0 0 154662 0 0
fn=main
128 1316 4 2 820 0 0 4 0 0
129 9020 0 0 0 0 0 1476 92 46
133 36 0 0 4 0 0 8 0 0
144 1492 4 2 16 0 0 0 0 0
147 2460 0 0 328 0 0 0 0 0
149 22312 24 12 4444 16 8 20 1 0
151 26700 61 32 3772 6 2 3488 33 9
153 8856 0 0 0 0 0 0 0 0
154 5044 4 2 492 0 0 2420 421 210
155 8816 12 6 1476 0 0 1928 24 12
158 4140 4 2 0 0 0 0 0 0
159 11788 24 12 2496 0 0 1512 89 43
162 13776 8 4 1312 0 0 656 332 166
170 264 4 2 165 0 0 15 0 0
171 13312 3 2 5280 0 0 32 0 0
172 591712 3 2 0 0 0 53792 0 0
177 128 3 2 96 15 0 0 0 0
179 14432 3 2 1312 0 0 0 0 0
184 165705 3 2 64 0 0 6947 835 574
185 53792 0 0 0 0 0 53792 3363 2312
186 53792 0 0 0 0 0 53792 3363 2312
188 5248 3 2 2624 0 0 0 0 0
189 107584 0 0 0 0 0 0 0 0
192 34112 3 2 10496 0 0 0 0 0
194 645504 3 2 0 0 0 0 0 0
196 1549600 16 10 216480 51 0 53856 0 0
198 430336 0 0 0 0 0 0 0 0
199 86678 3 2 0 0 0 86678 0 0
200 140470 0 0 0 0 0 86678 0 0
203 128490 3 2 0 0 0 0 0 0
204 63310 2 0 63310 0 0 0 0 0
207 813504 3 2 216512 63 0 107616 0 0
fl=/home/olaf/codingame/minigames/diving.hpp
fn=State::get_stats(float&, float&, float&)
31 143741 6 4 42363 0 0 0 0 0
35 36150 3 2 0 0 0 0 0 0
fn=State::play(signed char, signed char, signed char)
57 501160 0 0 0 0 0 0 0 0
62 2813604 3 2 823440 0 0 276587 0 0
63 430968 1 1 215484 0 0 0 0 0
64 430968 0 0 215484 0 0 215484 0 0
67 617580 0 0 0 0 0 0 0 0
71 746605 0 0 205860 0 0 125509 0 0
72 28248 0 0 0 0 0 14124 0 0
75 383472 3 2 0 0 0 191736 0 0
76 383472 0 0 0 0 0 191736 0 0
fl=/home/olaf/codingame/minigames/hurdle_race.hpp
fn=State::get_stats(float&, float&, float&)
41 130318 7 4 33011 0 0 0 0 0
45 126298 4 3 17885 0 0 0 0 0
fn=State::play(signed char, signed char, signed char)
41 4914 2 2 1404 0 0 0 0 0
42 2106 0 0 0 0 0 2106 0 0
45 11232 3 2 2106 0 0 0 0 0
56 7722 0 0 702 323 40 702 0 0
59 702 0 0 0 0 0 702 0 0
60 702 0 0 0 0 0 702 0 0
63 702 0 0 0 0 0 702 0 0
67 501160 3 2 0 0 0 0 0 0
71 2721 0 0 0 0 0 0 0 0
72 2212506 0 0 737502 0 0 0 0 0
73 332966 0 0 0 0 0 166483 0 0
76 1142038 0 0 0 0 0 0 0 0
77 1036082 8 6 571019 0 0 155021 0 0
80 831996 1 1 0 0 0 0 0 0
81 309118 0 0 0 0 0 154559 0 0
84 522878 4 3 0 0 0 0 0 0
85 522878 6 5 0 0 0 261439 0 0
86 495459 5 3 378449 0 0 117010 70 2
90 305253 0 0 0 0 0 101751 0 0
95 288858 0 0 144429 0 0 144429 59 1
99 154837 0 0 0 0 0 13041 0 0
100 267186 0 0 133593 0 0 133593 0 0
104 361656 4 3 0 0 0 120552 0 0
109 1373346 3 3 841463 0 0 531883 130 1
110 168206 0 0 0 0 0 84103 0 0
113 973832 0 0 0 0 0 0 0 0
114 30953 0 0 0 0 0 16837 0 0
fn=main
125 3 0 0 0 0 0 3 3 2
127 3 0 0 0 0 0 3 0 0
129 3 0 0 0 0 0 3 3 2
131 3 0 0 0 0 0 3 3 2
133 18 3 2 0 0 0 6 0 0
135 345 0 0 0 0 0 42 0 0
137 87 6 4 0 0 0 87 3 2
138 210 0 0 0 0 0 126 3 2
139 87 3 2 0 0 0 87 0 0
146 16 0 0 0 0 0 0 0 0
149 261 3 2 87 0 0 0 0 0
150 421 3 2 0 0 0 0 0 0
155 445 6 4 35 0 0 0 0 0
158 138 0 0 45 0 0 42 0 0
159 180 0 0 0 0 0 0 0 0
165 174 0 0 0 0 0 0 0 0
166 15 0 0 0 0 0 0 0 0
173 129 3 2 0 0 0 42 0 0
179 174 0 0 0 0 0 0 0 0
180 8 0 0 0 0 0 0 0 0
184 158 0 0 35 0 0 0 0 0
185 16 0 0 0 0 0 0 0 0
188 49 6 4 0 0 0 0 0 0
189 340 0 0 34 0 0 0 0 0
191 77 0 0 37 0 0 0 0 0
198 1603 6 4 348 0 0 168 0 0
199 119 7 5 0 0 0 119 0 0
200 133 0 0 0 0 0 119 0 0
203 229 9 6 0 0 0 0 0 0
204 176 2 2 155 0 0 0 0 0
207 1344 9 6 306 0 0 258 0 0
fl=/home/olaf/codingame/minigames/roller_skating.hpp
fn=State::get_stats(float&, float&, float&)
114 56484 0 0 28242 0 0 0 0 0
115 56484 0 0 28242 0 0 0 0 0
116 56484 3 2 28242 0 0 0 0 0
118 254178 3 2 0 0 0 0 0 0
122 148587 4 3 0 0 0 0 0 0
fn=State::play(signed char, signed char, signed char)
150 501160 0 0 0 0 0 0 0 0
155 1940040 4 4 646680 0 0 0 0 0
156 401282 2 0 0 0 0 200641 0 0
159 1338117 3 2 446039 0 0 0 0 0
161 1338117 0 0 446039 0 0 446039 0 0
163 892078 0 0 0 0 0 0 0 0
164 205492 0 0 0 0 0 102746 0 0
165 205492 0 0 0 0 0 102746 0 0
168 686586 5 4 0 0 0 0 0 0
169 309594 3 2 0 0 0 103198 0 0
172 480190 0 0 0 0 0 0 0 0
173 232076 0 0 0 0 0 116038 0 0
174 348114 0 0 0 0 0 116038 0 0
177 892078 4 4 0 0 0 0 0 0
178 148488 0 0 0 0 0 74244 0 0
179 122654 0 0 74244 0 0 0 0 0
184 1691622 2 1 552858 0 0 0 0 0
185 86748 1 1 0 0 0 43374 0 0
188 1010110 3 2 125870 0 0 0 0 0
189 134048 0 0 0 0 0 67024 0 0
192 1266453 0 0 506171 0 0 0 0 0
193 132414 0 0 0 0 0 66207 0 0
197 1293360 3 2 646680 0 0 0 0 0
198 98882 0 0 0 0 0 98882 0 0
202 646680 0 0 215560 0 0 0 0 0
203 14124 0 0 0 0 0 14124 0 0
207 402872 1 0 0 0 0 201436 0 0
209 2417232 1 0 201436 0 0 201436 0 0
fl=/home/olaf/codingame/state.hpp
fn=MCTS::mcts(MCTSNode*, State&, float&, float&, float&)
38 60244 0 0 30122 0 0 0 0 0
39 60244 2 2 30122 0 0 0 0 0
40 44176 0 0 22088 0 0 0 0 0
41 618240 2 2 309120 0 0 0 0 0
fn=State::get_stats(float&, float&, float&)
46 56484 3 1 0 0 0 28242 0 0
50 28242 0 0 14121 0 0 0 0 0
53 98847 3 2 28242 0 0 14121 0 0
57 28242 0 0 14121 0 0 0 0 0
60 95613 4 3 29859 0 0 14121 0 0
64 28242 0 0 14121 0 0 0 0 0
67 112968 0 0 28242 0 0 14121 0 0
71 28242 0 0 14121 0 0 0 0 0
73 14121 0 0 0 0 0 0 0 0
74 84316 5 4 39775 3 2 14121 0 0
78 42363 0 0 0 0 0 0 0 0
79 42363 0 0 0 0 0 0 0 0
80 42363 0 0 0 0 0 0 0 0
84 28242 0 0 0 0 0 0 0 0
88 112968 0 0 0 0 0 14121 0 0
89 84726 0 0 0 0 0 14121 0 0
90 70605 0 0 0 0 0 14121 0 0
114 42363 0 0 42363 0 0 0 0 0
fn=State::play(signed char, signed char, signed char)
352 1754060 0 0 0 0 0 1503480 11 1
355 751740 0 0 0 0 0 751740 0 0
357 250580 3 2 250580 0 0 0 0 0
358 250580 0 0 250580 0 0 0 0 0
359 250580 0 0 250580 0 0 0 0 0
360 250580 0 0 250580 0 0 0 0 0
366 250580 0 0 250580 0 0 0 0 0
368 515398 0 0 4746 0 0 0 0 0
371 4914 0 0 1404 0 0 702 0 0
375 2106 0 0 0 0 0 702 0 0
378 746542 0 0 81794 0 0 0 0 0
388 606220 0 0 35020 0 0 0 0 0
398 635320 0 0 44720 0 0 0 0 0
407 1754060 0 0 1754060 0 0 0 0 0
fn=main
38 7618 0 0 3809 0 0 0 0 0
39 6214 0 0 3107 0 0 0 0 0
40 6160 0 0 3080 0 0 0 0 0
41 449816 32 20 229528 0 0 0 0 0
119 8 0 0 0 0 0 0 0 0
120 1 1 0 0 0 0 1 0 0
122 1 0 0 0 0 0 1 0 0
125 7 3 2 0 0 0 3 0 0
126 116 10 10 0 0 0 2 0 0
127 90 8 8 28 0 0 0 0 0
128 79 7 7 12 4 4 0 0 0
133 15 0 0 9 0 0 6 0 0
134 21 6 4 9 0 0 9 1 1
137 12 0 0 0 0 0 6 0 0
148 3 0 0 0 0 0 3 0 0
151 8 0 0 0 0 0 0 0 0
157 12 0 0 0 0 0 8 0 0
159 44 5 4 0 0 0 0 0 0
160 64 4 2 23 2 1 8 1 0
164 24 0 0 12 0 0 12 0 0
165 24 4 2 12 0 0 12 0 0
168 12 0 0 0 0 0 4 0 0
178 4 1 0 0 0 0 4 0 0
181 8 0 0 0 0 0 0 0 0
189 21 5 3 9 0 0 3 0 0
193 72 9 6 9 3 0 9 3 1
194 45 0 0 0 0 0 9 0 0
196 18 0 0 9 0 0 9 0 0
199 6 0 0 3 0 0 3 0 0
202 3 0 0 0 0 0 3 0 0
210 3 0 0 0 0 0 3 0 0
213 6 3 2 0 0 0 0 0 0
214 6 0 0 6 0 0 0 0 0
218 3 3 2 0 0 0 3 0 0
220 3 0 0 0 0 0 3 0 0
221 156 0 0 3 0 0 0 0 0
222 123 8 5 63 0 0 0 0 0
226 18 0 0 9 2 0 9 0 0
227 18 0 0 9 1 0 9 0 0
230 3 0 0 0 0 0 3 0 0
238 3 3 2 0 0 0 3 0 0
240 11 4 2 0 0 0 0 0 0
fl=/home/olaf/codingame/timer.hpp
fn=main
10 20 4 2 0 0 0 14 1 1
11 3 0 0 0 0 0 0 0 0
15 14127 0 0 0 0 0 14127 0 0
fl=/usr/include/c++/12/bits/basic_ios.h
fn=main
49 6 0 0 0 0 0 0 0 0
450 6 3 1 6 0 0 0 0 0
fl=/usr/include/c++/12/bits/basic_string.h
fn=main
200 24 3 1 0 0 0 12 0 0
204 12 0 0 0 0 0 12 3 1
229 40 7 3 0 0 0 40 2 2
234 106 5 3 72 3 0 0 0 0
241 62 0 0 0 0 0 25 0 0
285 108 3 2 0 0 0 0 0 0
292 4 0 0 2 0 0 0 0 0
420 24 6 2 0 0 0 0 0 0
795 72 6 2 0 0 0 36 0 0
1064 10 4 2 10 0 0 0 0 0
1071 12 0 0 12 0 0 0 0 0
3601 34 0 0 4 0 0 15 3 0
3888 15 0 0 6 0 0 3 0 0
fn=std::__cxx11::basic_string<char, std::char_traits<char>, std::allocator<char> >::_Alloc_hider::~_Alloc_hider()
192 216 8 4 72 0 0 72 0 0
fl=/usr/include/c++/12/bits/basic_string.tcc
fn=main
221 12 0 0 0 0 0 12 0 0
223 24 0 0 0 0 0 0 0 0
247 12 0 0 12 0 0 0 0 0
fl=/usr/include/c++/12/bits/char_traits.h
fn=main
354 40 3 1 0 0 0 40 0 0
425 24 3 1 0 0 0 0 0 0
431 54 9 3 0 0 0 27 3 1
fl=/usr/include/c++/12/bits/chrono.h
fn=main
212 84762 6 2 0 0 0 0 0 0
650 28254 0 0 14127 3 1 0 0 0
fl=/usr/include/c++/12/bits/ios_base.h
fn=main
752 66 0 0 66 0 0 0 0 0
fl=/usr/include/c++/12/bits/locale_facets.h
fn=main
882 6 0 0 3 0 0 0 0 0
fl=/usr/include/c++/12/bits/new_allocator.h
fn=main
120 12 0 0 0 0 0 0 0 0
137 49 0 0 0 0 0 15 0 0
158 38 0 0 0 0 0 38 0 0
fn=std::vector<int, std::allocator<int> >* std::__do_uninit_copy<__gnu_cxx::__normal_iterator<std::vector<int, std::allocator<int> > const*, std::vector<std::vector<int, std::allocator<int> >, std::allocator<std::vector<int, std::allocator<int> > > > >, std::vector<int, std::allocator<int> >*>(__gnu_cxx::__normal_iterator<std::vector<int, std::allocator<int> > const*, std::vector<std::vector<int, std::allocator<int> >, std::allocator<std::vector<int, std::allocator<int> > > > >, __gnu_cxx::__normal_iterator<std::vector<int, std::allocator<int> > const*, std::vector<std::vector<int, std::allocator<int> >, std::allocator<std::vector<int, std::allocator<int> > > > >, std::vector<int, std::allocator<int> >*)
120 40 4 2 0 0 0 0 0 0
137 48 0 0 0 0 0 16 0 0
fn=std::vector<int, std::allocator<int> >::_M_default_append(unsigned long)
137 80 0 0 0 0 0 16 0 0
fl=/usr/include/c++/12/bits/stl_algobase.h
fn=State::get_stats(float&, float&, float&)
259 621324 12 8 183573 0 0 0 0 0
fn=std::vector<int, std::allocator<int> >* std::__do_uninit_copy<__gnu_cxx::__normal_iterator<std::vector<int, std::allocator<int> > const*, std::vector<std::vector<int, std::allocator<int> >, std::allocator<std::vector<int, std::allocator<int> > > > >, std::vector<int, std::allocator<int> >*>(__gnu_cxx::__normal_iterator<std::vector<int, std::allocator<int> > const*, std::vector<std::vector<int, std::allocator<int> >, std::allocator<std::vector<int, std::allocator<int> > > > >, __gnu_cxx::__normal_iterator<std::vector<int, std::allocator<int> > const*, std::vector<std::vector<int, std::allocator<int> >, std::allocator<std::vector<int, std::allocator<int> > > > >, std::vector<int, std::allocator<int> >*)
429 32 0 0 0 0 0 0 0 0
430 32 0 0 0 0 0 0 0 0
431 64 0 0 0 0 0 16 0 0
432 32 0 0 0 0 0 16 0 0
fn=std::vector<int, std::allocator<int> >::_M_default_append(unsigned long)
259 32 0 0 0 0 0 0 0 0
922 112 0 0 32 0 0 48 0 0
1114 32 0 0 0 0 0 0 0 0
1119 16 0 0 0 0 0 0 0 0
fl=/usr/include/c++/12/bits/stl_construct.h
fn=main
162 171 3 1 0 0 0 0 0 0
fn=std::vector<int, std::allocator<int> >::_M_default_append(unsigned long)
119 16 0 0 0 0 0 16 0 0
fl=/usr/include/c++/12/bits/stl_iterator.h
fn=main
1073 8 0 0 8 0 0 0 0 0
fn=std::vector<int, std::allocator<int> >* std::__do_uninit_copy<__gnu_cxx::__normal_iterator<std::vector<int, std::allocator<int> > const*, std::vector<std::vector<int, std::allocator<int> >, std::allocator<std::vector<int, std::allocator<int> > > > >, std::vector<int, std::allocator<int> >*>(__gnu_cxx::__normal_iterator<std::vector<int, std::allocator<int> > const*, std::vector<std::vector<int, std::allocator<int> >, std::allocator<std::vector<int, std::allocator<int> > > > >, __gnu_cxx::__normal_iterator<std::vector<int, std::allocator<int> > const*, std::vector<std::vector<int, std::allocator<int> >, std::allocator<std::vector<int, std::allocator<int> > > > >, std::vector<int, std::allocator<int> >*)
1073 32 0 0 32 0 0 0 0 0
fl=/usr/include/c++/12/bits/stl_uninitialized.h
fn=main
137 4 0 0 0 0 0 4 0 0
637 100 4 2 0 0 0 0 0 0
fn=std::vector<int, std::allocator<int> >* std::__do_uninit_copy<__gnu_cxx::__normal_iterator<std::vector<int, std::allocator<int> > const*, std::vector<std::vector<int, std::allocator<int> >, std::allocator<std::vector<int, std::allocator<int> > > > >, std::vector<int, std::allocator<int> >*>(__gnu_cxx::__normal_iterator<std::vector<int, std::allocator<int> > const*, std::vector<std::vector<int, std::allocator<int> >, std::allocator<std::vector<int, std::allocator<int> > > > >, __gnu_cxx::__normal_iterator<std::vector<int, std::allocator<int> > const*, std::vector<std::vector<int, std::allocator<int> >, std::allocator<std::vector<int, std::allocator<int> > > > >, std::vector<int, std::allocator<int> >*)
113 32 4 2 0 0 0 24 0 0
116 4 0 0 0 0 0 0 0 0
119 80 0 0 0 0 0 0 0 0
128 36 4 2 28 0 0 0 0 0
fn=std::vector<int, std::allocator<int> >::_M_default_append(unsigned long)
1104 32 0 0 16 0 0 0 0 0
1105 32 4 2 0 0 0 0 0 0
fl=/usr/include/c++/12/bits/stl_vector.h
fn=main
100 81 8 4 0 0 0 42 4 1
367 108 6 4 72 6 0 0 0 0
368 72 6 4 12 0 0 36 0 0
378 28 4 2 0 0 0 0 0 0
386 72 1 0 0 0 0 0 0 0
395 20 4 2 0 0 0 12 0 0
397 28 4 2 0 0 0 12 0 0
600 4 0 0 0 0 0 4 0 0
730 150 9 6 63 0 0 9 0 0
988 88 8 4 40 0 0 0 0 0
1010 32 0 0 0 0 0 0 0 0
1011 52 0 0 0 0 0 16 0 0
1124 435 4 2 259 0 0 0 0 0
1143 71 17 10 49 9 2 8 1 0
1687 3 0 0 0 0 0 3 0 0
1688 9 0 0 0 0 0 6 0 0
1689 6 0 0 3 0 0 3 0 0
1712 8 0 0 0 0 0 8 0 0
1904 24 0 0 0 0 0 0 0 0
fn=std::_Vector_base<int, std::allocator<int> >::_Vector_impl::~_Vector_impl()
133 144 3 2 48 0 0 48 0 0
fn=std::_Vector_base<std::__cxx11::basic_string<char, std::char_traits<char>, std::allocator<char> >, std::allocator<std::__cxx11::basic_string<char, std::char_traits<char>, std::allocator<char> > > >::_Vector_impl::~_Vector_impl()
133 36 3 1 12 0 0 12 0 0
fn=std::_Vector_base<std::vector<int, std::allocator<int> >, std::allocator<std::vector<int, std::allocator<int> > > >::_Vector_impl::~_Vector_impl()
133 36 0 0 12 0 0 12 0 0
fn=std::vector<int, std::allocator<int> >* std::__do_uninit_copy<__gnu_cxx::__normal_iterator<std::vector<int, std::allocator<int> > const*, std::vector<std::vector<int, std::allocator<int> >, std::allocator<std::vector<int, std::allocator<int> > > > >, std::vector<int, std::allocator<int> >*>(__gnu_cxx::__normal_iterator<std::vector<int, std::allocator<int> > const*, std::vector<std::vector<int, std::allocator<int> >, std::allocator<std::vector<int, std::allocator<int> > > > >, __gnu_cxx::__normal_iterator<std::vector<int, std::allocator<int> > const*, std::vector<std::vector<int, std::allocator<int> >, std::allocator<std::vector<int, std::allocator<int> > > > >, std::vector<int, std::allocator<int> >*)
100 48 0 0 0 0 0 32 4 2
378 16 0 0 0 0 0 0 0 0
395 48 0 0 0 0 0 16 0 0
397 32 0 0 0 0 0 16 0 0
988 32 4 2 32 0 0 0 0 0
fn=std::vector<int, std::allocator<int> >::_M_default_append(unsigned long)
386 32 0 0 0 0 0 0 0 0
988 80 0 0 32 0 0 0 0 0
1893 32 0 0 0 0 0 0 0 0
1896 16 0 0 0 0 0 0 0 0
1897 48 4 2 0 0 0 0 0 0
fl=/usr/include/c++/12/bits/vector.tcc
fn=std::vector<int, std::allocator<int> >::_M_default_append(unsigned long)
626 144 0 0 0 0 0 96 0 0
629 32 1 1 0 0 0 0 0 0
633 48 0 0 16 0 0 0 0 0
635 48 4 2 0 0 0 0 0 0
638 32 4 2 0 0 0 0 0 0
655 16 4 2 0 0 0 0 0 0
663 16 0 0 16 0 0 0 0 0
693 16 0 0 0 0 0 16 0 0
694 32 0 0 0 0 0 16 0 0
695 32 0 0 0 0 0 16 0 0
698 128 0 0 112 0 0 0 0 0
fl=/usr/include/c++/12/iostream
fn=__static_initialization_and_destruction_0(int, int)
74 10 0 0 1 1 0 2 0 0
fl=/usr/include/c++/12/ostream
fn=main
167 12 0 0 0 0 0 6 0 0
171 4 0 0 0 0 0 1 0 0
196 159 3 1 75 0 0 42 0 0
228 447 10 3 108 0 0 114 0 0
525 216 6 2 132 0 0 9 0 0
527 177 13 3 0 0 0 102 0 0
528 21 0 0 0 0 0 0 0 0
620 348 9 3 0 0 0 132 0 0
689 15 0 0 6 3 1 3 0 0
711 3 0 0 0 0 0 3 0 0
fl=/usr/lib/gcc/x86_64-linux-gnu/12/include/xmmintrin.h
fn=MCTS::mcts(MCTSNode*, State&, float&, float&, float&)
166 247860 1 1 0 0 0 0 0 0
887 247860 1 1 0 0 0 0 0 0
fn=main
166 598704 10 8 0 0 0 0 0 0
887 598704 8 6 0 0 0 0 0 0
fl=???
fn=(below main)
0 11 1 1 2 1 0 3 0 0
fn=???
0 66393 463 280 48146 341 60 5372 20 13
fn=__cpu_indicator_init
0 128 11 11 13 3 2 17 0 0
fn=__cxa_get_globals
0 2051 4 2 293 0 0 293 0 0
fn=__cxxabiv1::__si_class_type_info::__do_dyncast(long, __cxxabiv1::__class_type_info::__sub_kind, __cxxabiv1::__class_type_info const*, void const*, __cxxabiv1::__class_type_info const*, void const*, __cxxabiv1::__class_type_info::__dyncast_result&) const
0 1480 4 4 440 1 0 360 0 0
fn=__cxxabiv1::__vmi_class_type_info::__do_dyncast(long, __cxxabiv1::__class_type_info::__sub_kind, __cxxabiv1::__class_type_info const*, void const*, __cxxabiv1::__class_type_info const*, void const*, __cxxabiv1::__class_type_info::__dyncast_result&) const
0 6080 24 12 1995 15 5 1425 0 0
fn=__dynamic_cast
0 6615 16 8 2160 30 4 1350 0 0
fn=__gnu_cxx::stdio_sync_filebuf<char, std::char_traits<char> >::overflow(int)
0 490 4 2 70 0 0 0 0 0
fn=__gnu_cxx::stdio_sync_filebuf<char, std::char_traits<char> >::sync()
0 2457 1 1 819 6 1 0 0 0
fn=__gnu_cxx::stdio_sync_filebuf<char, std::char_traits<char> >::uflow()
0 4800 0 0 1800 0 0 1800 0 0
fn=__gnu_cxx::stdio_sync_filebuf<char, std::char_traits<char> >::underflow()
0 13032 8 4 4344 0 0 2896 0 0
fn=__gnu_cxx::stdio_sync_filebuf<char, std::char_traits<char> >::xsputn(char const*, long)
0 1374 7 4 229 7 1 0 0 0
fn=bool std::has_facet<std::ctype<char> >(std::locale const&)
0 88 2 2 36 2 0 12 0 0
fn=bool std::has_facet<std::ctype<wchar_t> >(std::locale const&)
0 88 2 2 36 2 0 12 0 0
fn=bool std::has_facet<std::num_get<char, std::istreambuf_iterator<char, std::char_traits<char> > > >(std::locale const&)
0 88 1 1 36 0 0 12 0 0
fn=bool std::has_facet<std::num_get<wchar_t, std::istreambuf_iterator<wchar_t, std::char_traits<wchar_t> > > >(std::locale const&)
0 88 0 0 36 0 0 12 0 0
fn=bool std::has_facet<std::num_put<char, std::ostreambuf_iterator<char, std::char_traits<char> > > >(std::locale const&)
0 88 2 2 36 1 0 12 0 0
fn=bool std::has_facet<std::num_put<wchar_t, std::ostreambuf_iterator<wchar_t, std::char_traits<wchar_t> > > >(std::locale const&)
0 88 2 2 36 1 0 12 0 0
fn=operator delete(void*)
0 76 0 0 0 0 0 0 0 0
fn=operator delete(void*, unsigned long)
0 76 4 2 0 0 0 0 0 0
fn=operator new(unsigned long)
0 588 8 4 98 0 0 98 0 0
fn=std::__cxx11::basic_string<char, std::char_traits<char>, std::allocator<char> >::_M_create(unsigned long&, unsigned long)
0 32 4 4 2 0 0 2 0 0
fn=std::__cxx11::basic_string<char, std::char_traits<char>, std::allocator<char> >::_M_mutate(unsigned long, unsigned long, char const*, unsigned long)
0 118 10 10 28 0 0 26 0 0
fn=std::__cxx11::basic_string<char, std::char_traits<char>, std::allocator<char> >::compare(char const*) const
0 433 8 4 102 3 0 87 0 0
fn=std::__cxx11::messages<char>::messages(unsigned long)
0 20 1 1 4 1 0 8 1 1
fn=std::__cxx11::messages<wchar_t>::messages(unsigned long)
0 20 2 2 4 0 0 8 0 0
fn=std::__cxx11::moneypunct<char, false>::_M_initialize_moneypunct(__locale_struct*, char const*)
0 113 4 4 38 1 1 31 0 0
fn=std::__cxx11::moneypunct<char, true>::_M_initialize_moneypunct(__locale_struct*, char const*)
0 113 5 5 38 0 0 31 0 0
fn=std::__cxx11::moneypunct<wchar_t, false>::_M_initialize_moneypunct(__locale_struct*, char const*)
0 102 5 5 27 1 0 30 0 0
fn=std::__cxx11::moneypunct<wchar_t, true>::_M_initialize_moneypunct(__locale_struct*, char const*)
0 102 5 5 27 0 0 30 0 0
fn=std::__cxx11::numpunct<char>::_M_initialize_numpunct(__locale_struct*)
0 414 5 5 137 4 2 75 0 0
fn=std::__cxx11::numpunct<wchar_t>::_M_initialize_numpunct(__locale_struct*)
0 350 4 4 74 2 1 74 3 3
fn=std::__num_base::_S_format_float(std::ios_base const&, char*, char)
0 2325 13 3 225 3 1 300 0 0
fn=std::__timepunct<char>::_M_initialize_timepunct(__locale_struct*)
0 149 15 15 6 0 0 29 0 0
fn=std::__timepunct<char>::__timepunct(std::__timepunct_cache<char>*, unsigned long)
0 23 2 2 4 0 0 9 1 1
fn=std::__timepunct<wchar_t>::_M_initialize_timepunct(__locale_struct*)
0 149 14 14 6 0 0 29 0 0
fn=std::__timepunct<wchar_t>::__timepunct(std::__timepunct_cache<wchar_t>*, unsigned long)
0 23 2 2 4 0 0 9 0 0
fn=std::basic_ios<char, std::char_traits<char> >::_M_cache_locale(std::locale const&)
0 124 2 2 12 0 0 44 0 0
fn=std::basic_ios<char, std::char_traits<char> >::clear(std::_Ios_Iostate)
0 553 1 1 237 0 0 79 0 0
fn=std::basic_ios<char, std::char_traits<char> >::init(std::basic_streambuf<char, std::char_traits<char> >*)
0 92 2 2 12 0 0 36 0 0
fn=std::basic_ios<wchar_t, std::char_traits<wchar_t> >::_M_cache_locale(std::locale const&)
0 124 2 2 12 0 0 44 0 0
fn=std::basic_ios<wchar_t, std::char_traits<wchar_t> >::init(std::basic_streambuf<wchar_t, std::char_traits<wchar_t> >*)
0 92 2 2 12 0 0 40 0 0
fn=std::basic_istream<char, std::char_traits<char> >& std::operator>><char, std::char_traits<char>, std::allocator<char> >(std::basic_istream<char, std::char_traits<char> >&, std::__cxx11::basic_string<char, std::char_traits<char>, std::allocator<char> >&)
0 9312 39 24 3402 0 0 1138 0 0
fn=std::basic_ostream<char, std::char_traits<char> >& std::__ostream_insert<char, std::char_traits<char> >(std::basic_ostream<char, std::char_traits<char> >&, char const*, long)
0 5910 8 7 2367 12 2 1281 1 0
fn=std::basic_ostream<char, std::char_traits<char> >& std::operator<< <std::char_traits<char> >(std::basic_ostream<char, std::char_traits<char> >&, char)
0 15 2 2 6 0 0 3 0 0
fn=std::chrono::_V2::steady_clock::now()
0 127179 11 4 42393 0 0 14131 0 0
fn=std::codecvt<char, char, __mbstate_t>::codecvt(unsigned long)
0 18 2 2 4 0 0 6 2 2
fn=std::codecvt<wchar_t, char, __mbstate_t>::codecvt(unsigned long)
0 18 2 2 4 1 0 6 1 1
fn=std::ctype<char> const& std::use_facet<std::ctype<char> >(std::locale const&)
0 1820 9 4 819 16 4 273 0 0
fn=std::ctype<char>::_M_widen_init() const
0 726 10 10 33 4 3 37 4 0
fn=std::ctype<char>::ctype(unsigned short const*, bool, unsigned long)
0 116 5 5 8 1 0 79 9 9
fn=std::ctype<wchar_t> const& std::use_facet<std::ctype<wchar_t> >(std::locale const&)
0 80 2 2 36 0 0 12 0 0
fn=std::ctype<wchar_t>::_M_convert_to_wmask(unsigned short) const
0 146 6 6 12 0 0 0 0 0
fn=std::ctype<wchar_t>::_M_initialize_ctype()
0 2733 5 5 5 0 0 810 20 20
fn=std::ctype<wchar_t>::ctype(unsigned long)
0 20 2 2 3 0 0 7 1 1
fn=std::error_category::error_category()
0 10 1 1 4 1 0 2 0 0
fn=std::future_category()
0 3 1 1 1 0 0 0 0 0
fn=std::ios_base::Init::Init()
0 273 29 29 51 14 1 146 17 2
fn=std::ios_base::_M_init()
0 160 2 2 32 1 1 56 0 0
fn=std::ios_base::ios_base()
0 464 3 3 8 0 0 192 30 12
fn=std::istream::ignore()
0 424 11 6 152 0 0 82 0 0
fn=std::istream::operator>>(int&)
0 11084 14 8 3177 3 1 2095 2 1
fn=std::istream::sentry::sentry(std::istream&, bool)
0 20039 27 14 8141 28 11 2607 0 0
fn=std::istreambuf_iterator<char, std::char_traits<char> > std::num_get<char, std::istreambuf_iterator<char, std::char_traits<char> > >::_M_extract_int<long>(std::istreambuf_iterator<char, std::char_traits<char> >, std::istreambuf_iterator<char, std::char_traits<char> >, std::ios_base&, std::_Ios_Iostate&, long&) const
0 42349 93 62 10619 6 3 7504 0 0
fn=std::locale::_Impl::_Impl(unsigned long)
0 661 55 55 85 23 1 384 51 50
fn=std::locale::_Impl::_M_install_facet(std::locale::id const*, std::locale::facet const*)
0 12128 7 7 3552 1 0 256 0 0
fn=std::locale::facet::_S_create_c_locale(__locale_struct*&, char const*, __locale_struct*)
0 10 2 2 2 0 0 3 0 0
fn=std::locale::facet::_S_get_c_locale()
0 801 4 2 178 3 1 89 0 0
fn=std::locale::facet::_S_get_c_name()
0 21 1 1 7 0 0 0 0 0
fn=std::locale::id::_M_id() const
0 3612 4 2 1204 17 6 96 0 0
fn=std::locale::locale()
0 374 3 3 132 0 0 132 3 1
fn=std::locale::locale(std::locale const&)
0 84 3 2 36 0 0 12 0 0
fn=std::locale::locale(std::locale::_Impl*)
0 3 1 1 1 0 0 1 0 0
fn=std::locale::operator=(std::locale const&)
0 160 2 2 56 0 0 24 0 0
fn=std::locale::~locale()
0 160 8 4 80 0 0 20 0 0
fn=std::messages<char>::messages(unsigned long)
0 20 2 2 4 0 0 8 1 1
fn=std::messages<wchar_t>::messages(unsigned long)
0 20 1 1 4 0 0 8 0 0
fn=std::moneypunct<char, false>::_M_initialize_moneypunct(__locale_struct*, char const*)
0 113 4 4 38 0 0 31 1 0
fn=std::moneypunct<char, true>::_M_initialize_moneypunct(__locale_struct*, char const*)
0 113 5 5 38 0 0 31 0 0
fn=std::moneypunct<wchar_t, false>::_M_initialize_moneypunct(__locale_struct*, char const*)
0 102 6 6 27 0 0 30 0 0
fn=std::moneypunct<wchar_t, true>::_M_initialize_moneypunct(__locale_struct*, char const*)
0 102 4 4 27 0 0 30 0 0
fn=std::num_get<char, std::istreambuf_iterator<char, std::char_traits<char> > > const& std::use_facet<std::num_get<char, std::istreambuf_iterator<char, std::char_traits<char> > > >(std::locale const&)
0 80 1 1 36 0 0 12 0 0
fn=std::num_get<char, std::istreambuf_iterator<char, std::char_traits<char> > >::do_get(std::istreambuf_iterator<char, std::char_traits<char> >, std::istreambuf_iterator<char, std::char_traits<char> >, std::ios_base&, std::_Ios_Iostate&, long&) const
0 406 3 2 0 0 0 0 0 0
fn=std::num_get<wchar_t, std::istreambuf_iterator<wchar_t, std::char_traits<wchar_t> > > const& std::use_facet<std::num_get<wchar_t, std::istreambuf_iterator<wchar_t, std::char_traits<wchar_t> > > >(std::locale const&)
0 80 1 1 36 0 0 12 0 0
fn=std::num_put<char, std::ostreambuf_iterator<char, std::char_traits<char> > > const& std::use_facet<std::num_put<char, std::ostreambuf_iterator<char, std::char_traits<char> > > >(std::locale const&)
0 80 2 2 36 0 0 12 0 0
fn=std::num_put<char, std::ostreambuf_iterator<char, std::char_traits<char> > >::do_put(std::ostreambuf_iterator<char, std::char_traits<char> >, std::ios_base&, char, double) const
0 300 3 1 0 0 0 0 0 0
fn=std::num_put<char, std::ostreambuf_iterator<char, std::char_traits<char> > >::do_put(std::ostreambuf_iterator<char, std::char_traits<char> >, std::ios_base&, char, long) const
0 45 3 1 0 0 0 0 0 0
fn=std::num_put<char, std::ostreambuf_iterator<char, std::char_traits<char> > >::do_put(std::ostreambuf_iterator<char, std::char_traits<char> >, std::ios_base&, char, unsigned long) const
0 120 4 2 0 0 0 0 0 0
fn=std::num_put<wchar_t, std::ostreambuf_iterator<wchar_t, std::char_traits<wchar_t> > > const& std::use_facet<std::num_put<wchar_t, std::ostreambuf_iterator<wchar_t, std::char_traits<wchar_t> > > >(std::locale const&)
0 80 2 2 36 0 0 12 0 0
fn=std::numpunct<char>::_M_initialize_numpunct(__locale_struct*)
0 414 6 6 137 0 0 75 0 0
fn=std::numpunct<wchar_t>::_M_initialize_numpunct(__locale_struct*)
0 350 6 6 74 0 0 74 0 0
fn=std::ostream& std::ostream::_M_insert<double>(double)
0 4575 16 5 1725 1 1 750 0 0
fn=std::ostream& std::ostream::_M_insert<long>(long)
0 915 16 5 345 0 0 150 0 0
fn=std::ostream& std::ostream::_M_insert<unsigned long>(unsigned long)
0 2458 35 11 926 11 3 403 0 0
fn=std::ostream::flush()
0 17358 3 3 8416 25 4 2104 4 0
fn=std::ostream::operator<<(int)
0 132 5 0 36 0 0 0 0 0
fn=std::ostream::put(char)
0 3190 28 6 1321 0 0 484 0 0
fn=std::ostream::sentry::sentry(std::ostream&)
0 21026 2 2 7186 19 3 4418 3 0
fn=std::ostreambuf_iterator<char, std::char_traits<char> > std::num_put<char, std::ostreambuf_iterator<char, std::char_traits<char> > >::_M_insert_float<double>(std::ostreambuf_iterator<char, std::char_traits<char> >, std::ios_base&, char, char, double) const
0 9075 29 10 1725 0 0 2100 0 0
fn=std::ostreambuf_iterator<char, std::char_traits<char> > std::num_put<char, std::ostreambuf_iterator<char, std::char_traits<char> > >::_M_insert_int<long>(std::ostreambuf_iterator<char, std::char_traits<char> >, std::ios_base&, char, long) const
0 1254 18 5 225 0 0 255 0 0
fn=std::ostreambuf_iterator<char, std::char_traits<char> > std::num_put<char, std::ostreambuf_iterator<char, std::char_traits<char> > >::_M_insert_int<unsigned long>(std::ostreambuf_iterator<char, std::char_traits<char> >, std::ios_base&, char, unsigned long) const
0 3080 31 12 600 2 0 680 0 0
fn=std::uncaught_exception()
0 2344 6 3 586 7 1 293 0 0
summary: 110795032 5266 3538 24432238 53433 8225 11829827 233224 213360
