desc: I1 cache:         32768 B, 64 B, 8-way associative
desc: D1 cache:         32768 B, 64 B, 8-way associative
desc: LL cache:         6291456 B, 64 B, 12-way associative
cmd: ./main
events: Ir I1mr ILmr Dr D1mr DLmr Dw D1mw DLmw 
fl=./csu/../csu/libc-start.c
fn=__libc_start_main@@GLIBC_2.34
128 2 1 1 2 0 0 0 0 0
134 3 0 0 1 1 0 0 0 0
135 6 0 0 2 1 0 1 0 0
138 1 0 0 1 1 0 0 0 0
139 2 0 0 0 0 0 0 0 0
142 3 1 1 2 1 0 0 0 0
143 2 0 0 2 0 0 0 0 0
144 15 1 1 2 0 0 1 0 0
145 8 0 0 2 1 0 2 0 0
242 11 1 1 0 0 0 7 0 0
311 3 0 0 0 0 0 0 0 0
312 3 0 0 0 0 0 1 0 0
337 6 1 1 2 0 0 1 0 0
340 2 0 0 0 0 0 0 0 0
343 2 0 0 2 0 0 0 0 0
350 2 0 0 1 1 0 1 0 0
352 2 0 0 0 0 0 0 0 0
360 4 1 0 1 0 0 1 0 0
fl=./csu/../sysdeps/nptl/libc_start_call_main.h
fn=(below main)
29 7 1 1 1 0 0 4 0 0
44 2 1 1 0 0 0 1 0 0
46 2 0 0 0 0 0 0 0 0
51 2 0 0 1 1 0 1 0 0
52 2 0 0 1 1 0 1 0 0
55 2 0 0 0 0 0 1 0 0
58 6 1 1 5 2 0 1 0 0
74 2 1 1 0 0 0 1 0 0
fl=./csu/./csu/init-first.c
fn=_init_first
46 3 1 1 0 0 0 1 0 0
51 2 0 0 1 0 0 0 0 0
55 5 1 1 4 2 1 0 0 0
61 1 0 0 0 0 0 1 1 0
62 1 0 0 0 0 0 1 0 0
63 2 0 0 1 1 0 1 1 1
71 2 0 0 0 0 0 0 0 0
72 2 0 0 1 0 0 0 0 0
fl=./ctype/./ctype/ctype-info.c
fn=__ctype_init
31 7 2 2 5 4 0 1 0 0
33 4 0 0 2 2 0 1 0 0
35 4 0 0 2 1 0 1 0 0
36 1 0 0 1 0 0 0 0 0
fl=./elf/../bits/stdlib-bsearch.h
fn=intel_check_word.constprop.0
27 102 0 0 0 0 0 0 0 0
28 51 0 0 0 0 0 0 0 0
29 792 0 0 0 0 0 0 0 0
31 972 0 0 0 0 0 0 0 0
32 370 1 1 0 0 0 0 0 0
37 126 1 1 0 0 0 0 0 0
fl=./elf/../elf/dl-tls.c
fn=_dl_add_to_slotinfo
1016 14 1 1 0 0 0 8 0 0
1022 2 1 1 2 0 0 0 0 0
1025 2 0 0 2 2 0 0 0 0
1026 2 0 0 0 0 0 0 0 0
1030 6 0 0 2 1 0 0 0 0
1064 4 0 0 0 0 0 0 0 0
1067 6 1 1 0 0 0 2 2 0
1068 6 0 0 2 0 0 2 0 0
1071 12 0 0 10 0 0 0 0 0
fn=_dl_allocate_tls_init
529 9 1 1 0 0 0 8 0 0
530 2 0 0 0 0 0 0 0 0
534 2 0 0 1 1 0 1 0 0
537 1 1 1 0 0 0 0 0 0
540 2 0 0 1 1 0 1 0 0
543 3 0 0 2 1 0 0 0 0
555 1 0 0 1 0 0 0 0 0
560 20 0 0 3 0 0 1 0 0
566 7 1 1 0 0 0 0 0 0
569 6 1 1 2 0 0 0 0 0
570 4 0 0 0 0 0 0 0 0
576 6 0 0 4 0 0 0 0 0
577 4 0 0 0 0 0 0 0 0
579 17 1 1 6 2 0 2 1 1
582 4 0 0 0 0 0 0 0 0
583 4 0 0 2 0 0 0 0 0
586 4 0 0 0 0 0 0 0 0
587 8 0 0 4 1 0 0 0 0
589 4 1 1 0 0 0 0 0 0
590 4 0 0 2 0 0 0 0 0
599 2 0 0 0 0 0 2 0 0
607 4 0 0 2 0 0 0 0 0
609 16 0 0 2 0 0 4 0 0
615 2 0 0 2 0 0 0 0 0
621 2 0 0 1 0 0 1 0 0
624 2 0 0 1 0 0 1 0 0
627 9 1 1 8 0 0 0 0 0
fn=_dl_allocate_tls_storage
423 3 1 1 0 0 0 3 0 0
425 1 0 0 1 0 0 0 0 0
436 1 0 0 1 0 0 0 0 0
437 1 0 0 0 0 0 0 0 0
438 2 0 0 0 0 0 0 0 0
446 6 1 1 0 0 0 0 0 0
447 1 0 0 0 0 0 0 0 0
451 305 0 0 0 0 0 297 37 37
470 1 1 1 0 0 0 1 1 1
472 2 0 0 0 0 0 1 0 0
473 2 0 0 0 0 0 0 0 0
476 4 0 0 4 0 0 0 0 0
fn=_dl_assign_tls_modid
131 2 1 1 0 0 0 0 0 0
134 4 0 0 2 0 0 0 0 0
147 2 1 1 2 0 0 0 0 0
187 2 0 0 0 0 0 0 0 0
189 2 0 0 0 0 0 2 0 0
192 2 0 0 0 0 0 2 0 0
193 4 0 0 2 0 0 0 0 0
fn=_dl_count_modids
200 2 1 1 1 0 0 0 0 0
201 1 0 0 1 0 0 0 0 0
216 2 0 0 1 0 0 0 0 0
fn=_dl_determine_tlsoffset
222 7 1 1 0 0 0 6 0 0
223 1 0 0 0 0 0 0 0 0
224 1 0 0 0 0 0 0 0 0
225 1 0 0 0 0 0 0 0 0
228 3 1 1 1 0 0 0 0 0
231 2 0 0 1 0 0 0 0 0
265 1 0 0 0 0 0 0 0 0
267 16 0 0 3 0 0 0 0 0
269 7 2 2 3 0 0 1 0 0
271 6 0 0 2 0 0 0 0 0
272 4 0 0 2 0 0 0 0 0
274 4 1 1 0 0 0 0 0 0
276 10 0 0 2 0 0 0 0 0
287 2 0 0 0 0 0 2 0 0
292 18 0 0 0 0 0 0 0 0
294 4 0 0 0 0 0 0 0 0
295 2 0 0 0 0 0 0 0 0
307 1 0 0 0 0 0 1 0 0
308 7 1 1 1 0 0 0 0 0
310 2 0 0 0 0 0 1 0 0
360 1 0 0 0 0 0 1 0 0
361 8 1 1 7 0 0 0 0 0
fn=_dl_tls_static_surplus_init
83 3 0 0 0 0 0 0 0 0
97 5 1 1 0 0 0 3 0 0
101 6 1 1 1 0 0 1 0 0
102 5 0 0 1 0 0 1 0 0
108 3 0 0 0 0 0 0 0 0
110 4 0 0 0 0 0 0 0 0
113 1 0 0 0 0 0 0 0 0
115 1 0 0 0 0 0 1 0 0
117 3 0 0 0 0 0 1 0 0
118 5 0 0 4 0 0 0 0 0
fn=allocate_dtv
366 4 1 1 0 0 0 2 0 0
371 1 0 0 1 0 0 0 0 0
375 1 0 0 0 0 0 0 0 0
376 1 0 0 0 0 0 0 0 0
377 2 0 0 0 0 0 0 0 0
380 1 0 0 0 0 0 1 1 1
386 3 0 0 0 0 0 1 0 0
392 4 0 0 3 0 0 0 0 0
fl=./elf/../include/list.h
fn=__tls_init_tp
43 2 0 0 1 1 0 1 0 0
44 2 0 0 0 0 0 1 0 0
45 1 0 0 0 0 0 1 0 0
47 1 0 0 0 0 0 1 0 0
fl=./elf/../include/rtld-malloc.h
fn=__minimal_calloc
56 17 0 0 17 0 0 0 0 0
fn=_dl_allocate_tls_storage
56 1 0 0 1 0 0 1 0 0
fn=_dl_check_map_versions
44 18 0 0 6 0 0 6 0 0
fn=_dl_find_object_init
56 2 0 0 1 0 0 1 0 0
fn=_dl_important_hwcaps
56 3 0 0 2 0 0 2 0 0
fn=_dl_init_paths
56 5 0 0 3 0 0 3 0 0
fn=_dl_map_object_deps
56 12 0 0 6 0 0 6 0 0
fn=_dl_new_object
44 18 0 0 6 0 0 6 1 1
56 15 0 0 5 0 0 5 0 0
fn=allocate_dtv
44 2 0 0 1 0 0 1 0 0
fn=do_lookup_x
44 13 1 1 3 0 0 6 0 0
fn=fillin_rpath.isra.0
50 2 1 1 1 0 0 1 0 0
51 1 0 0 0 0 0 0 0 0
56 2 0 0 1 0 0 1 0 0
fn=init_tls
44 2 0 0 1 0 0 1 0 0
fl=./elf/../include/scratch_buffer.h
fn=_dl_map_object_deps
77 2 0 0 0 0 0 1 1 1
78 1 0 0 0 0 0 1 0 0
85 3 1 1 1 0 0 0 0 0
131 15 0 0 0 0 0 5 0 0
fl=./elf/../misc/sbrk.c
fn=sbrk
37 4 0 0 0 0 0 2 0 0
40 1 0 0 1 0 0 0 0 0
58 2 0 0 0 0 0 0 0 0
62 2 0 0 0 0 0 0 0 0
78 5 1 1 3 0 0 0 0 0
fl=./elf/../nptl/nptl-stack.h
fn=__libc_early_init
58 8 1 1 2 0 0 0 0 0
fl=./elf/../sysdeps/generic/_itoa.h
fn=_dl_check_map_versions
76 33 0 0 11 0 0 22 0 0
fl=./elf/../sysdeps/generic/dl-cache.h
fn=_dl_load_cache_lookup
194 1 0 0 1 0 0 0 0 0
195 5 0 0 0 0 0 0 0 0
fn=search_cache
125 20 0 0 4 0 0 0 0 0
fl=./elf/../sysdeps/generic/dl-debug.h
fn=dl_main
29 4 0 0 2 0 0 0 0 0
30 2 0 0 1 0 0 1 0 0
fl=./elf/../sysdeps/generic/dl-hash.h
fn=__rtld_malloc_init_real
43 1 0 0 0 0 0 0 0 0
44 1 0 0 0 0 0 0 0 0
45 19 0 0 6 1 1 0 0 0
48 18 0 0 0 0 0 0 0 0
62 24 1 1 0 0 0 0 0 0
67 1 0 0 0 0 0 0 0 0
72 1 0 0 0 0 0 1 0 0
fl=./elf/../sysdeps/generic/dl-new-hash.h
fn=_dl_lookup_symbol_x
69 1892 0 0 0 0 0 0 0 0
70 3784 0 0 0 0 0 0 0 0
74 41528 0 0 41528 1468 1199 0 0 0
77 83056 0 0 0 0 0 0 0 0
80 40574 0 0 40574 516 466 0 0 0
81 81148 0 0 0 0 0 0 0 0
87 938 2 2 0 0 0 0 0 0
88 938 0 0 0 0 0 0 0 0
89 1876 0 0 0 0 0 0 0 0
90 938 2 2 0 0 0 0 0 0
99 39636 0 0 0 0 0 0 0 0
101 39636 0 0 0 0 0 0 0 0
102 79272 0 0 0 0 0 0 0 0
104 39636 2 2 0 0 0 0 0 0
105 39636 0 0 0 0 0 0 0 0
fl=./elf/../sysdeps/generic/dl-protected.h
fn=do_lookup_x
29 7508 5 2 1877 0 0 0 0 0
fl=./elf/../sysdeps/generic/ldsodefs.h
fn=_dl_new_object
1339 48 0 0 0 0 0 0 0 0
fn=_dl_relocate_object
81 48 1 1 23 0 0 0 0 0
142 10122 0 0 3374 0 0 0 0 0
fn=_dl_start
81 6 1 1 2 0 0 0 0 0
fn=do_lookup_x
141 3754 3 1 1877 0 0 0 0 0
142 5631 0 0 0 0 0 0 0 0
fl=./elf/../sysdeps/nptl/dl-mutex.c
fn=__rtld_mutex_init
30 3 1 1 0 0 0 3 0 0
37 1 0 0 1 1 0 0 0 0
40 7 0 0 0 0 0 1 0 0
44 2 0 0 0 0 0 0 0 0
45 9 1 1 3 0 0 1 0 0
47 6 0 0 0 0 0 1 0 0
51 2 0 0 0 0 0 0 0 0
52 7 1 1 3 0 0 1 0 0
53 4 0 0 4 0 0 0 0 0
fl=./elf/../sysdeps/nptl/dl-tls_init_tp.c
fn=__tls_init_tp
68 2 0 0 0 0 0 1 0 0
69 1 0 0 1 0 0 0 0 0
72 1 1 1 0 0 0 0 0 0
75 4 0 0 0 0 0 1 0 0
76 2 0 0 0 0 0 1 0 0
77 1 1 1 0 0 0 1 0 0
82 2 0 0 1 1 0 1 0 0
87 4 1 1 0 0 0 1 0 0
90 1 0 0 0 0 0 1 0 0
93 3 0 0 0 0 0 0 0 0
106 4 0 0 0 0 0 1 0 0
123 3 0 0 2 1 0 1 1 1
130 2 0 0 1 0 0 1 0 0
131 3 0 0 2 0 0 0 0 0
fn=__tls_pre_init_tp
53 2 1 1 0 0 0 0 0 0
56 10 0 0 0 0 0 3 1 1
61 2 1 1 0 0 0 1 0 0
62 1 0 0 0 0 0 1 0 0
64 1 0 0 1 0 0 0 0 0
fn=rtld_mutex_dummy
44 356 2 1 178 0 0 0 0 0
fl=./elf/../sysdeps/nptl/pthread_early_init.h
fn=__libc_early_init
33 6 0 0 0 0 0 1 0 0
34 1 0 0 1 0 0 0 0 0
38 5 1 1 0 0 0 0 0 0
45 2 0 0 2 1 0 0 0 0
46 1 0 0 0 0 0 0 0 0
52 7 0 0 0 0 0 1 0 0
53 1 0 0 0 0 0 1 1 1
54 1 0 0 0 0 0 1 1 1
57 1 0 0 0 0 0 1 0 0
fl=./elf/../sysdeps/posix/dl-fileid.h
fn=_dl_map_object_from_fd
37 25 1 1 5 0 0 5 0 0
40 20 1 1 15 1 1 5 0 0
49 60 0 0 30 1 1 0 0 0
fl=./elf/../sysdeps/unix/sysv/linux/brk.c
fn=brk
37 1 0 0 0 0 0 1 1 1
38 2 1 1 0 0 0 0 0 0
44 1 0 0 0 0 0 0 0 0
45 1 0 0 1 0 0 0 0 0
fl=./elf/../sysdeps/unix/sysv/linux/brk_call.h
fn=brk
24 2 1 1 0 0 0 0 0 0
fl=./elf/../sysdeps/unix/sysv/linux/dl-osinfo.h
fn=dl_main
39 2 0 0 1 1 0 0 0 0
52 1 1 1 1 0 0 0 0 0
fl=./elf/../sysdeps/unix/sysv/linux/dl-parse_auxv.h
fn=_dl_sysdep_parse_arguments
32 2 0 0 0 0 0 1 0 0
33 1 0 0 0 0 0 1 0 0
34 1 1 1 0 0 0 1 0 0
41 85 0 0 22 0 0 0 0 0
42 40 0 0 0 0 0 0 0 0
43 40 0 0 20 5 5 20 0 0
45 1 0 0 0 0 0 1 0 0
46 2 1 1 1 0 0 1 0 0
47 3 1 1 2 0 0 1 0 0
48 2 0 0 1 0 0 1 0 0
49 2 0 0 1 0 0 1 0 0
50 2 0 0 1 0 0 1 1 1
51 2 0 0 1 0 0 1 0 0
52 2 0 0 1 0 0 1 0 0
54 2 0 0 1 0 0 1 1 1
fl=./elf/../sysdeps/unix/sysv/linux/dl-sysdep.c
fn=_dl_sysdep_parse_arguments
78 5 1 1 0 0 0 3 0 0
79 2 0 0 1 0 0 1 1 1
80 2 0 0 0 0 0 1 0 0
81 3 0 0 0 0 0 1 1 1
82 61 1 1 0 0 0 0 0 0
83 125 0 0 62 8 8 0 0 0
86 2 0 0 0 0 0 1 1 1
90 56 0 0 0 0 0 52 7 7
93 2 0 0 1 0 0 1 0 0
94 2 0 0 1 0 0 1 0 0
95 2 0 0 1 0 0 1 0 0
96 5 1 1 4 0 0 0 0 0
fn=_dl_sysdep_start
102 3 1 1 0 0 0 1 0 0
103 1 0 0 0 0 0 1 0 0
106 2 0 0 0 0 0 1 1 1
110 2 1 1 1 0 0 1 0 0
113 1 0 0 0 0 0 1 0 0
115 2 0 0 0 0 0 1 0 0
122 3 0 0 1 0 0 0 0 0
123 2 0 0 0 0 0 2 0 0
125 5 0 0 0 0 0 1 0 0
137 3 1 1 1 0 0 0 0 0
140 5 0 0 3 0 0 1 0 0
143 4 1 0 3 1 0 0 0 0
fn=_dl_sysdep_start_cleanup
148 1 1 1 1 0 0 0 0 0
fl=./elf/../sysdeps/unix/sysv/linux/dl-vdso-setup.h
fn=dl_main
30 1 0 0 0 0 0 1 0 0
33 1 1 1 0 0 0 1 0 0
36 1 0 0 0 0 0 1 0 0
39 1 0 0 0 0 0 1 0 0
45 1 0 0 0 0 0 1 0 0
fl=./elf/../sysdeps/unix/sysv/linux/dl-vdso.h
fn=dl_main
40 2 0 0 1 0 0 0 0 0
41 5 0 0 0 0 0 2 0 0
55 2 0 0 0 0 0 0 0 0
fl=./elf/../sysdeps/unix/sysv/linux/rseq-internal.h
fn=__tls_init_tp
32 3 0 0 1 0 0 0 0 0
34 7 0 0 0 0 0 0 0 0
37 2 1 1 0 0 0 0 0 0
40 1 0 0 0 0 0 1 0 0
fl=./elf/../sysdeps/unix/sysv/linux/x86/dl-minsigstacksize.h
fn=get_common_indices.constprop.0
24 2 1 1 1 0 0 0 0 0
27 2 0 0 1 0 0 0 0 0
28 2 0 0 1 0 0 0 0 0
65 3 0 0 0 0 0 0 0 0
72 1 0 0 0 0 0 0 0 0
74 1 1 1 0 0 0 1 0 0
fl=./elf/../sysdeps/x86/cpu-features.c
fn=get_common_indices.constprop.0
325 1 1 1 0 0 0 1 0 0
329 4 0 0 0 0 0 0 0 0
332 5 1 1 0 0 0 3 0 0
336 1 0 0 0 0 0 1 0 0
337 4 0 0 0 0 0 1 0 0
338 4 0 0 0 0 0 1 0 0
339 4 0 0 0 0 0 1 0 0
340 3 0 0 0 0 0 1 0 0
341 2 0 0 1 0 0 0 0 0
348 2 1 1 1 0 0 0 0 0
350 9 0 0 0 0 0 4 1 1
355 8 0 0 0 0 0 4 1 1
362 2 1 1 1 0 0 0 0 0
363 7 1 1 0 0 0 4 1 1
369 2 0 0 1 0 0 0 0 0
384 2 0 0 2 0 0 0 0 0
fn=init_cpu_features.constprop.0
303 3 0 0 0 0 0 0 0 0
304 2 0 0 0 0 0 0 0 0
305 6 1 1 0 0 0 4 0 0
310 2 0 0 0 0 0 0 0 0
311 6 1 1 0 0 0 4 0 0
316 2 0 0 0 0 0 0 0 0
317 7 1 1 0 0 0 4 0 0
399 7 1 1 0 0 0 6 0 0
402 1 0 0 0 0 0 1 0 0
403 1 0 0 0 0 0 1 0 0
404 1 0 0 0 0 0 1 0 0
415 3 0 0 0 0 0 1 0 0
418 6 1 1 0 0 0 0 0 0
419 1 1 1 0 0 0 0 0 0
422 2 0 0 0 0 0 1 0 0
424 6 1 1 0 0 0 1 0 0
429 1 0 0 0 0 0 1 0 0
431 3 0 0 1 0 0 0 0 0
433 5 1 1 2 0 0 1 0 0
434 15 2 2 0 0 0 0 0 0
489 3 0 0 1 0 0 0 0 0
503 1 1 1 1 0 0 0 0 0
513 9 0 0 1 1 1 0 0 0
555 1 1 1 1 0 0 0 0 0
556 1 0 0 0 0 0 0 0 0
564 2 0 0 1 0 0 0 0 0
571 2 1 1 1 0 0 0 0 0
573 1 0 0 1 0 0 0 0 0
577 2 0 0 1 0 0 0 0 0
583 2 0 0 1 0 0 0 0 0
585 1 0 0 0 0 0 0 0 0
687 3 1 1 1 0 0 0 0 0
688 1 0 0 1 0 0 0 0 0
691 2 0 0 0 0 0 0 0 0
692 1 0 0 1 0 0 0 0 0
698 1 0 0 0 0 0 1 0 0
699 1 0 0 0 0 0 1 0 0
700 1 1 1 0 0 0 1 0 0
701 2 0 0 1 0 0 1 0 0
706 4 0 0 0 0 0 1 0 0
710 3 0 0 1 0 0 0 0 0
723 2 0 0 0 0 0 0 0 0
724 4 0 0 1 0 0 0 0 0
770 1 0 0 0 0 0 1 0 0
771 2 1 1 1 0 0 0 0 0
775 3 1 1 1 0 0 0 0 0
792 2 1 1 0 0 0 0 0 0
793 3 0 0 1 0 0 0 0 0
795 3 0 0 0 0 0 0 0 0
796 2 0 0 1 0 0 0 0 0
798 4 0 0 0 0 0 0 0 0
799 1 0 0 0 0 0 0 0 0
802 1 0 0 0 0 0 1 0 0
874 9 0 0 7 0 0 0 0 0
fn=update_active.constprop.0
43 7 1 1 0 0 0 6 0 0
47 1 0 0 1 0 0 0 0 0
55 3 0 0 1 0 0 0 0 0
56 3 1 1 0 0 0 0 0 0
57 1 0 0 1 0 0 0 0 0
65 4 0 0 1 0 0 1 0 0
66 1 0 0 1 0 0 0 0 0
74 3 1 1 1 0 0 0 0 0
75 1 0 0 1 0 0 0 0 0
76 3 0 0 0 0 0 1 1 1
80 4 0 0 0 0 0 1 0 0
83 4 0 0 1 0 0 1 0 0
84 1 1 1 1 0 0 0 0 0
87 4 0 0 1 0 0 1 0 0
88 2 0 0 1 0 0 1 0 0
92 4 0 0 1 0 0 1 0 0
93 3 1 1 2 0 0 0 0 0
94 3 0 0 2 0 0 0 0 0
95 2 0 0 1 0 0 1 0 0
97 4 1 1 1 0 0 1 0 0
98 3 0 0 2 1 1 0 0 0
101 6 0 0 0 0 0 1 0 0
109 2 0 0 0 0 0 0 0 0
113 2 0 0 0 0 0 0 0 0
115 4 0 0 0 0 0 0 0 0
119 2 1 1 0 0 0 0 0 0
121 1 0 0 0 0 0 0 0 0
124 2 0 0 0 0 0 0 0 0
126 2 0 0 0 0 0 1 0 0
130 1 0 0 0 0 0 0 0 0
131 1 1 1 1 1 1 0 0 0
134 4 0 0 1 0 0 1 0 0
140 4 0 0 0 0 0 1 0 0
142 4 0 0 1 0 0 1 0 0
144 3 1 1 0 0 0 1 0 0
149 4 1 1 0 0 0 0 0 0
198 3 0 0 0 0 0 0 0 0
210 3 0 0 1 0 0 1 0 0
211 1 1 1 1 0 0 0 0 0
214 4 0 0 1 0 0 1 0 0
218 2 0 0 1 0 0 0 0 0
222 3 1 1 0 0 0 0 0 0
223 2 0 0 0 0 0 0 0 0
225 1 1 1 0 0 0 0 0 0
226 1 0 0 0 0 0 0 0 0
229 2 0 0 0 0 0 1 0 0
231 1 0 0 0 0 0 1 0 0
234 2 0 0 0 0 0 0 0 0
285 3 1 1 1 0 0 0 0 0
289 3 0 0 1 0 0 0 0 0
296 1 0 0 0 0 0 1 0 0
297 8 0 0 7 0 0 0 0 0
fl=./elf/../sysdeps/x86/dl-cacheinfo.h
fn=get_common_cache_info.constprop.0
481 9 1 1 0 0 0 6 0 0
496 1 0 0 1 0 0 0 0 0
497 1 0 0 1 0 0 0 0 0
498 2 0 0 1 0 0 1 0 0
499 1 0 0 1 0 0 0 0 0
500 1 0 0 1 0 0 0 0 0
506 1 1 1 0 0 0 1 0 0
508 9 0 0 3 0 0 0 0 0
511 2 0 0 0 0 0 0 0 0
523 1 0 0 0 0 0 0 0 0
528 3 0 0 1 0 0 0 0 0
532 2 0 0 0 0 0 0 0 0
537 6 1 1 0 0 0 2 0 0
540 24 1 1 0 0 0 2 0 0
546 8 0 0 0 0 0 0 0 0
547 8 1 1 0 0 0 0 0 0
550 26 0 0 0 0 0 0 0 0
555 2 0 0 0 0 0 0 0 0
559 3 1 1 0 0 0 1 0 0
560 1 0 0 0 0 0 0 0 0
564 6 0 0 0 0 0 0 0 0
568 3 0 0 0 0 0 0 0 0
571 4 0 0 0 0 0 1 0 0
572 1 0 0 0 0 0 0 0 0
577 4 0 0 0 0 0 0 0 0
583 4 0 0 0 0 0 0 0 0
591 8 1 1 2 0 0 0 0 0
593 2 0 0 0 0 0 0 0 0
595 5 0 0 1 0 0 0 0 0
597 11 1 1 0 0 0 0 0 0
600 2 0 0 0 0 0 0 0 0
601 9 0 0 0 0 0 1 0 0
603 4 1 1 0 0 0 0 0 0
606 2 0 0 0 0 0 0 0 0
611 1 0 0 1 0 0 0 0 0
613 4 0 0 0 0 0 0 0 0
614 4 0 0 0 0 0 1 0 0
615 1 0 0 0 0 0 0 0 0
618 2 0 0 0 0 0 0 0 0
621 2 1 1 0 0 0 0 0 0
625 2 0 0 1 0 0 0 0 0
628 1 1 1 0 0 0 0 0 0
630 4 0 0 0 0 0 0 0 0
631 1 0 0 0 0 0 0 0 0
636 2 0 0 0 0 0 0 0 0
641 3 0 0 1 0 0 0 0 0
642 2 1 1 0 0 0 1 0 0
643 2 0 0 0 0 0 0 0 0
644 3 0 0 0 0 0 0 0 0
645 2 0 0 1 0 0 0 0 0
680 4 1 1 0 0 0 0 0 0
681 5 0 0 0 0 0 0 0 0
685 2 0 0 1 0 0 0 0 0
692 1 0 0 0 0 0 1 0 0
693 1 0 0 0 0 0 1 0 0
694 1 0 0 0 0 0 1 0 0
695 7 0 0 7 0 0 0 0 0
fn=handle_intel.constprop.0
250 96 0 0 0 0 0 72 0 0
255 24 1 1 12 0 0 0 0 0
263 12 0 0 0 0 0 12 0 0
264 12 0 0 0 0 0 12 0 0
266 4 0 0 1 0 0 0 0 0
272 48 0 0 0 0 0 12 0 0
279 24 1 1 0 0 0 12 0 0
280 60 0 0 0 0 0 0 0 0
284 60 1 1 0 0 0 12 0 0
286 24 0 0 0 0 0 0 0 0
289 60 0 0 0 0 0 12 0 0
291 24 0 0 0 0 0 0 0 0
294 5 0 0 0 0 0 1 0 0
296 2 0 0 0 0 0 0 0 0
299 5 0 0 1 0 0 1 0 0
301 2 0 0 0 0 0 0 0 0
305 3 0 0 0 0 0 0 0 0
310 96 0 0 84 0 0 0 0 0
fn=init_cpu_features.constprop.0
706 1 0 0 0 0 0 1 0 0
707 1 0 0 0 0 0 1 0 0
709 1 0 0 0 0 0 1 0 0
723 2 0 0 0 0 0 0 0 0
725 3 2 2 0 0 0 1 0 0
726 4 0 0 0 0 0 2 0 0
727 4 0 0 0 0 0 2 0 0
728 1 0 0 0 0 0 1 0 0
731 3 0 0 0 0 0 2 0 0
733 3 1 1 0 0 0 1 0 0
734 1 0 0 0 0 0 1 0 0
736 3 0 0 0 0 0 2 0 0
738 3 0 0 0 0 0 2 0 0
739 1 0 0 0 0 0 1 0 0
741 3 1 1 0 0 0 2 0 0
743 3 0 0 0 0 0 2 0 0
744 1 0 0 0 0 0 1 0 0
746 3 0 0 0 0 0 2 0 0
748 3 0 0 0 0 0 1 0 0
750 3 0 0 0 0 0 1 0 0
752 5 1 1 0 0 0 1 0 0
848 1 0 0 0 0 0 1 1 1
849 1 0 0 0 0 0 1 0 0
850 1 0 0 0 0 0 1 0 0
851 2 1 1 1 0 0 1 0 0
852 2 0 0 1 0 0 1 0 0
853 2 0 0 1 0 0 1 0 0
854 2 0 0 1 0 0 1 1 1
855 2 1 1 1 0 0 1 0 0
856 2 0 0 1 0 0 1 0 0
857 1 0 0 0 0 0 1 0 0
858 1 1 1 0 0 0 1 0 0
859 1 0 0 0 0 0 1 0 0
873 10 0 0 3 0 0 0 0 0
878 1 0 0 0 0 0 0 0 0
879 6 1 1 2 0 0 0 0 0
887 1 0 0 1 0 0 0 0 0
888 2 0 0 0 0 0 0 0 0
899 7 1 1 1 0 0 0 0 0
910 2 0 0 0 0 0 0 0 0
911 1 0 0 1 0 0 0 0 0
918 10 1 1 0 0 0 0 0 0
936 3 0 0 1 0 0 0 0 0
944 6 1 1 1 0 0 2 0 0
946 2 0 0 0 0 0 0 0 0
949 5 0 0 1 0 0 1 0 0
951 2 0 0 0 0 0 0 0 0
954 5 1 1 1 0 0 1 0 0
955 5 0 0 0 0 0 0 0 0
959 7 0 0 1 0 0 3 0 0
961 2 1 1 0 0 0 0 0 0
966 6 0 0 1 0 0 2 0 0
969 9 1 1 1 0 0 4 0 0
970 8 0 0 1 0 0 4 0 0
971 11 1 1 2 0 0 4 0 0
974 10 1 1 1 0 0 4 0 0
976 9 1 1 1 0 0 4 0 0
986 4 0 0 3 0 0 0 0 0
992 1 0 0 0 0 0 1 0 0
993 1 0 0 0 0 0 1 0 0
994 1 0 0 0 0 0 1 0 0
995 2 1 1 0 0 0 1 0 0
996 2 1 1 1 0 0 1 0 0
997 1 0 0 0 0 0 1 0 0
fn=intel_check_word.constprop.0
110 690 1 1 345 8 8 0 0 0
113 345 0 0 0 0 0 0 0 0
119 104 0 0 0 0 0 78 0 0
123 78 1 1 0 0 0 0 0 0
125 15 0 0 0 0 0 0 0 0
129 156 0 0 0 0 0 0 0 0
131 154 0 0 0 0 0 0 0 0
133 63 0 0 0 0 0 0 0 0
135 126 0 0 0 0 0 0 0 0
143 126 1 1 0 0 0 0 0 0
152 12 0 0 0 0 0 0 0 0
155 123 0 0 0 0 0 0 0 0
158 99 0 0 0 0 0 0 0 0
162 64 1 1 0 0 0 0 0 0
164 192 0 0 0 0 0 0 0 0
165 24 0 0 0 0 0 0 0 0
167 120 0 0 0 0 0 0 0 0
168 72 1 1 0 0 0 0 0 0
169 60 0 0 0 0 0 0 0 0
170 48 0 0 0 0 0 0 0 0
172 11 1 1 0 0 0 0 0 0
174 22 0 0 0 0 0 0 0 0
176 12 1 1 0 0 0 0 0 0
177 16 0 0 0 0 0 0 0 0
178 12 1 1 0 0 0 0 0 0
179 20 0 0 0 0 0 0 0 0
180 14 0 0 0 0 0 0 0 0
181 12 0 0 0 0 0 0 0 0
183 8 0 0 0 0 0 0 0 0
184 12 0 0 0 0 0 0 0 0
187 21 0 0 0 0 0 0 0 0
194 204 0 0 0 0 0 0 0 0
202 175 0 0 50 0 0 0 0 0
216 51 0 0 0 0 0 0 0 0
246 104 0 0 104 0 0 0 0 0
fl=./elf/../sysdeps/x86/dl-get-cpu-features.c
fn=__x86_cpu_features
39 3 1 1 1 1 0 0 0 0
71 2 0 0 1 0 0 0 0 0
fn=_dl_x86_init_cpu_features
39 3 1 1 1 0 0 0 0 0
41 1 0 0 0 0 0 0 0 0
fl=./elf/../sysdeps/x86/dl-hwcap.h
fn=_dl_important_hwcaps
57 6 0 0 1 0 0 0 0 0
fl=./elf/../sysdeps/x86/dl-procinfo.h
fn=search_cache
39 8 0 0 0 0 0 0 0 0
42 28 1 1 0 0 0 8 0 0
fl=./elf/../sysdeps/x86/dl-prop.h
fn=_dl_map_object_from_fd
95 28 1 1 14 0 0 0 0 0
100 4 1 1 0 0 0 2 0 0
101 2 0 0 0 0 0 2 0 0
102 2 0 0 0 0 0 0 0 0
103 2 0 0 0 0 0 0 0 0
105 18 0 0 0 0 0 0 0 0
108 6 0 0 2 0 0 0 0 0
109 4 0 0 2 0 0 0 0 0
110 4 1 1 2 0 0 0 0 0
114 6 0 0 2 0 0 0 0 0
118 6 0 0 0 0 0 2 0 0
121 6 0 0 2 0 0 0 0 0
122 4 0 0 0 0 0 0 0 0
126 2 0 0 0 0 0 0 0 0
127 8 1 1 0 0 0 4 0 0
131 4 1 1 2 0 0 0 0 0
132 2 0 0 2 0 0 0 0 0
135 4 0 0 0 0 0 0 0 0
138 2 0 0 0 0 0 0 0 0
139 8 0 0 0 0 0 0 0 0
144 8 0 0 0 0 0 0 0 0
151 4 1 1 0 0 0 0 0 0
164 4 0 0 0 0 0 0 0 0
167 8 0 0 4 1 1 0 0 0
192 2 0 0 0 0 0 0 0 0
193 8 0 0 0 0 0 0 0 0
198 16 1 1 4 0 0 0 0 0
200 8 0 0 2 0 0 2 0 0
201 2 0 0 0 0 0 2 0 0
202 2 0 0 0 0 0 2 0 0
203 4 0 0 0 0 0 2 0 0
212 16 0 0 14 0 0 0 0 0
213 7 0 0 7 0 0 0 0 0
fn=dl_main
36 2 1 1 2 0 0 0 0 0
37 24 0 0 0 0 0 0 0 0
40 10 0 0 10 0 0 0 0 0
49 40 1 1 13 1 0 0 0 0
53 39 0 0 7 2 0 0 0 0
95 8 0 0 4 0 0 0 0 0
100 2 0 0 0 0 0 1 0 0
101 1 0 0 0 0 0 1 0 0
102 1 1 1 0 0 0 0 0 0
103 1 0 0 0 0 0 0 0 0
105 10 0 0 0 0 0 0 0 0
108 3 1 1 1 0 0 0 0 0
109 2 0 0 1 0 0 0 0 0
110 2 0 0 1 0 0 0 0 0
114 3 0 0 1 0 0 0 0 0
118 3 0 0 0 0 0 1 0 0
121 3 1 1 1 0 0 0 0 0
122 2 0 0 0 0 0 0 0 0
126 1 0 0 0 0 0 0 0 0
127 5 0 0 0 0 0 3 0 0
131 2 1 1 1 0 0 0 0 0
132 1 0 0 1 0 0 0 0 0
135 2 1 1 0 0 0 0 0 0
138 1 0 0 0 0 0 0 0 0
139 4 0 0 0 0 0 0 0 0
144 4 0 0 0 0 0 0 0 0
151 2 0 0 0 0 0 0 0 0
164 2 1 1 0 0 0 0 0 0
167 1 0 0 1 0 0 0 0 0
170 4 0 0 2 0 0 0 0 0
192 1 0 0 0 0 0 0 0 0
193 4 0 0 0 0 0 0 0 0
198 9 1 1 2 0 0 0 0 0
200 4 1 1 1 0 0 1 0 0
201 1 0 0 0 0 0 1 0 0
202 1 0 0 0 0 0 1 0 0
203 2 0 0 0 0 0 1 0 0
212 5 0 0 4 0 0 0 0 0
213 2 0 0 2 0 0 0 0 0
fl=./elf/../sysdeps/x86/get-isa-level.h
fn=_dl_hwcaps_subdirs_active
30 2 0 0 0 0 0 0 0 0
31 3 1 1 1 0 0 0 0 0
32 3 0 0 1 0 0 0 0 0
36 3 1 1 0 0 0 0 0 0
39 4 0 0 1 0 0 0 0 0
40 4 0 0 1 0 0 0 0 0
45 4 0 0 0 0 0 0 0 0
48 2 1 1 0 0 0 0 0 0
51 5 0 0 1 0 0 0 0 0
53 4 0 0 0 0 0 0 0 0
54 2 0 0 0 0 0 0 0 0
55 2 0 0 0 0 0 0 0 0
58 2 0 0 0 0 0 0 0 0
61 2 0 0 0 0 0 0 0 0
fn=update_active.constprop.0
28 1 0 0 0 0 0 0 0 0
30 2 0 0 0 0 0 0 0 0
31 2 0 0 0 0 0 0 0 0
32 3 1 1 0 0 0 0 0 0
36 3 0 0 0 0 0 0 0 0
38 1 0 0 0 0 0 0 0 0
39 3 2 2 1 0 0 0 0 0
40 4 0 0 1 0 0 0 0 0
45 4 0 0 0 0 0 0 0 0
47 1 0 0 0 0 0 0 0 0
48 2 0 0 0 0 0 0 0 0
51 5 1 1 1 0 0 0 0 0
53 4 0 0 0 0 0 0 0 0
54 2 0 0 0 0 0 0 0 0
55 2 1 1 0 0 0 0 0 0
57 1 0 0 0 0 0 0 0 0
58 2 0 0 0 0 0 0 0 0
61 2 0 0 0 0 0 0 0 0
fl=./elf/../sysdeps/x86_64/dl-hwcaps-subdirs.c
fn=_dl_hwcaps_subdirs_active
38 3 0 0 0 0 0 0 0 0
43 1 0 0 0 0 0 0 0 0
48 1 1 1 0 0 0 0 0 0
52 1 0 0 1 0 0 0 0 0
fl=./elf/../sysdeps/x86_64/dl-irel.h
fn=_dl_fixup
32 8 4 2 0 0 0 8 0 0
fl=./elf/../sysdeps/x86_64/dl-machine.h
fn=_dl_fixup
220 122 1 1 0 0 0 122 0 0
fn=_dl_relocate_object
72 28 0 0 7 0 0 0 0 0
78 20 0 0 15 4 0 0 0 0
82 15 1 1 5 5 5 0 0 0
88 5 0 0 0 0 0 5 0 0
98 10 0 0 0 0 0 0 0 0
118 10 0 0 5 1 0 0 0 0
121 10 0 0 0 0 0 5 0 0
123 20 2 2 5 3 0 0 0 0
126 5 0 0 0 0 0 0 0 0
253 6782 1 1 0 0 0 0 0 0
260 6782 0 0 0 0 0 0 0 0
264 6782 0 0 0 0 0 0 0 0
273 27050 6 6 10134 6 0 0 0 0
276 13489 0 0 3359 0 0 0 0 0
277 6760 1 1 0 0 0 0 0 0
278 6752 0 0 0 0 0 0 0 0
303 20346 1 1 3391 8 3 0 0 0
330 6 1 1 0 0 0 0 0 0
331 9 0 0 6 1 0 3 2 1
336 6 0 0 2 0 0 0 0 0
338 4 0 0 4 0 0 0 0 0
347 4 0 0 2 0 0 2 0 0
384 54 1 1 18 0 0 0 0 0
386 72 0 0 18 0 0 0 0 0
390 54 0 0 36 2 2 0 0 0
399 36 0 0 18 0 0 18 6 6
407 9446 0 0 6081 350 350 3365 1180 433
444 9 1 1 3 0 0 0 0 0
448 12 0 0 3 0 0 6 0 0
449 12 0 0 6 0 0 0 0 0
450 15 1 1 9 0 0 0 0 0
451 6 0 0 0 0 0 0 0 0
460 4 0 0 4 0 0 0 0 0
461 6 0 0 2 0 0 0 0 0
462 2 0 0 0 0 0 2 0 0
463 2 0 0 0 0 0 2 2 1
482 2706 0 0 902 112 112 0 0 0
483 902 0 0 0 0 0 902 250 244
487 1804 0 0 0 0 0 0 0 0
488 1804 0 0 902 115 115 0 0 0
498 2398 0 0 1199 0 0 0 0 0
502 2284 0 0 0 0 0 0 0 0
505 3426 0 0 1142 0 0 0 0 0
506 1142 0 0 1142 150 150 0 0 0
532 114 0 0 114 0 0 0 0 0
533 171 0 0 57 0 0 0 0 0
534 57 0 0 0 0 0 57 0 0
535 57 0 0 0 0 0 57 0 0
fn=_dl_start
72 1 0 0 1 0 0 0 0 0
264 21 1 1 0 0 0 0 0 0
273 59 1 1 21 7 7 1 0 0
276 14 0 0 7 0 0 0 0 0
277 28 0 0 0 0 0 0 0 0
303 21 0 0 0 0 0 0 0 0
307 6 0 0 0 0 0 6 2 2
fn=_dl_sysdep_start
206 1 0 0 0 0 0 1 0 0
fl=./elf/../sysdeps/x86_64/dl-runtime.h
fn=_dl_fixup
28 122 0 0 0 0 0 0 0 0
fl=./elf/../sysdeps/x86_64/dl-trampoline.h
fn=_dl_runtime_resolve_xsave
76 122 4 2 0 0 0 122 0 0
79 122 0 0 0 0 0 0 0 0
81 122 0 0 0 0 0 0 0 0
91 122 0 0 122 2 1 0 0 0
97 122 0 0 0 0 0 122 2 2
98 122 0 0 0 0 0 122 0 0
99 122 0 0 0 0 0 122 0 0
100 122 2 2 0 0 0 122 0 0
101 122 0 0 0 0 0 122 0 0
102 122 0 0 0 0 0 122 0 0
103 122 0 0 0 0 0 122 0 0
107 122 0 0 0 0 0 0 0 0
108 122 0 0 0 0 0 0 0 0
111 122 0 0 0 0 0 122 2 0
112 122 0 0 0 0 0 122 0 0
114 122 0 0 0 0 0 122 0 0
115 122 0 0 0 0 0 122 0 0
116 122 0 0 0 0 0 122 0 0
117 122 2 2 0 0 0 122 0 0
118 122 0 0 0 0 0 122 0 0
119 122 0 0 0 0 0 122 0 0
121 122 0 0 122 0 0 4026 12 7
128 122 0 0 122 0 0 0 0 0
129 122 0 0 122 0 0 0 0 0
130 122 0 0 0 0 0 122 2 1
131 122 0 0 0 0 0 0 0 0
136 122 0 0 0 0 0 0 0 0
137 122 0 0 0 0 0 0 0 0
138 122 0 0 4392 0 0 0 0 0
140 122 0 0 122 0 0 0 0 0
141 122 2 2 122 0 0 0 0 0
142 122 0 0 122 0 0 0 0 0
143 122 0 0 122 0 0 0 0 0
144 122 0 0 122 0 0 0 0 0
145 122 0 0 122 0 0 0 0 0
146 122 0 0 122 0 0 0 0 0
148 122 0 0 0 0 0 0 0 0
150 122 0 0 122 0 0 0 0 0
154 122 0 0 0 0 0 0 0 0
156 122 0 0 0 0 0 0 0 0
fl=./elf/../sysdeps/x86_64/tls_get_addr.S
fn=__tls_get_addr
30 150 3 2 150 0 0 0 0 0
31 150 0 0 150 3 1 0 0 0
33 150 0 0 150 3 1 0 0 0
34 150 0 0 0 0 0 0 0 0
35 150 0 0 150 3 1 0 0 0
38 150 0 0 0 0 0 0 0 0
39 150 0 0 150 0 0 0 0 0
43 150 0 0 0 0 0 0 0 0
44 150 0 0 0 0 0 0 0 0
45 150 0 0 150 0 0 0 0 0
46 150 0 0 150 0 0 0 0 0
fl=./elf/./dl-find_object.h
fn=_dl_find_object_from_map
95 14 1 1 7 4 0 7 2 2
96 14 0 0 7 0 0 7 0 0
97 7 0 0 0 0 0 7 3 3
103 35 0 0 14 6 0 0 0 0
104 176 0 0 0 0 0 0 0 0
105 122 1 1 61 52 6 0 0 0
107 21 0 0 14 2 0 7 0 0
112 7 0 0 7 0 0 0 0 0
fl=./elf/./dl-hwcaps.h
fn=_dl_important_hwcaps
54 9 0 0 1 0 0 4 0 0
56 7 0 0 0 0 0 4 0 0
57 1 0 0 0 0 0 0 0 0
88 5 1 1 2 0 0 3 0 0
89 8 0 0 2 0 0 3 0 0
90 3 0 0 0 0 0 0 0 0
fn=copy_hwcaps
54 2 0 0 0 0 0 2 0 0
56 4 0 0 0 0 0 2 0 0
88 2 0 0 0 0 0 2 0 0
89 2 0 0 0 0 0 2 0 0
90 2 0 0 0 0 0 0 0 0
fl=./elf/./dl-load.h
fn=_dl_map_object_from_fd
91 40 0 0 0 0 0 0 0 0
92 15 0 0 10 0 0 5 0 0
94 40 1 1 20 0 0 0 0 0
95 16 1 1 8 0 0 0 0 0
96 24 1 1 8 0 0 0 0 0
97 16 0 0 4 0 0 0 0 0
99 16 0 0 0 0 0 4 0 0
fl=./elf/./dl-main.h
fn=dl_main
112 5 2 2 4 0 0 1 0 0
fl=./elf/./dl-map-segments.h
fn=_dl_map_object_from_fd
28 15 1 1 5 0 0 0 0 0
29 50 1 1 25 0 0 10 1 1
101 5 0 0 0 0 0 5 0 0
102 15 0 0 5 0 0 0 0 0
105 15 1 1 5 0 0 5 0 0
106 10 0 0 0 0 0 5 0 0
108 10 0 0 5 0 0 0 0 0
125 5 1 1 5 0 0 0 0 0
127 5 0 0 5 0 0 0 0 0
135 120 0 0 20 0 0 0 0 0
137 60 1 1 30 0 0 0 0 0
139 165 0 0 60 0 0 30 0 0
140 15 0 0 15 0 0 0 0 0
149 80 0 0 40 0 0 0 0 0
155 10 0 0 5 0 0 0 0 0
156 5 0 0 0 0 0 0 0 0
157 25 1 1 5 0 0 0 0 0
158 10 0 0 0 0 0 0 0 0
165 10 0 0 0 0 0 0 0 0
168 10 0 0 0 0 0 0 0 0
176 45 0 0 10 0 0 15 0 0
182 10 0 0 0 0 0 0 0 0
186 16 1 1 0 0 0 2 0 0
189 4 1 1 0 0 0 0 0 0
194 20 1 1 0 0 0 0 0 0
fl=./elf/./dl-sym-post.h
fn=lookup_malloc_symbol
41 8 0 0 0 0 0 0 0 0
53 12 0 0 4 0 0 0 0 0
fl=./elf/./dl-tunable-types.h
fn=do_tunable_update_val
90 10 1 1 0 0 0 0 0 0
fl=./elf/./elf/dl-audit.c
fn=_dl_audit_activity_map
29 7 0 0 0 0 0 6 0 0
30 1 0 0 1 0 0 0 0 0
31 3 1 1 1 0 0 0 0 0
37 8 1 1 7 0 0 0 0 0
fn=_dl_audit_activity_nsid
45 12 2 2 3 0 0 0 0 0
47 9 0 0 3 1 1 0 0 0
51 3 0 0 3 0 0 0 0 0
fn=_dl_audit_objclose
98 28 1 1 14 0 0 0 0 0
fn=_dl_audit_objopen
78 20 1 1 10 0 0 0 0 0
fn=_dl_audit_preinit
119 4 1 1 2 1 0 0 0 0
fl=./elf/./elf/dl-cache.c
fn=_dl_cache_libcmp
367 42 1 1 0 0 0 0 0 0
368 702 0 0 234 0 0 0 0 0
370 690 0 0 0 0 0 0 0 0
372 468 0 0 230 35 35 0 0 0
378 12 0 0 0 0 0 0 0 0
379 12 0 0 0 0 0 0 0 0
380 16 1 1 4 0 0 0 0 0
382 16 0 0 4 0 0 0 0 0
384 8 0 0 0 0 0 0 0 0
390 452 0 0 0 0 0 0 0 0
392 452 0 0 0 0 0 0 0 0
393 114 0 0 38 0 0 0 0 0
396 188 1 1 0 0 0 0 0 0
397 188 0 0 0 0 0 0 0 0
400 12 0 0 8 0 0 0 0 0
fn=_dl_load_cache_lookup
413 20 1 1 0 0 0 8 0 0
415 8 0 0 4 0 0 0 0 0
418 12 1 1 4 0 0 0 0 0
421 6 2 2 0 0 0 2 0 0
429 6 0 0 2 0 0 0 0 0
430 8 1 1 3 1 1 0 0 0
433 6 0 0 0 0 0 0 0 0
434 1 0 0 1 0 0 0 0 0
441 1 1 1 0 0 0 1 0 0
442 2 0 0 0 0 0 1 0 0
487 9 0 0 3 0 0 0 0 0
492 12 0 0 4 0 0 0 0 0
495 24 0 0 4 0 0 4 0 0
510 8 1 1 4 0 0 0 0 0
514 8 0 0 0 0 0 0 0 0
522 12 0 0 0 0 0 4 0 0
523 20 0 0 0 0 0 0 0 0
524 12 0 0 0 0 0 4 0 0
525 4 1 1 0 0 0 4 0 0
526 12 0 0 12 0 0 0 0 0
fn=_dl_unload_cache
535 1 1 0 0 0 0 0 0 0
536 4 1 1 1 1 0 0 0 0
538 2 0 0 1 1 0 1 0 0
539 1 0 0 0 0 0 1 0 0
543 1 0 0 0 0 0 1 0 0
545 2 0 0 1 0 0 0 0 0
fn=search_cache
194 76 0 0 0 0 0 0 0 0
206 52 2 2 0 0 0 40 0 0
208 4 0 0 4 0 0 0 0 0
211 24 1 1 4 0 0 8 0 0
213 76 2 2 20 0 0 16 0 0
214 8 0 0 0 0 0 0 0 0
216 24 0 0 8 0 0 4 0 0
228 76 0 0 0 0 0 0 0 0
230 190 1 1 0 0 0 0 0 0
231 80 0 0 42 30 30 0 0 0
235 76 0 0 0 0 0 0 0 0
236 44 1 1 12 0 0 4 0 0
239 114 0 0 38 0 0 38 0 0
240 76 0 0 0 0 0 0 0 0
248 16 0 0 0 0 0 0 0 0
250 8 0 0 4 0 0 0 0 0
253 8 0 0 0 0 0 0 0 0
255 24 0 0 0 0 0 4 0 0
257 4 0 0 0 0 0 0 0 0
267 8 0 0 0 0 0 0 0 0
277 8 1 1 4 0 0 0 0 0
278 12 0 0 4 0 0 0 0 0
285 8 0 0 4 0 0 0 0 0
294 8 1 1 0 0 0 0 0 0
303 8 0 0 4 0 0 0 0 0
306 8 0 0 4 0 0 0 0 0
311 4 0 0 0 0 0 0 0 0
312 12 0 0 4 0 0 0 0 0
340 8 0 0 0 0 0 4 0 0
356 34 0 0 0 0 0 0 0 0
357 19 1 1 0 0 0 0 0 0
359 15 0 0 0 0 0 0 0 0
363 36 1 1 32 0 0 0 0 0
fl=./elf/./elf/dl-call-libc-early-init.c
fn=_dl_call_libc_early_init
27 3 0 0 0 0 0 2 0 0
29 2 0 0 0 0 0 0 0 0
33 7 1 1 0 0 0 1 0 0
37 2 0 0 0 0 0 0 0 0
39 4 0 0 3 0 0 0 0 0
40 2 0 0 0 0 0 0 0 0
41 3 0 0 2 0 0 0 0 0
fl=./elf/./elf/dl-call_fini.c
fn=_dl_call_fini
24 28 1 1 0 0 0 21 0 0
28 14 0 0 7 0 0 0 0 0
32 7 0 0 7 0 0 0 0 0
34 7 0 0 7 7 6 0 0 0
35 14 1 1 0 0 0 0 0 0
38 10 0 0 10 6 6 0 0 0
39 15 0 0 10 3 2 0 0 0
42 40 0 0 0 0 0 0 0 0
43 5 0 0 5 5 5 5 0 0
47 7 0 0 7 7 7 0 0 0
48 14 1 1 0 0 0 0 0 0
49 15 0 0 10 2 2 0 0 0
50 23 0 0 23 0 0 0 0 0
fl=./elf/./elf/dl-debug.c
fn=_dl_debug_initialize
56 1 1 1 0 0 0 0 0 0
57 3 1 1 0 0 0 0 0 0
59 2 0 0 0 0 0 0 0 0
63 3 0 0 1 1 1 0 0 0
64 1 0 0 0 0 0 1 0 0
85 3 0 0 1 0 0 0 0 0
90 3 2 2 1 0 0 1 0 0
91 2 0 0 0 0 0 1 0 0
92 1 0 0 0 0 0 1 0 0
95 3 0 0 2 0 0 0 0 0
96 6 1 1 1 0 0 1 0 0
99 2 0 0 0 0 0 0 0 0
107 2 0 0 1 0 0 0 0 0
fn=_dl_debug_state
117 2 1 1 2 0 0 0 0 0
fn=_dl_debug_update
40 12 0 0 0 0 0 0 0 0
41 6 0 0 0 0 0 0 0 0
44 12 1 1 6 1 0 0 0 0
48 6 0 0 6 0 0 0 0 0
fl=./elf/./elf/dl-deps.c
fn=_dl_map_object_deps
128 6 0 0 0 0 0 3 1 1
129 5 0 0 0 0 0 2 0 0
130 6 1 1 0 0 0 1 1 1
132 2 0 0 0 0 0 1 1 1
136 8 1 1 2 0 0 2 0 0
143 13 1 1 0 0 0 7 1 1
144 9 2 2 0 0 0 0 0 0
160 8 0 0 0 0 0 0 0 0
161 1 0 0 1 0 0 0 0 0
164 2 1 1 1 0 0 1 0 0
182 1 0 0 1 0 0 0 0 0
183 6 1 1 4 0 0 0 0 0
184 1 0 0 0 0 0 1 0 0
188 13 0 0 7 0 0 0 0 0
190 37 1 1 0 0 0 20 0 0
193 7 1 1 0 0 0 7 0 0
197 21 0 0 7 2 0 0 0 0
198 53 2 2 20 0 0 0 0 0
201 15 0 0 0 0 0 0 0 0
205 10 0 0 5 0 0 0 0 0
208 22 0 0 11 3 2 0 0 0
210 20 1 1 15 0 0 0 0 0
215 5 1 1 0 0 0 5 1 1
216 5 0 0 0 0 0 5 0 0
217 5 0 0 0 0 0 5 0 0
218 10 0 0 5 0 0 5 0 0
221 606 1 1 164 5 0 5 0 0
222 278 1 1 0 0 0 0 0 0
228 104 1 1 22 0 0 15 0 0
230 11 0 0 0 0 0 11 0 0
232 44 2 2 0 0 0 11 0 0
233 22 0 0 11 0 0 0 0 0
242 11 0 0 11 0 0 0 0 0
244 22 0 0 11 0 0 0 0 0
249 15 1 1 0 0 0 0 0 0
252 5 0 0 0 0 0 5 0 0
253 5 0 0 0 0 0 5 0 0
254 5 0 0 0 0 0 5 0 0
255 10 0 0 5 0 0 5 0 0
257 5 0 0 5 0 0 0 0 0
259 25 0 0 5 0 0 10 0 0
263 33 0 0 11 0 0 0 0 0
264 24 0 0 0 0 0 8 0 0
266 384 1 1 0 0 0 0 0 0
417 14 0 0 0 0 0 0 0 0
419 20 1 1 0 0 0 10 0 0
422 15 0 0 0 0 0 5 0 0
423 20 1 1 10 0 0 0 0 0
429 5 0 0 0 0 0 5 1 1
430 25 0 0 0 0 0 10 0 0
431 30 0 0 5 0 0 5 0 0
434 5 0 0 0 0 0 5 0 0
435 5 0 0 5 0 0 0 0 0
439 21 0 0 7 0 0 0 0 0
441 7 1 1 7 0 0 0 0 0
442 32 0 0 6 0 0 0 0 0
448 5 1 1 1 0 0 0 0 0
449 2 0 0 0 0 0 1 0 0
452 4 0 0 1 0 0 1 0 0
463 5 1 1 1 0 0 2 0 0
465 4 1 1 2 0 0 0 0 0
470 4 0 0 1 0 0 1 0 0
471 1 0 0 0 0 0 1 0 0
472 1 0 0 0 0 0 0 0 0
474 23 0 0 7 0 0 0 0 0
478 21 1 1 7 0 0 0 0 0
483 14 0 0 0 0 0 0 0 0
485 21 0 0 0 0 0 7 2 2
490 7 0 0 7 0 0 0 0 0
495 3 0 0 1 0 0 0 0 0
532 2 1 1 0 0 0 0 0 0
533 2 0 0 0 0 0 0 0 0
536 1 0 0 1 0 0 0 0 0
547 9 2 2 2 0 0 3 0 0
552 9 1 1 1 0 0 2 0 0
553 5 1 1 2 0 0 1 0 0
557 1 0 0 0 0 0 1 0 0
559 2 0 0 1 0 0 1 0 0
560 1 0 0 1 0 0 0 0 0
561 3 0 0 1 0 0 0 0 0
568 3 1 1 1 0 0 0 0 0
571 2 0 0 0 0 0 0 0 0
574 8 0 0 7 1 0 0 0 0
fn=openaux
61 22 0 0 0 0 0 11 0 0
64 121 0 0 44 0 0 22 1 1
65 11 0 0 11 0 0 0 0 0
68 11 0 0 11 0 0 0 0 0
69 22 0 0 22 0 0 0 0 0
fl=./elf/./elf/dl-environ.c
fn=_dl_next_ld_env_entry
29 3 1 1 3 0 0 0 0 0
32 187 0 0 62 0 0 0 0 0
34 122 1 1 61 0 0 0 0 0
35 14 0 0 7 0 0 0 0 0
37 2 0 0 0 0 0 0 0 0
40 4 0 0 0 0 0 2 0 0
42 2 0 0 2 0 0 0 0 0
45 59 0 0 0 0 0 0 0 0
49 1 0 0 1 0 0 0 0 0
fl=./elf/./elf/dl-error-skeleton.c
fn=_dl_catch_error
225 9 1 1 0 0 0 3 0 0
227 2 0 0 0 0 0 1 0 0
228 2 0 0 1 0 0 1 0 0
229 2 0 0 1 0 0 1 0 0
230 2 1 1 1 0 0 1 0 0
232 5 0 0 4 0 0 0 0 0
fn=_dl_catch_exception
175 48 1 1 0 0 0 36 2 2
178 24 0 0 0 0 0 0 0 0
180 24 0 0 12 0 0 12 0 0
185 12 1 1 0 0 0 0 0 0
199 24 0 0 12 0 0 12 2 2
200 24 0 0 0 0 0 12 0 0
203 24 1 1 0 0 0 12 0 0
206 60 0 0 0 0 0 12 0 0
208 36 0 0 24 0 0 12 0 0
209 24 0 0 12 0 0 12 0 0
210 48 0 0 12 0 0 24 0 0
219 24 0 0 12 0 0 0 0 0
fn=_dl_receive_error
238 5 0 0 0 0 0 2 0 0
239 1 0 0 1 0 0 0 0 0
240 1 0 0 1 0 0 0 0 0
243 1 1 1 0 0 0 1 0 0
244 1 0 0 0 0 0 1 0 0
246 1 0 0 0 0 0 1 0 0
248 1 0 0 0 0 0 1 0 0
249 1 0 0 0 0 0 1 0 0
250 4 0 0 3 0 0 0 0 0
fl=./elf/./elf/dl-find_object.c
fn=_dl_find_object_init
561 3 1 1 0 0 0 2 0 0
564 1 0 0 1 1 0 0 0 0
566 2 0 0 1 0 0 0 0 0
567 3 2 2 0 0 0 1 0 0
579 2 1 1 0 0 0 1 0 0
580 3 0 0 1 0 0 1 0 0
582 2 0 0 0 0 0 0 0 0
585 2 0 0 0 0 0 0 0 0
590 1 1 1 0 0 0 1 0 0
591 1 0 0 0 0 0 1 0 0
594 3 0 0 1 0 0 0 0 0
596 2 0 0 0 0 0 1 0 0
599 6 0 0 3 0 0 1 0 0
601 1 0 0 0 0 0 0 0 0
604 4 0 0 3 0 0 0 0 0
fn=_dlfo_process_initial
474 4 0 0 0 0 0 2 0 0
475 2 0 0 2 0 0 0 0 0
477 2 0 0 0 0 0 0 0 0
478 4 1 1 2 0 0 0 0 0
504 22 1 1 4 1 0 0 0 0
505 34 0 0 2 0 0 0 0 0
506 14 0 0 14 1 0 0 0 0
508 52 1 1 12 0 0 0 0 0
511 48 0 0 12 0 0 0 0 0
513 36 1 1 12 0 0 0 0 0
515 12 0 0 0 0 0 6 0 0
516 12 0 0 0 0 0 0 0 0
517 24 0 0 0 0 0 0 0 0
529 2 0 0 0 0 0 2 0 0
531 8 0 0 4 0 0 0 0 0
fn=_dlfo_sort_mappings
537 2 1 1 0 0 0 0 0 0
540 24 0 0 5 0 0 0 0 0
544 10 0 0 5 0 0 0 0 0
545 70 1 1 0 0 0 0 0 0
546 85 0 0 15 0 0 0 0 0
553 20 0 0 10 0 0 0 0 0
554 25 0 0 10 0 0 10 0 0
555 10 0 0 0 0 0 10 0 0
557 1 0 0 1 0 0 0 0 0
fl=./elf/./elf/dl-fini.c
fn=_dl_fini
26 10 1 1 0 0 0 7 0 0
43 1 0 0 0 0 0 0 0 0
46 13 1 1 1 1 1 0 0 0
49 2 0 0 1 1 1 1 0 0
51 1 0 0 1 1 1 0 0 0
54 2 0 0 0 0 0 0 0 0
56 5 1 1 2 0 0 0 0 0
61 1 0 0 0 0 0 1 0 0
63 4 0 0 0 0 0 2 0 0
68 7 0 0 1 0 0 0 0 0
73 25 1 1 8 3 1 0 0 0
75 14 0 0 7 4 2 0 0 0
77 14 0 0 0 0 0 0 0 0
79 14 0 0 0 0 0 7 0 0
80 7 0 0 0 0 0 7 7 6
81 7 0 0 0 0 0 0 0 0
85 7 1 1 7 4 2 0 0 0
87 6 0 0 0 0 0 0 0 0
88 6 0 0 0 0 0 0 0 0
94 6 1 1 0 0 0 2 0 0
103 2 0 0 1 0 0 1 0 0
108 27 0 0 1 0 0 0 0 0
110 7 1 1 7 0 0 0 0 0
112 14 0 0 7 0 0 0 0 0
114 28 0 0 0 0 0 21 0 0
117 35 0 0 14 0 0 7 0 0
122 7 0 0 7 0 0 0 0 0
126 5 1 1 1 0 0 1 0 0
132 6 0 0 2 0 0 1 0 0
134 1 0 0 0 0 0 0 0 0
138 2 0 0 1 0 0 0 0 0
145 8 1 1 7 0 0 0 0 0
fl=./elf/./elf/dl-hwcaps.c
fn=_dl_important_hwcaps
55 16 2 2 0 0 0 4 0 0
57 2 0 0 0 0 0 0 0 0
58 6 0 0 2 0 0 0 0 0
59 2 0 0 0 0 0 0 0 0
103 4 0 0 0 0 0 2 0 0
105 3 1 1 1 0 0 0 0 0
108 1 0 0 0 0 0 1 0 0
111 2 0 0 0 0 0 1 0 0
115 4 1 1 0 0 0 1 0 0
117 1 0 0 0 0 0 0 0 0
128 12 1 1 0 0 0 3 0 0
130 10 0 0 4 0 0 2 1 1
131 4 0 0 2 0 0 2 0 0
132 4 0 0 0 0 0 2 0 0
133 2 0 0 0 0 0 0 0 0
136 5 0 0 1 0 0 0 0 0
145 14 0 0 7 0 0 1 0 0
146 10 0 0 0 0 0 1 0 0
148 8 1 1 1 0 0 5 0 0
154 2 1 1 2 0 0 0 0 0
158 7 1 1 2 0 0 1 0 0
159 3 0 0 1 0 0 0 0 0
160 3 0 0 0 0 0 0 0 0
164 1 0 0 1 0 0 0 0 0
165 3 0 0 1 0 0 1 0 0
166 2 0 0 0 0 0 2 0 0
175 13 2 2 0 0 0 10 3 3
176 6 0 0 1 0 0 1 0 0
178 2 0 0 1 0 0 1 0 0
179 4 0 0 1 0 0 1 0 0
187 2 0 0 0 0 0 2 0 0
188 4 1 1 1 0 0 0 0 0
198 2 1 1 0 0 0 1 0 0
199 4 0 0 0 0 0 1 0 0
203 17 0 0 1 0 0 0 0 0
204 6 0 0 0 0 0 0 0 0
205 4 1 1 0 0 0 0 0 0
208 1 0 0 0 0 0 0 0 0
228 6 0 0 0 0 0 2 0 0
230 8 0 0 3 0 0 0 0 0
231 4 0 0 2 0 0 2 1 1
233 1 0 0 0 0 0 1 0 0
234 2 0 0 0 0 0 2 0 0
235 9 1 1 0 0 0 3 0 0
236 3 1 1 0 0 0 0 0 0
238 3 0 0 1 0 0 0 0 0
240 2 1 1 0 0 0 1 0 0
241 2 0 0 1 0 0 1 0 0
242 3 0 0 0 0 0 0 0 0
245 5 0 0 0 0 0 1 0 0
246 1 0 0 0 0 0 1 0 0
249 3 1 1 1 0 0 0 0 0
253 2 0 0 0 0 0 0 0 0
254 4 1 1 1 0 0 2 0 0
257 4 0 0 2 0 0 1 0 0
258 2 0 0 0 0 0 0 0 0
260 3 1 1 0 0 0 0 0 0
261 4 0 0 0 0 0 0 0 0
262 4 0 0 1 0 0 0 0 0
263 2 1 1 0 0 0 0 0 0
270 4 0 0 1 0 0 0 0 0
274 9 0 0 2 0 0 2 1 1
281 5 1 1 1 0 0 1 0 0
282 2 0 0 0 0 0 0 0 0
289 1 1 1 0 0 0 1 0 0
290 6 0 0 2 0 0 2 0 0
291 5 0 0 1 0 0 1 0 0
292 5 1 1 2 0 0 1 0 0
295 1 0 0 1 0 0 0 0 0
296 1 0 0 1 0 0 0 0 0
303 4 0 0 2 0 0 0 0 0
305 1 0 0 0 0 0 1 0 0
314 2 0 0 1 0 0 1 0 0
327 1 0 0 0 0 0 1 1 1
330 2 1 1 0 0 0 0 0 0
337 7 0 0 3 0 0 1 0 0
340 2 0 0 0 0 0 0 0 0
343 17 0 0 7 0 0 5 0 0
346 13 1 1 2 0 0 1 0 0
347 22 1 1 0 0 0 6 0 0
348 5 1 1 2 0 0 2 0 0
351 10 0 0 4 0 0 4 0 0
353 16 1 1 7 0 0 0 0 0
358 25 0 0 0 0 0 0 0 0
359 8 0 0 0 0 0 8 0 0
363 17 1 1 0 0 0 0 0 0
366 66 0 0 0 0 0 0 0 0
367 72 0 0 0 0 0 0 0 0
368 36 0 0 24 0 0 0 0 0
370 9 1 1 0 0 0 0 0 0
373 6 0 0 2 0 0 0 0 0
374 2 0 0 0 0 0 0 0 0
375 9 0 0 0 0 0 0 0 0
377 6 1 1 0 0 0 0 0 0
378 2 0 0 2 0 0 0 0 0
380 1 0 0 1 0 0 0 0 0
381 7 0 0 0 0 0 2 0 0
388 18 1 1 5 0 0 4 0 0
389 4 0 0 0 0 0 0 0 0
391 8 0 0 0 0 0 0 0 0
394 3 0 0 2 0 0 0 0 0
400 9 0 0 7 0 0 0 0 0
fn=copy_hwcaps
77 12 1 1 0 0 0 8 1 1
80 16 0 0 0 0 0 4 0 0
82 6 1 1 4 0 0 2 0 0
83 16 0 0 4 0 0 6 1 1
87 2 0 0 0 0 0 2 0 0
88 2 0 0 2 0 0 0 0 0
89 6 0 0 2 0 0 2 0 0
90 4 0 0 0 0 0 2 0 0
91 4 0 0 0 0 0 2 0 0
93 12 0 0 10 0 0 0 0 0
fl=./elf/./elf/dl-hwcaps_split.c
fn=_dl_hwcaps_contains
67 12 1 1 0 0 0 0 0 0
68 6 1 1 0 0 0 0 0 0
77 6 0 0 6 0 0 0 0 0
fn=_dl_hwcaps_split
25 45 0 0 0 0 0 30 0 0
26 45 0 0 15 0 0 0 0 0
27 6 0 0 0 0 0 0 0 0
30 36 1 1 12 0 0 12 0 0
34 72 0 0 18 1 1 0 0 0
35 12 0 0 0 0 0 6 0 0
36 24 0 0 0 0 0 0 0 0
41 27 0 0 0 0 0 9 0 0
42 18 0 0 0 0 0 0 0 0
43 21 0 0 0 0 0 12 0 0
45 18 0 0 0 0 0 0 0 0
46 9 0 0 0 0 0 0 0 0
47 60 1 1 45 0 0 0 0 0
fn=_dl_hwcaps_split_masked
51 33 1 1 0 0 0 11 0 0
54 56 0 0 0 0 0 14 2 2
56 9 0 0 9 0 0 0 0 0
57 27 0 0 0 0 0 9 0 0
58 54 0 0 18 0 0 6 0 0
62 22 0 0 22 0 0 0 0 0
fl=./elf/./elf/dl-init.c
fn=_dl_init
81 11 1 1 0 0 0 6 0 0
82 1 0 0 1 1 0 0 0 0
83 1 0 0 1 0 0 0 0 0
86 3 0 0 1 0 0 0 0 0
88 1 1 1 0 0 0 1 1 0
89 2 0 0 0 0 0 1 0 0
94 2 0 0 0 0 0 0 0 0
119 1 1 1 1 0 0 0 0 0
120 26 0 0 0 0 0 0 0 0
121 42 0 0 14 1 0 7 0 0
127 8 1 1 7 0 0 0 0 0
fn=call_init
27 64 0 0 0 0 0 40 0 0
29 16 1 1 8 0 0 0 0 0
35 48 0 0 8 0 0 0 0 0
37 16 0 0 0 0 0 0 0 0
43 21 1 1 7 0 0 7 0 0
46 21 0 0 14 4 0 0 0 0
47 2 0 0 0 0 0 0 0 0
51 12 0 0 6 0 0 0 0 0
59 18 0 0 6 5 0 0 0 0
60 24 1 1 8 3 0 4 0 0
63 6 0 0 6 4 0 0 0 0
64 12 0 0 0 0 0 0 0 0
70 15 0 0 10 6 0 0 0 0
72 10 0 0 10 0 0 0 0 0
73 105 0 0 0 0 0 0 0 0
74 80 1 1 20 5 0 20 0 0
76 48 0 0 48 0 0 0 0 0
fl=./elf/./elf/dl-load.c
fn=_dl_dst_count
238 65 1 1 0 0 0 65 1 1
241 26 0 0 0 0 0 13 1 1
244 26 0 0 0 0 0 0 0 0
245 13 0 0 0 0 0 0 0 0
264 91 1 1 78 0 0 0 0 0
fn=_dl_init_paths
706 12 2 2 0 0 0 8 0 0
720 4 0 0 0 0 0 2 0 0
725 1 0 0 0 0 0 1 0 0
727 3 0 0 0 0 0 0 0 0
734 3 0 0 0 0 0 0 0 0
735 2 1 1 1 0 0 0 0 0
739 4 0 0 0 0 0 1 1 1
741 4 0 0 2 0 0 0 0 0
747 1 0 0 0 0 0 1 0 0
748 1 0 0 0 0 0 1 0 0
756 9 0 0 0 0 0 4 0 0
758 8 1 1 0 0 0 4 1 1
759 4 1 1 0 0 0 4 0 0
761 5 0 0 0 0 0 4 1 1
762 7 0 0 3 1 1 4 1 1
763 7 0 0 0 0 0 0 0 0
766 9 0 0 3 1 1 0 0 0
767 9 0 0 1 0 0 0 0 0
768 18 1 1 4 0 0 5 0 0
770 29 2 2 6 0 0 6 0 0
776 1 0 0 0 0 0 1 0 0
777 1 0 0 0 0 0 1 0 0
782 1 0 0 1 0 0 0 0 0
785 3 0 0 0 0 0 0 0 0
787 4 0 0 1 0 0 0 0 0
789 3 1 1 1 0 0 0 0 0
806 1 0 0 0 0 0 1 0 0
808 3 2 2 1 0 0 0 0 0
822 2 1 1 0 0 0 1 0 0
825 5 1 1 2 0 0 0 0 0
827 12 1 1 0 0 0 2 0 0
831 2 0 0 0 0 0 0 0 0
832 60 0 0 15 0 0 0 0 0
833 14 0 0 0 0 0 0 0 0
834 28 1 1 0 0 0 0 0 0
836 1 0 0 0 0 0 1 0 0
837 1 0 0 0 0 0 0 0 0
838 2 0 0 0 0 0 0 0 0
844 6 0 0 1 0 0 1 0 0
847 3 0 0 2 0 0 0 0 0
853 1 0 0 0 0 0 1 0 0
857 8 0 0 7 0 0 0 0 0
fn=_dl_map_object
1971 120 1 1 0 0 0 108 5 5
1973 5 0 0 0 0 0 5 0 0
1979 24 1 1 0 0 0 0 0 0
1980 48 0 0 12 1 1 0 0 0
1983 234 1 1 54 0 0 12 0 0
1988 343 0 0 98 0 0 0 0 0
1990 245 1 1 0 0 0 49 2 2
1994 84 0 0 42 0 0 0 0 0
1995 126 0 0 42 0 0 0 0 0
1998 110 0 0 66 0 0 0 0 0
1999 66 1 1 22 0 0 0 0 0
2000 110 0 0 0 0 0 22 0 0
2014 30 0 0 5 0 0 0 0 0
2015 15 1 1 5 0 0 5 2 2
2023 15 0 0 5 0 0 0 0 0
2038 5 0 0 0 0 0 5 0 0
2040 25 1 1 0 0 0 5 0 0
2044 16 1 1 0 0 0 8 0 0
2046 8 0 0 4 0 0 0 0 0
2053 16 0 0 4 0 0 0 0 0
2057 4 1 1 4 0 0 0 0 0
2058 4 1 1 0 0 0 0 0 0
2062 15 0 0 5 0 0 0 0 0
2063 40 1 1 0 0 0 5 0 0
2065 36 0 0 0 0 0 16 0 0
2072 16 1 1 16 0 0 0 0 0
2077 8 0 0 0 0 0 0 0 0
2078 24 2 2 4 0 0 0 0 0
2079 52 1 1 12 0 0 12 0 0
2088 8 0 0 0 0 0 0 0 0
2103 8 0 0 4 0 0 0 0 0
2104 68 1 1 8 0 0 20 0 0
2110 20 0 0 0 0 0 0 0 0
2111 32 1 1 0 0 0 4 0 0
2119 4 0 0 0 0 0 4 0 0
2133 8 0 0 4 0 0 0 0 0
2135 12 1 1 4 0 0 0 0 0
2139 12 0 0 0 0 0 4 0 0
2141 8 0 0 0 0 0 0 0 0
2145 8 0 0 0 0 0 0 0 0
2153 12 0 0 4 0 0 0 0 0
2176 36 1 1 0 0 0 8 0 0
2180 8 0 0 0 0 0 0 0 0
2181 4 0 0 0 0 0 4 0 0
2198 8 0 0 4 0 0 0 0 0
2204 1 0 0 0 0 0 1 0 0
2205 4 0 0 0 0 0 1 0 0
2206 2 0 0 0 0 0 0 0 0
2207 3 1 1 0 0 0 0 0 0
2211 9 0 0 0 0 0 2 0 0
2214 2 0 0 0 0 0 0 0 0
2226 20 0 0 5 0 0 0 0 0
2271 10 1 1 5 0 0 5 0 0
2272 80 1 1 25 0 0 25 0 0
2274 108 0 0 84 0 0 0 0 0
fn=_dl_map_object_from_fd
944 70 1 1 0 0 0 50 2 2
954 15 1 1 5 0 0 10 1 1
961 20 0 0 5 0 0 5 0 0
999 95 0 0 30 0 0 0 0 0
1000 40 1 1 20 0 0 0 0 0
1018 10 1 1 5 0 0 0 0 0
1046 20 1 1 5 0 0 5 0 0
1056 10 0 0 5 0 0 0 0 0
1063 40 0 0 25 0 0 5 0 0
1064 10 0 0 0 0 0 0 0 0
1075 10 0 0 5 0 0 5 4 4
1076 15 0 0 5 0 0 5 0 0
1077 10 0 0 5 0 0 5 0 0
1079 15 0 0 0 0 0 0 0 0
1080 20 1 1 10 0 0 0 0 0
1081 8 1 1 0 0 0 4 0 0
1084 6 0 0 0 0 0 1 0 0
1085 6 1 1 1 0 0 1 1 1
1096 5 1 1 0 0 0 5 0 0
1098 5 0 0 0 0 0 5 0 0
1100 60 0 0 5 0 0 5 0 0
1101 5 0 0 0 0 0 0 0 0
1102 5 0 0 0 0 0 5 0 0
1103 5 0 0 0 0 0 5 0 0
1104 5 0 0 0 0 0 0 0 0
1110 189 1 1 10 0 0 0 0 0
1111 450 3 3 53 8 8 0 0 0
1117 10 0 0 5 0 0 0 0 0
1124 12 0 0 7 0 0 5 0 0
1125 15 0 0 5 2 2 5 0 0
1126 50 1 1 10 0 0 5 0 0
1131 2 0 0 1 0 0 1 0 0
1132 1 0 0 0 0 0 0 0 0
1137 155 0 0 65 4 4 5 0 0
1145 80 1 1 20 0 0 0 0 0
1146 130 0 0 0 0 0 20 4 4
1147 100 1 1 20 4 4 20 0 0
1148 40 0 0 0 0 0 20 0 0
1149 40 0 0 20 0 0 20 4 4
1151 120 0 0 20 1 1 0 0 0
1153 40 0 0 0 0 0 20 0 0
1166 40 0 0 0 0 0 0 0 0
1167 75 0 0 30 0 0 15 0 0
1172 20 0 0 0 0 0 0 0 0
1173 205 1 1 40 0 0 40 1 1
1183 20 0 0 0 0 0 0 0 0
1186 6 1 1 2 1 1 0 0 0
1190 8 0 0 0 0 0 2 2 2
1191 2 0 0 2 0 0 0 0 0
1195 10 0 0 0 0 0 2 0 0
1196 4 1 1 2 0 0 2 0 0
1199 2 0 0 0 0 0 2 1 1
1204 8 0 0 2 0 0 0 0 0
1219 10 1 1 5 0 0 5 0 0
1220 5 0 0 0 0 0 0 0 0
1223 20 0 0 10 2 2 5 1 1
1228 35 1 1 25 0 0 0 0 0
1238 95 0 0 0 0 0 0 0 0
1239 40 0 0 0 0 0 20 0 0
1245 10 1 1 0 0 0 0 0 0
1255 20 0 0 10 0 0 0 0 0
1262 35 0 0 15 0 0 5 0 0
1278 20 1 1 10 0 0 0 0 0
1279 15 0 0 5 0 0 5 0 0
1285 18 1 1 4 0 0 0 0 0
1286 10 0 0 0 0 0 0 0 0
1288 10 0 0 0 0 0 0 0 0
1298 15 1 1 5 0 0 0 0 0
1317 10 0 0 5 0 0 5 0 0
1319 30 0 0 10 0 0 0 0 0
1371 15 0 0 5 3 3 0 0 0
1372 4 0 0 2 0 0 2 0 0
1378 146 1 1 68 0 0 0 0 0
1379 251 1 1 53 45 45 0 0 0
1385 61 0 0 0 0 0 2 0 0
1390 20 1 1 5 0 0 5 0 0
1403 10 0 0 5 0 0 0 0 0
1405 20 1 1 10 0 0 5 0 0
1407 10 0 0 5 0 0 0 0 0
1423 10 0 0 0 0 0 5 0 0
1427 10 0 0 5 0 0 0 0 0
1428 10 0 0 5 0 0 0 0 0
1445 10 0 0 5 0 0 0 0 0
1446 1 0 0 0 0 0 1 0 0
1449 10 1 1 5 0 0 5 1 1
1454 10 0 0 5 0 0 0 0 0
1464 10 0 0 5 0 0 0 0 0
1471 40 1 1 15 1 1 0 0 0
1472 12 2 2 4 0 0 0 0 0
1473 27 0 0 9 0 0 3 0 0
1474 9 0 0 3 0 0 0 0 0
1475 5 0 0 1 0 0 1 0 0
1481 10 0 0 5 0 0 0 0 0
1482 8 0 0 2 0 0 0 0 0
1487 4 0 0 0 0 0 2 0 0
1494 15 1 1 5 0 0 5 0 0
1497 20 0 0 10 0 0 0 0 0
1516 10 1 1 0 0 0 0 0 0
1520 35 1 1 15 0 0 0 0 0
1521 20 0 0 5 0 0 5 0 0
1525 45 1 1 35 0 0 0 0 0
fn=_dl_process_pt_gnu_property
868 3 0 0 0 0 0 0 0 0
869 6 0 0 6 0 0 0 0 0
870 3 0 0 3 0 0 0 0 0
876 6 2 1 3 0 0 0 0 0
882 15 1 1 0 0 0 0 0 0
885 9 0 0 3 2 2 0 0 0
886 6 0 0 3 1 1 0 0 0
887 6 0 0 3 0 0 0 0 0
930 3 0 0 3 0 0 0 0 0
fn=cache_rpath
681 26 1 1 0 0 0 0 0 0
682 39 0 0 13 0 0 0 0 0
683 26 0 0 0 0 0 0 0 0
685 4 0 0 0 0 0 0 0 0
686 2 0 0 0 0 0 0 0 0
688 8 0 0 2 0 0 0 0 0
691 2 0 0 0 0 0 2 0 0
699 26 1 1 13 0 0 0 0 0
fn=expand_dynamic_string_token
385 14 2 2 0 0 0 8 0 0
395 4 0 0 0 0 0 2 0 0
398 4 0 0 0 0 0 0 0 0
399 4 0 0 0 0 0 0 0 0
410 10 0 0 8 0 0 0 0 0
fn=fillin_rpath.isra.0
468 16 1 1 0 0 0 12 0 0
472 1 0 0 0 0 0 0 0 0
474 12 1 1 4 0 0 2 0 0
481 2 0 0 1 0 0 0 0 0
483 4 0 0 1 0 0 1 0 0
487 2 0 0 0 0 0 0 0 0
492 3 1 1 0 0 0 1 0 0
493 2 0 0 0 0 0 0 0 0
500 5 0 0 1 0 0 0 0 0
505 4 1 1 0 0 0 1 0 0
509 15 1 1 5 0 0 0 0 0
510 8 0 0 4 0 0 0 0 0
528 4 1 1 1 0 0 1 0 0
532 4 1 1 2 0 0 0 0 0
534 2 0 0 0 0 0 0 0 0
538 1 0 0 0 0 0 1 0 0
539 2 0 0 1 0 0 0 0 0
540 4 0 0 0 0 0 2 0 0
541 1 1 1 0 0 0 1 0 0
543 2 0 0 1 0 0 0 0 0
549 4 0 0 1 0 0 0 0 0
550 35 0 0 1 0 0 0 0 0
551 10 0 0 0 0 0 10 0 0
553 2 1 1 1 0 0 1 0 0
554 3 0 0 1 0 0 0 0 0
555 1 0 0 0 0 0 1 0 0
561 2 0 0 1 0 0 1 0 0
562 1 0 0 0 0 0 1 0 0
565 3 0 0 0 0 0 1 0 0
571 1 0 0 0 0 0 1 0 0
574 10 0 0 7 0 0 0 0 0
fn=open_path
1819 44 2 2 0 0 0 36 3 3
1820 8 0 0 4 0 0 4 0 0
1823 4 0 0 0 0 0 4 0 0
1824 4 0 0 0 0 0 0 0 0
1826 8 0 0 0 0 0 0 0 0
1829 8 0 0 0 0 0 0 0 0
1831 32 1 1 8 0 0 4 0 0
1834 8 0 0 8 0 0 0 0 0
1838 4 0 0 0 0 0 0 0 0
1843 24 1 1 4 0 0 4 0 0
1850 20 0 0 12 0 0 4 1 1
1851 142 2 2 44 0 0 0 0 0
1854 80 0 0 40 0 0 0 0 0
1859 143 1 1 65 0 0 26 0 0
1862 39 0 0 13 0 0 0 0 0
1868 39 0 0 13 0 0 0 0 0
1869 12 0 0 0 0 0 12 1 1
1871 104 1 1 65 0 0 13 0 0
1873 39 0 0 13 0 0 0 0 0
1875 20 0 0 0 0 0 0 0 0
1880 20 1 1 10 0 0 0 0 0
1881 80 1 1 40 0 0 0 0 0
1887 40 1 1 20 0 0 10 0 0
1889 59 1 1 0 0 0 19 0 0
1890 2 0 0 1 0 0 0 0 0
1892 18 0 0 0 0 0 1 0 0
1899 12 0 0 0 0 0 0 0 0
1901 14 0 0 0 0 0 4 0 0
1940 28 1 1 4 0 0 0 0 0
1945 4 0 0 4 0 0 0 0 0
1947 16 1 1 12 0 0 0 0 0
1950 16 0 0 8 0 0 0 0 0
1964 36 1 1 28 0 0 0 0 0
fn=open_verify.constprop.0
1578 216 1 1 0 0 0 144 1 1
1610 54 0 0 18 0 0 0 0 0
1615 26 1 1 0 0 0 0 0 0
1629 90 0 0 0 0 0 18 1 1
1631 36 1 1 0 0 0 0 0 0
1639 5 0 0 0 0 0 5 0 0
1640 5 0 0 0 0 0 5 0 0
1645 40 0 0 0 0 0 5 0 0
1647 10 1 1 0 0 0 0 0 0
1649 10 0 0 5 0 0 5 0 0
1651 10 0 0 0 0 0 0 0 0
1657 10 0 0 0 0 0 0 0 0
1674 74 3 3 23 2 2 0 0 0
1755 10 0 0 5 0 0 0 0 0
1760 10 1 1 5 0 0 0 0 0
1766 20 0 0 5 0 0 0 0 0
1772 10 0 0 5 0 0 0 0 0
1778 20 0 0 5 0 0 0 0 0
1779 20 1 1 5 0 0 0 0 0
1783 5 1 1 0 0 0 0 0 0
1784 5 0 0 0 0 0 1 0 0
1805 162 0 0 126 0 0 0 0 0
fl=./elf/./elf/dl-lookup-direct.c
fn=_dl_lookup_direct
74 33 2 2 0 0 0 24 0 0
75 3 0 0 3 0 0 0 0 0
76 6 0 0 0 0 0 0 0 0
78 21 0 0 9 2 0 0 0 0
79 6 0 0 0 0 0 0 0 0
81 9 1 1 3 0 0 0 0 0
84 25 0 0 5 3 1 0 0 0
86 9 0 0 0 0 0 0 0 0
87 18 0 0 6 0 0 3 0 0
90 6 0 0 0 0 0 0 0 0
93 6 1 1 0 0 0 0 0 0
115 3 0 0 0 0 0 0 0 0
116 27 0 0 21 0 0 0 0 0
fn=check_match
31 27 1 1 0 0 0 15 0 0
32 12 1 1 9 0 0 0 0 0
33 9 0 0 0 0 0 0 0 0
35 6 0 0 3 3 3 0 0 0
36 6 0 0 3 0 0 0 0 0
40 9 0 0 0 0 0 0 0 0
48 9 0 0 3 0 0 3 0 0
51 6 0 0 6 0 0 0 0 0
53 15 1 1 3 0 0 3 0 0
57 6 0 0 6 2 1 0 0 0
58 18 0 0 6 0 0 0 0 0
59 9 0 0 3 0 0 3 0 0
64 21 0 0 18 0 0 0 0 0
fl=./elf/./elf/dl-lookup.c
fn=_dl_lookup_symbol_x
756 24596 4 4 0 0 0 15136 9 2
758 3784 0 0 0 0 0 1892 0 0
759 3784 0 0 0 0 0 1892 0 0
762 1892 0 0 1892 5 1 0 0 0
766 7532 0 0 1874 0 0 0 0 0
768 22704 2 2 1892 0 0 5676 5 1
769 3784 0 0 1892 0 0 0 0 0
771 3784 2 2 3784 7 1 0 0 0
775 3859 0 0 15 1 0 0 0 0
776 32164 2 2 11352 0 0 13244 6 3
781 9460 0 0 3784 0 0 0 0 0
783 90 1 1 15 0 0 0 0 0
800 1892 0 0 0 0 0 1892 0 0
801 45 1 1 0 0 0 0 0 0
804 3784 0 0 1892 0 0 0 0 0
805 13123 0 0 1873 0 0 0 0 0
812 1877 2 2 1877 0 0 0 0 0
840 7508 0 0 1877 0 0 0 0 0
854 5631 0 0 1877 16 3 0 0 0
855 2 1 1 0 0 0 1 0 0
857 3754 0 0 1877 0 0 0 0 0
874 1877 0 0 1877 0 0 0 0 0
876 17028 2 2 13244 0 0 0 0 0
fn=check_match
71 24518 4 4 3772 0 0 9430 16 6
74 13202 1 1 3772 312 224 0 0 0
79 1896 0 0 0 0 0 0 0 0
87 9405 2 2 0 0 0 0 0 0
90 4278 0 0 172 0 0 86 0 0
94 1881 0 0 1881 11 2 0 0 0
95 3762 0 0 0 0 0 0 0 0
97 3756 0 0 0 0 0 0 0 0
116 3756 0 0 3756 65 21 0 0 0
117 15024 1 1 5634 30 3 0 0 0
118 9365 2 2 3746 9 1 1873 0 0
119 10 0 0 5 0 0 0 0 0
120 10 0 0 0 0 0 0 0 0
145 6 1 1 0 0 0 0 0 0
147 18 0 0 6 3 0 0 0 0
148 12 0 0 0 0 0 0 0 0
151 2 0 0 0 0 0 0 0 0
152 7 0 0 3 0 0 1 0 0
154 3 0 0 1 0 0 1 0 0
163 11316 0 0 11316 0 0 0 0 0
fn=do_lookup_x
171 300 0 0 2 0 0 0 0 0
172 888 4 4 510 0 0 2 0 0
173 940 0 0 250 47 47 0 0 0
175 98 0 0 0 0 0 0 0 0
176 294 0 0 0 0 0 0 0 0
177 528 1 1 0 0 0 0 0 0
180 152 0 0 0 0 0 152 0 0
181 152 1 1 0 0 0 152 0 0
182 82 0 0 0 0 0 82 19 11
183 152 0 0 0 0 0 152 24 24
223 492 1 1 82 0 0 328 0 0
225 738 1 1 82 2 0 246 0 0
227 164 0 0 82 2 0 0 0 0
228 82 0 0 82 0 0 0 0 0
229 328 0 0 164 0 0 0 0 0
231 2521 1 1 127 0 0 405 0 0
232 486 1 1 0 0 0 0 0 0
235 352 0 0 176 0 0 0 0 0
236 176 1 1 176 68 25 0 0 0
255 352 0 0 0 0 0 0 0 0
258 95 0 0 0 0 0 0 0 0
259 285 0 0 0 0 0 0 0 0
260 276 1 1 0 0 0 0 0 0
263 1458 0 0 648 1 0 0 0 0
270 12 1 1 0 0 0 6 0 0
273 4 0 0 0 0 0 0 0 0
280 290 2 2 4 0 0 0 0 0
281 276 0 0 92 4 1 0 0 0
282 350 1 1 210 9 0 0 0 0
286 18 1 1 6 0 0 4 0 0
287 2 0 0 0 0 0 2 0 0
289 4 0 0 2 0 0 2 0 0
290 8 0 0 6 0 0 2 0 0
301 3 1 1 2 0 0 0 0 0
303 2 0 0 0 0 0 0 0 0
306 1 0 0 0 0 0 1 0 0
307 1 0 0 0 0 0 1 0 0
308 2 0 0 1 0 0 1 1 1
311 164 0 0 0 0 0 0 0 0
312 492 2 2 164 0 0 0 0 0
319 328 0 0 82 0 0 0 0 0
330 574 1 1 246 0 0 82 0 0
332 164 0 0 164 0 0 82 0 0
334 246 0 0 164 0 0 82 0 0
335 164 0 0 0 0 0 82 0 0
348 26488 4 4 3784 0 0 18920 8 3
349 1892 0 0 1892 3 0 0 0 0
354 1892 0 0 0 0 0 0 0 0
355 1892 0 0 1892 4 1 0 0 0
359 11986 2 2 11986 37 7 0 0 0
362 11986 0 0 0 0 0 0 0 0
366 23356 0 0 1901 0 0 0 0 0
370 11980 0 0 5990 26 4 0 0 0
374 11980 0 0 5990 3 1 0 0 0
380 17970 2 1 5990 19 3 0 0 0
384 5990 0 0 0 0 0 5990 8 2
385 5990 0 0 0 0 0 5990 0 0
388 29950 0 0 17970 62 8 0 0 0
389 17970 0 0 11980 3 0 0 0 0
392 5990 0 0 5990 0 0 0 0 0
393 11980 3 2 0 0 0 0 0 0
395 5990 0 0 5990 884 124 0 0 0
396 3784 0 0 0 0 0 0 0 0
397 11980 0 0 5990 0 0 0 0 0
400 23960 0 0 5990 0 0 0 0 0
403 41930 0 0 0 0 0 0 0 0
406 3908 0 0 3908 1186 203 0 0 0
407 5862 5 2 0 0 0 0 0 0
408 3908 0 0 0 0 0 0 0 0
410 3896 0 0 1948 0 0 0 0 0
413 24150 0 0 4830 1694 481 0 0 0
415 5658 2 2 1886 0 0 0 0 0
416 47832 7 4 9430 0 0 23004 12 5
417 3772 0 0 0 0 0 0 0 0
420 5658 0 0 0 0 0 0 0 0
423 8882 0 0 10 0 0 0 0 0
432 1 1 1 0 0 0 1 0 0
437 16884 6 4 11256 0 0 0 0 0
454 145 2 2 73 0 0 0 0 0
456 2 0 0 0 0 0 0 0 0
460 3754 0 0 0 0 0 0 0 0
467 9876 0 0 1877 0 0 0 0 0
471 3732 3 2 1244 4 1 0 0 0
483 3590 0 0 1795 0 0 1795 0 0
484 1795 0 0 0 0 0 1795 0 0
485 3754 0 0 0 0 0 0 0 0
502 12348 0 0 0 0 0 0 0 0
505 15 0 0 0 0 0 0 0 0
506 15136 0 0 13244 0 0 0 0 0
fl=./elf/./elf/dl-minimal-malloc.c
fn=__minimal_calloc
78 68 0 0 0 0 0 0 0 0
82 17 1 1 0 0 0 0 0 0
85 17 1 1 0 0 0 0 0 0
86 51 0 0 0 0 0 0 0 0
fn=__minimal_free
97 12 0 0 6 0 0 0 0 0
fn=__minimal_malloc
35 168 1 1 0 0 0 84 0 0
36 126 0 0 42 4 1 0 0 0
41 3 0 0 0 0 0 1 0 0
42 2 1 1 1 0 0 0 0 0
43 2 0 0 0 0 0 0 0 0
47 167 1 1 41 0 0 42 0 0
50 282 0 0 0 0 0 0 0 0
55 12 1 1 3 0 0 0 0 0
56 12 0 0 0 0 0 0 0 0
58 3 0 0 0 0 0 0 0 0
59 24 0 0 0 0 0 3 1 1
61 6 0 0 0 0 0 0 0 0
63 6 0 0 3 0 0 0 0 0
65 8 0 0 0 0 0 3 0 0
68 43 0 0 1 0 0 42 4 1
69 46 0 0 0 0 0 42 0 0
71 168 0 0 126 0 0 0 0 0
fl=./elf/./elf/dl-minimal.c
fn=__rtld_malloc_init_real
76 7 1 1 0 0 0 5 0 0
86 2 0 0 0 0 0 1 0 0
87 1 0 0 0 0 0 1 0 0
89 1 0 0 0 0 0 1 0 0
91 6 0 0 0 0 0 1 0 0
92 5 1 1 0 0 0 1 0 0
93 5 0 0 0 0 0 1 0 0
94 4 0 0 0 0 0 1 0 0
99 1 0 0 0 0 0 1 0 0
100 1 1 1 0 0 0 1 0 0
101 1 0 0 0 0 0 1 0 0
102 1 0 0 0 0 0 1 0 0
103 7 0 0 6 0 0 0 0 0
fn=__rtld_malloc_init_stubs
43 2 1 1 0 0 0 1 1 1
44 2 0 0 0 0 0 1 0 0
45 2 0 0 0 0 0 1 0 0
46 2 1 1 0 0 0 1 0 0
47 1 0 0 1 0 0 0 0 0
fn=lookup_malloc_symbol
61 28 1 1 0 0 0 12 0 0
63 4 0 0 0 0 0 4 0 0
64 28 1 1 4 0 0 12 0 0
68 28 0 0 16 0 0 0 0 0
69 28 1 1 12 0 0 0 0 0
71 4 0 0 0 0 0 4 0 0
72 24 0 0 20 0 0 0 0 0
fn=strsep
242 6 1 1 2 1 1 0 0 0
244 2 0 0 2 0 0 0 0 0
245 4 1 1 0 0 0 0 0 0
249 91 1 1 15 0 0 0 0 0
254 56 0 0 0 0 0 0 0 0
256 112 0 0 28 0 0 0 0 0
260 14 0 0 0 0 0 0 0 0
267 1 0 0 0 0 0 1 0 0
271 4 0 0 2 0 0 0 0 0
fl=./elf/./elf/dl-misc.c
fn=_dl_higher_prime_number
124 2 0 0 0 0 0 0 0 0
125 2 0 0 0 0 0 0 0 0
127 26 1 1 0 0 0 0 0 0
129 87 0 0 0 0 0 0 0 0
130 30 0 0 10 4 2 0 0 0
131 6 0 0 0 0 0 0 0 0
145 2 0 0 2 0 0 0 0 0
146 2 0 0 2 0 0 0 0 0
fn=_dl_name_match_p
68 535 1 1 0 0 0 214 0 0
69 428 0 0 107 0 0 107 0 0
70 18 0 0 0 0 0 0 0 0
72 107 0 0 107 0 0 0 0 0
74 422 0 0 0 0 0 0 0 0
75 610 1 1 122 0 0 122 0 0
80 104 0 0 104 0 0 0 0 0
82 89 0 0 0 0 0 0 0 0
83 428 0 0 321 0 0 0 0 0
fn=_dl_sysdep_read_whole_file
36 8 1 1 0 0 0 4 0 0
39 3 0 0 0 0 0 1 0 0
40 2 0 0 0 0 0 0 0 0
42 6 1 1 0 0 0 1 0 0
44 2 0 0 1 1 1 1 1 1
47 2 0 0 0 0 0 0 0 0
49 8 0 0 0 0 0 1 0 0
60 3 0 0 0 0 0 1 0 0
63 7 0 0 5 0 0 0 0 0
fl=./elf/./elf/dl-object.c
fn=_dl_add_to_namespace_list
31 30 1 1 0 0 0 18 0 0
33 18 0 0 6 0 0 6 1 1
35 53 1 1 6 0 0 0 0 0
38 80 0 0 20 0 0 0 0 0
40 5 0 0 0 0 0 5 0 0
42 5 0 0 0 0 0 5 0 0
45 2 1 1 0 0 0 1 0 0
46 18 0 0 6 0 0 0 0 0
47 12 0 0 6 1 1 6 0 0
48 12 0 0 0 0 0 6 0 0
50 12 0 0 6 0 0 0 0 0
51 18 0 0 18 0 0 0 0 0
fn=_dl_new_object
59 78 1 1 0 0 0 54 2 2
62 12 0 0 0 0 0 0 0 0
64 2 1 1 0 0 0 0 0 0
66 3 1 1 1 0 0 0 0 0
67 2 0 0 0 0 0 0 0 0
71 6 1 1 0 0 0 2 0 0
77 2 0 0 0 0 0 0 0 0
80 5 0 0 5 0 0 0 0 0
83 31 1 1 5 0 0 16 0 0
87 10 0 0 0 0 0 0 0 0
92 5 0 0 0 0 0 0 0 0
95 12 0 0 0 0 0 0 0 0
98 6 1 1 0 0 0 6 6 6
99 6 0 0 0 0 0 6 6 6
100 12 0 0 6 0 0 0 0 0
103 12 0 0 0 0 0 6 0 0
104 42 0 0 18 0 0 18 1 1
106 6 0 0 0 0 0 6 0 0
119 22 1 1 11 0 0 0 0 0
123 5 0 0 0 0 0 0 0 0
125 1 0 0 0 0 0 0 0 0
127 42 0 0 12 6 6 12 0 0
130 12 0 0 6 0 0 0 0 0
131 12 1 1 0 0 0 6 6 6
132 6 0 0 0 0 0 6 0 0
136 6 1 1 0 0 0 6 0 0
139 82 1 1 0 0 0 0 0 0
141 16 0 0 0 0 0 16 4 4
149 12 0 0 0 0 0 6 0 0
150 6 0 0 0 0 0 6 6 6
153 1 1 1 0 0 0 0 0 0
155 36 0 0 6 0 0 0 0 0
157 20 0 0 0 0 0 5 4 4
160 14 0 0 0 0 0 0 0 0
164 24 0 0 6 0 0 0 0 0
168 30 1 1 5 0 0 0 0 0
176 1 1 1 0 0 0 1 1 1
179 12 1 1 0 0 0 6 0 0
189 18 0 0 6 0 0 0 0 0
191 25 0 0 0 0 0 10 0 0
195 15 0 0 0 0 0 0 0 0
200 20 0 0 0 0 0 0 0 0
208 5 0 0 0 0 0 0 0 0
212 5 0 0 0 0 0 0 0 0
245 20 1 1 5 0 0 5 0 0
250 168 0 0 0 0 0 0 0 0
251 168 0 0 84 0 0 0 0 0
253 10 0 0 0 0 0 0 0 0
256 5 0 0 0 0 0 5 0 0
259 5 0 0 0 0 0 5 1 1
263 54 0 0 42 0 0 0 0 0
fl=./elf/./elf/dl-profstub.c
fn=_dl_mcount_wrapper_check
36 128 0 0 0 0 0 0 0 0
37 384 1 1 256 0 0 0 0 0
39 128 1 1 128 0 0 0 0 0
fl=./elf/./elf/dl-reloc.c
fn=_dl_protect_relro
355 14 0 0 0 0 0 7 0 0
356 42 1 1 21 2 0 0 0 0
359 14 1 1 7 0 0 0 0 0
363 14 0 0 0 0 0 0 0 0
364 35 0 0 0 0 0 7 0 0
370 14 0 0 14 0 0 0 0 0
fn=_dl_relocate_object
170 13564 1 1 3391 1695 1321 0 0 0
171 6748 0 0 0 0 0 0 0 0
174 15420 1 1 3374 6 2 0 0 0
175 12219 1 1 2250 6 0 0 0 0
177 1608 1 1 1608 3 0 0 0 0
178 4824 0 0 1608 0 0 1608 0 0
182 1685 1 1 662 4 2 18 1 0
183 1766 1 1 0 0 0 1766 0 0
184 1766 0 0 0 0 0 1766 0 0
186 14169 1 1 7064 2 0 27 0 0
187 1760 0 0 0 0 0 0 0 0
188 10560 0 0 1760 59 0 1760 0 0
190 12368 1 1 1766 0 0 5298 1 0
193 1766 0 0 1766 0 0 0 0 0
194 12362 1 1 5298 0 0 1766 1 0
196 1608 0 0 1608 0 0 0 0 0
207 84 1 1 0 0 0 49 0 0
217 14 0 0 0 0 0 0 0 0
218 21 0 0 0 0 0 7 0 0
221 7 0 0 0 0 0 0 0 0
223 14 0 0 0 0 0 0 0 0
225 7 0 0 7 0 0 0 0 0
226 21 1 1 7 2 0 0 0 0
245 14 1 1 7 0 0 0 0 0
251 28 0 0 7 0 0 0 0 0
252 14 1 1 7 7 0 0 0 0
255 14 0 0 0 0 0 0 0 0
262 28 1 1 7 1 0 7 0 0
301 11653 8 8 1358 264 227 56 1 0
304 42 0 0 7 0 0 0 0 0
328 7 0 0 7 1 0 0 0 0
331 14 0 0 7 0 0 0 0 0
348 14 0 0 7 4 0 0 0 0
349 14 1 1 0 0 0 7 1 0
350 56 0 0 49 3 0 0 0 0
fl=./elf/./elf/dl-runtime.c
fn=_dl_fixup
46 854 3 2 0 0 0 488 0 0
48 610 0 0 488 9 4 0 0 0
49 366 0 0 244 0 0 0 0 0
54 122 0 0 122 6 2 0 0 0
55 488 2 2 122 8 2 0 0 0
56 854 0 0 122 116 15 122 0 0
58 244 0 0 122 9 0 0 0 0
63 244 0 0 0 0 0 0 0 0
67 244 2 2 122 116 79 0 0 0
71 366 0 0 122 7 2 0 0 0
75 366 0 0 244 97 12 0 0 0
76 488 0 0 122 2 1 0 0 0
77 366 0 0 122 25 6 0 0 0
84 122 0 0 0 0 0 0 0 0
85 366 1 1 122 0 0 0 0 0
95 1342 1 1 244 8 2 366 2 1
99 610 0 0 366 0 0 0 0 0
109 1220 1 1 488 3 2 122 0 0
124 488 0 0 122 0 0 0 0 0
125 16 0 0 0 0 0 8 0 0
133 366 0 0 122 0 0 0 0 0
159 366 0 0 122 0 0 0 0 0
162 244 3 2 122 0 0 0 0 0
163 732 0 0 610 0 0 0 0 0
fl=./elf/./elf/dl-setup_hash.c
fn=_dl_setup_hash
25 7 0 0 0 0 0 0 0 0
28 21 1 1 7 0 0 0 0 0
31 21 0 0 14 0 0 0 0 0
32 14 1 1 7 7 7 7 1 1
33 7 0 0 7 0 0 0 0 0
34 7 0 0 7 0 0 0 0 0
36 21 0 0 0 0 0 0 0 0
37 7 0 0 0 0 0 7 0 0
38 21 0 0 7 0 0 7 0 0
40 7 0 0 0 0 0 7 0 0
41 14 0 0 0 0 0 0 0 0
43 7 0 0 0 0 0 7 0 0
45 21 1 1 0 0 0 7 0 0
50 7 0 0 7 0 0 0 0 0
fl=./elf/./elf/dl-sort-maps.c
fn=_dl_sort_maps
145 64 0 0 14 0 0 12 0 0
186 2 0 0 0 0 0 2 0 0
187 4 0 0 2 0 0 0 0 0
188 52 2 2 0 0 0 0 0 0
189 28 0 0 28 0 0 0 0 0
216 18 4 4 0 0 0 0 0 0
221 4 0 0 0 0 0 2 0 0
223 2 0 0 0 0 0 2 0 0
224 10 0 0 0 0 0 0 0 0
226 38 0 0 0 0 0 0 0 0
228 14 0 0 14 0 0 0 0 0
231 42 2 2 14 0 0 0 0 0
249 8 0 0 2 0 0 0 0 0
262 2 2 2 0 0 0 0 0 0
269 8 2 2 0 0 0 2 0 0
282 8 0 0 2 0 0 0 0 0
304 24 4 3 0 0 0 14 0 0
312 6 0 0 2 1 0 0 0 0
316 18 0 0 14 0 0 0 0 0
fn=_dl_sort_maps_init
295 1 1 1 0 0 0 0 0 0
296 4 0 0 0 0 0 1 0 0
297 1 0 0 0 0 0 1 0 0
298 3 0 0 1 0 0 0 0 0
299 2 0 0 1 0 0 0 0 0
fn=dfs_traversal.part.0
140 112 4 4 0 0 0 56 0 0
145 66 0 0 33 0 0 0 0 0
148 14 0 0 14 0 0 0 0 0
150 42 0 0 14 3 3 0 0 0
152 176 0 0 44 6 6 0 0 0
161 49 2 2 7 0 0 0 0 0
176 42 1 1 14 0 0 14 0 0
177 14 0 0 0 0 0 14 0 0
178 94 0 0 72 0 0 2 0 0
fl=./elf/./elf/dl-tunables.c
fn=__GI___tunable_set_val
158 30 1 1 0 0 0 0 0 0
160 5 0 0 0 0 0 0 0 0
fn=__GI___tunables_init
71 310 0 0 62 0 0 0 0 0
74 61 0 0 0 0 0 0 0 0
77 5803 1 1 829 30 30 0 0 0
81 122 0 0 0 0 0 0 0 0
86 244 1 1 0 0 0 0 0 0
152 122 1 1 0 0 0 0 0 0
273 3 0 0 1 0 0 0 0 0
282 8 1 1 0 0 0 6 0 0
305 9028 0 0 0 0 0 0 0 0
307 5 1 1 0 0 0 0 0 0
311 12383 0 0 4514 37 37 0 0 0
323 244 1 1 61 0 0 0 0 0
357 8 0 0 7 0 0 0 0 0
fn=__tunable_get_val
408 372 1 1 34 24 16 0 0 0
417 44 0 0 34 7 0 10 0 0
427 24 0 0 0 0 0 24 0 0
428 24 0 0 0 0 0 0 0 0
434 170 1 1 34 7 0 0 0 0
436 34 0 0 34 0 0 0 0 0
fn=do_tunable_update_val
99 5 1 1 0 0 0 0 0 0
102 15 0 0 5 0 0 0 0 0
111 5 0 0 5 0 0 0 0 0
112 20 0 0 10 0 0 0 0 0
113 25 0 0 10 0 0 0 0 0
116 10 0 0 0 0 0 0 0 0
119 15 0 0 0 0 0 0 0 0
123 20 0 0 0 0 0 0 0 0
130 10 0 0 0 0 0 0 0 0
131 10 0 0 0 0 0 0 0 0
134 5 0 0 0 0 0 5 0 0
135 5 0 0 0 0 0 5 0 0
136 5 0 0 0 0 0 5 0 0
137 5 0 0 0 0 0 5 0 0
138 5 0 0 5 0 0 0 0 0
fl=./elf/./elf/dl-tunables.h
fn=__GI___tunables_init
140 1533 1 1 694 1 1 0 0 0
141 2608 0 0 0 0 0 0 0 0
fn=do_tunable_update_val
121 10 0 0 0 0 0 0 0 0
122 5 1 1 0 0 0 0 0 0
131 5 1 1 0 0 0 0 0 0
fl=./elf/./elf/dl-version.c
fn=_dl_check_all_versions
392 5 1 1 0 0 0 4 0 0
394 2 0 0 0 0 0 0 0 0
396 26 0 0 7 0 0 0 0 0
397 7 0 0 0 0 0 0 0 0
398 63 1 1 7 0 0 7 0 0
401 7 0 0 5 0 0 0 0 0
fn=_dl_check_map_versions
36 171 0 0 22 0 0 0 0 0
37 47 0 0 47 0 0 0 0 0
38 290 1 1 0 0 0 58 0 0
56 180 0 0 135 0 0 0 0 0
64 135 0 0 45 0 0 0 0 0
70 135 0 0 45 1 0 0 0 0
86 45 0 0 45 1 0 0 0 0
87 90 1 1 0 0 0 0 0 0
89 45 0 0 45 0 0 0 0 0
94 1787 0 0 736 28 28 135 0 0
108 1472 0 0 736 12 12 0 0 0
110 45 1 1 45 0 0 0 0 0
113 315 1 1 90 3 3 90 0 0
120 2073 0 0 691 14 14 0 0 0
124 691 1 1 0 0 0 0 0 0
155 56 2 2 0 0 0 49 0 0
156 7 0 0 0 0 0 7 0 0
164 12 1 1 0 0 0 7 0 0
170 21 0 0 7 0 0 0 0 0
172 28 0 0 14 0 0 0 0 0
174 7 0 0 7 1 0 0 0 0
175 7 0 0 7 1 0 0 0 0
177 14 0 0 0 0 0 0 0 0
180 15 1 1 10 0 0 0 0 0
184 35 0 0 5 5 5 20 0 0
198 6 0 0 0 0 0 0 0 0
200 33 1 1 22 1 1 0 0 0
204 22 0 0 0 0 0 0 0 0
208 33 0 0 11 0 0 0 0 0
213 33 0 0 11 1 1 0 0 0
215 34 0 0 0 0 0 0 0 0
217 135 1 1 90 11 11 0 0 0
218 335 1 1 251 1 0 0 0 0
221 90 0 0 45 0 0 45 0 0
224 180 0 0 90 0 0 0 0 0
225 5 0 0 0 0 0 1 0 0
228 24 1 1 12 0 0 11 0 0
231 180 0 0 45 0 0 0 0 0
234 135 0 0 45 0 0 0 0 0
239 34 0 0 0 0 0 0 0 0
243 33 0 0 11 0 0 0 0 0
248 6 0 0 0 0 0 0 0 0
257 30 1 1 15 0 0 0 0 0
260 10 0 0 10 0 0 0 0 0
263 507 0 0 128 7 7 5 0 0
266 374 0 0 123 4 4 5 0 0
270 118 0 0 0 0 0 0 0 0
274 18 1 1 6 0 0 0 0 0
279 6 0 0 0 0 0 6 2 0
280 24 2 2 6 0 0 6 0 0
281 18 0 0 6 0 0 0 0 0
291 6 0 0 0 0 0 6 0 0
294 32 1 1 19 3 0 6 1 0
296 12 0 0 0 0 0 0 0 0
299 20 0 0 10 0 0 0 0 0
301 6 0 0 0 0 0 0 0 0
303 33 0 0 11 0 0 0 0 0
306 135 1 1 45 0 0 0 0 0
308 180 0 0 0 0 0 0 0 0
310 225 0 0 45 0 0 45 0 0
311 90 0 0 0 0 0 45 17 17
312 135 1 1 45 0 0 45 3 3
313 135 0 0 45 0 0 45 2 2
316 135 0 0 45 0 0 0 0 0
321 34 0 0 0 0 0 0 0 0
324 33 0 0 11 0 0 0 0 0
329 6 0 0 0 0 0 0 0 0
334 12 0 0 0 0 0 0 0 0
337 10 0 0 5 0 0 0 0 0
341 118 0 0 118 0 0 0 0 0
343 246 0 0 123 0 0 0 0 0
347 118 0 0 118 0 0 0 0 0
348 590 0 0 118 0 0 118 30 30
349 354 0 0 118 0 0 118 0 0
350 118 0 0 0 0 0 118 15 15
353 369 0 0 123 0 0 0 0 0
357 118 0 0 0 0 0 0 0 0
365 10 0 0 0 0 0 0 0 0
366 10 1 1 5 0 0 0 0 0
367 10 1 1 5 0 0 0 0 0
368 4 0 0 2 0 0 0 0 0
370 4 1 1 3 0 0 0 0 0
372 108 1 1 28 0 0 0 0 0
373 52 0 0 0 0 0 0 0 0
375 2 0 0 1 0 0 0 0 0
376 7 1 1 0 0 0 1 0 0
387 63 0 0 56 0 0 0 0 0
fl=./elf/./elf/do-rel.h
fn=_dl_relocate_object
49 42 1 1 14 1 0 0 0 0
50 42 0 0 14 0 0 14 0 0
51 7 0 0 7 0 0 0 0 0
53 84 0 0 28 1 0 14 0 0
72 11 0 0 0 0 0 0 0 0
73 13 2 2 0 0 0 8 0 0
80 42 0 0 14 0 0 0 0 0
83 3632 1 1 5 0 0 5 0 0
85 4796 1 1 1199 449 448 0 0 0
87 171 0 0 0 0 0 0 0 0
96 25 0 0 5 1 0 0 0 0
97 193 1 1 2 0 0 2 0 0
98 114 0 0 57 0 0 0 0 0
114 27 1 1 0 0 0 0 0 0
123 2728 1 1 0 0 0 0 0 0
124 1804 0 0 902 115 112 0 0 0
126 27 1 1 9 6 0 0 0 0
129 28 0 0 14 3 0 7 1 0
131 13569 1 1 3394 0 0 0 0 0
133 16935 0 0 10161 2108 1154 0 0 0
134 13548 0 0 3387 0 0 3387 1 0
135 10161 1 1 6774 0 0 3387 0 0
136 13548 0 0 3387 2 0 0 0 0
138 10161 0 0 0 0 0 0 0 0
140 10 0 0 2 1 0 4 0 0
143 2 0 0 0 0 0 0 0 0
147 3385 0 0 0 0 0 3385 0 0
150 10178 1 1 3385 0 0 0 0 0
151 12 1 1 4 0 0 0 0 0
163 36 0 0 18 1 0 0 0 0
164 28 2 2 4 0 0 2 0 0
165 6 0 0 2 0 0 0 0 0
168 6 0 0 4 0 0 0 0 0
170 16 1 1 4 1 0 2 0 0
171 2 0 0 2 0 0 0 0 0
172 4 0 0 2 0 0 0 0 0
179 35 0 0 8 0 0 3 0 0
181 42 0 0 12 2 2 6 0 0
182 12 0 0 12 0 0 0 0 0
184 18 1 1 0 0 0 0 0 0
192 6 0 0 0 0 0 6 0 0
195 18 1 1 6 0 0 0 0 0
209 6 0 0 3 0 0 0 0 0
fn=_dl_start
49 6 0 0 2 0 0 0 0 0
50 4 0 0 2 0 0 0 0 0
51 1 0 0 1 0 0 0 0 0
53 10 0 0 4 0 0 0 0 0
56 4 0 0 0 0 0 0 0 0
61 25 1 1 0 0 0 0 0 0
63 21 1 1 7 2 2 0 0 0
64 14 0 0 0 0 0 0 0 0
65 7 0 0 7 0 0 0 0 0
fl=./elf/./elf/get-dynamic-info.h
fn=_dl_map_object_from_fd
39 10 0 0 0 0 0 0 0 0
43 5 0 0 0 0 0 0 0 0
45 531 0 0 134 36 36 0 0 0
49 258 0 0 0 0 0 0 0 0
54 121 0 0 0 0 0 0 0 0
55 82 0 0 0 0 0 0 0 0
56 25 0 0 0 0 0 0 0 0
58 5 0 0 0 0 0 0 0 0
59 25 2 2 0 0 0 0 0 0
62 20 1 1 0 0 0 0 0 0
64 20 0 0 0 0 0 0 0 0
68 129 0 0 0 0 0 129 31 31
72 20 1 1 5 0 0 0 0 0
84 17 0 0 7 0 0 0 0 0
85 20 0 0 10 0 0 0 0 0
86 20 1 1 10 0 0 0 0 0
87 20 0 0 10 0 0 0 0 0
88 17 0 0 7 1 1 0 0 0
89 19 0 0 9 1 1 0 0 0
90 19 0 0 9 1 1 0 0 0
91 20 1 1 10 0 0 0 0 0
103 40 0 0 10 0 0 5 0 0
110 16 0 0 5 0 0 0 0 0
115 8 0 0 4 0 0 0 0 0
122 8 0 0 4 0 0 0 0 0
123 15 1 1 10 0 0 0 0 0
129 15 0 0 5 0 0 0 0 0
130 6 0 0 4 0 0 0 0 0
147 15 1 1 5 0 0 0 0 0
152 4 0 0 2 0 0 2 0 0
154 4 0 0 0 0 0 0 0 0
156 4 0 0 0 0 0 0 0 0
158 4 0 0 0 0 0 0 0 0
162 15 1 1 5 0 0 0 0 0
164 3 0 0 1 0 0 1 0 0
165 2 0 0 0 0 0 0 0 0
174 2 0 0 1 0 0 0 0 0
175 3 1 1 0 0 0 0 0 0
180 2 1 1 0 0 0 0 0 0
184 10 0 0 5 0 0 0 0 0
fl=./elf/./elf/libc_early_init.c
fn=__libc_early_init
33 6 2 2 1 0 0 2 0 0
35 1 0 0 0 0 0 1 0 0
38 2 0 0 1 0 0 1 1 1
41 2 0 0 0 0 0 2 1 1
47 4 0 0 2 0 0 0 0 0
49 2 1 1 1 0 0 0 0 0
fl=./elf/./elf/rtld.c
fn=_dl_start
84 8 0 0 0 0 0 2 1 1
460 2 1 1 0 0 0 1 0 0
478 3 0 0 0 0 0 1 0 0
479 1 1 1 0 0 0 1 0 0
480 2 0 0 1 0 0 1 0 0
482 2 0 0 0 0 0 1 1 1
491 1 0 0 0 0 0 1 0 0
497 4 1 0 1 0 0 1 0 0
499 2 0 0 1 0 0 0 0 0
520 15 1 1 0 0 0 8 3 3
546 1 0 0 0 0 0 1 1 1
549 2 0 0 0 0 0 1 0 0
550 1 1 1 1 1 1 0 0 0
566 144 6 6 27 5 5 7 0 0
568 1 0 0 1 0 0 0 0 0
581 1 0 0 0 0 0 1 0 0
588 9 1 1 7 2 0 0 0 0
fn=dl_main
84 18 3 3 0 0 0 1 0 0
91 12 1 1 0 0 0 0 0 0
92 2 0 0 0 0 0 1 0 0
100 9 3 3 4 0 0 0 0 0
196 2 0 0 0 0 0 1 0 0
198 1 0 0 0 0 0 1 0 0
223 4 1 1 4 1 1 0 0 0
224 4 1 1 3 0 0 0 0 0
225 5 0 0 0 0 0 0 0 0
295 3 0 0 0 0 0 3 0 0
301 1 0 0 0 0 0 1 0 0
302 1 0 0 0 0 0 1 0 0
843 1 0 0 1 0 0 0 0 0
845 1 0 0 0 0 0 1 0 0
854 1 0 0 0 0 0 1 0 0
856 1 0 0 0 0 0 1 0 0
861 1 0 0 0 0 0 1 0 0
1121 1 0 0 1 0 0 0 0 0
1122 1 0 0 1 0 0 0 0 0
1124 4 0 0 1 0 0 1 0 0
1127 2 0 0 1 0 0 1 0 0
1129 2 0 0 1 1 1 1 0 0
1131 1 0 0 1 0 0 0 0 0
1132 1 0 0 1 0 0 0 0 0
1147 1 0 0 0 0 0 0 0 0
1150 46 4 4 0 0 0 0 0 0
1151 117 1 1 22 7 7 0 0 0
1155 3 1 1 1 0 0 1 0 0
1160 3 0 0 2 0 0 1 0 0
1161 9 0 0 2 0 0 1 0 0
1170 2 0 0 0 0 0 1 0 0
1171 2 0 0 2 1 1 0 0 0
1173 1 0 0 0 0 0 1 0 0
1180 3 1 1 1 0 0 0 0 0
1198 2 0 0 0 0 0 1 0 0
1206 8 0 0 4 0 0 0 0 0
1207 17 1 1 5 1 1 0 0 0
1208 8 1 1 4 0 0 0 0 0
1209 1 0 0 0 0 0 1 0 0
1211 12 0 0 4 0 0 0 0 0
1212 14 0 0 0 0 0 0 0 0
1216 8 0 0 4 3 3 0 0 0
1217 8 1 1 4 0 0 0 0 0
1218 4 0 0 0 0 0 4 0 0
1219 10 0 0 5 0 0 0 0 0
1220 1 0 0 0 0 0 1 0 0
1224 12 0 0 0 0 0 0 0 0
1252 2 1 1 1 0 0 1 1 1
1256 4 0 0 2 1 1 1 1 1
1258 1 0 0 0 0 0 0 0 0
1262 26 0 0 0 0 0 0 0 0
1263 61 1 1 13 0 0 0 0 0
1269 17 0 0 0 0 0 1 0 0
1275 4 0 0 2 1 1 0 0 0
1278 3 1 1 2 0 0 0 0 0
1280 3 0 0 2 0 0 0 0 0
1282 2 0 0 1 0 0 0 0 0
1357 12 2 2 0 0 0 9 1 1
1362 1 0 0 0 0 0 1 0 0
1368 1 0 0 0 0 0 1 1 1
1384 3 0 0 2 0 0 1 0 0
1385 4 1 1 2 0 0 0 0 0
1654 9 2 2 0 0 0 2 0 0
1656 2 0 0 0 0 0 0 0 0
1657 3 0 0 1 0 0 1 0 0
1658 2 0 0 1 0 0 1 1 1
1659 3 1 1 2 0 0 1 0 0
1663 2 0 0 0 0 0 1 0 0
1664 2 0 0 1 0 0 0 0 0
1689 3 1 1 1 0 0 0 0 0
1690 6 0 0 2 0 0 1 0 0
1691 3 0 0 2 0 0 0 0 0
1692 3 0 0 3 0 0 0 0 0
1695 1 0 0 0 0 0 1 0 0
1697 1 1 1 0 0 0 1 1 1
1698 1 0 0 0 0 0 1 1 1
1700 2 0 0 1 0 0 0 0 0
1701 2 0 0 0 0 0 1 0 0
1705 2 0 0 1 0 0 0 0 0
1707 2 1 1 1 0 0 0 0 0
1715 4 1 1 2 0 0 0 0 0
1722 2 1 1 1 0 0 1 0 0
1725 2 0 0 1 0 0 0 0 0
1750 4 0 0 1 0 0 2 0 0
1752 1 0 0 0 0 0 1 0 0
1757 2 0 0 1 0 0 0 0 0
1760 4 1 1 2 0 0 1 0 0
1761 4 0 0 1 0 0 1 0 0
1762 3 0 0 2 0 0 1 0 0
1763 1 0 0 0 0 0 1 0 0
1764 1 1 1 1 0 0 0 0 0
1765 1 0 0 1 0 0 0 0 0
1776 2 0 0 1 1 1 0 0 0
1777 2 1 1 1 0 0 0 0 0
1779 2 0 0 1 0 0 0 0 0
1781 1 0 0 0 0 0 1 0 0
1782 3 0 0 1 0 0 1 0 0
1787 5 1 1 0 0 0 0 0 0
1788 5 0 0 1 1 1 0 0 0
1790 4 1 1 2 0 0 1 1 1
1796 2 0 0 1 1 1 0 0 0
1805 2 1 1 1 0 0 0 0 0
1809 1 0 0 0 0 0 0 0 0
1810 2 0 0 1 0 0 0 0 0
1834 2 1 1 0 0 0 2 0 0
1840 2 0 0 1 0 0 1 0 0
1841 1 0 0 0 0 0 1 0 0
1846 3 1 1 1 0 0 1 0 0
1851 3 0 0 2 0 0 0 0 0
1853 1 0 0 0 0 0 0 0 0
1855 2 0 0 1 0 0 0 0 0
1859 5 0 0 2 0 0 1 0 0
1864 2 0 0 1 0 0 0 0 0
1880 6 1 1 0 0 0 1 0 0
1956 4 0 0 2 0 0 0 0 0
1960 9 2 2 0 0 0 0 0 0
1961 1 0 0 0 0 0 0 0 0
1964 3 0 0 0 0 0 1 0 0
1965 1 0 0 1 0 0 0 0 0
1966 2 0 0 0 0 0 0 0 0
1967 2 0 0 0 0 0 0 0 0
1972 3 0 0 1 0 0 0 0 0
1982 9 0 0 2 0 0 1 0 0
1988 31 0 0 1 0 0 0 0 0
1989 17 0 0 15 0 0 0 0 0
1992 3 1 1 2 0 0 1 0 0
1993 2 0 0 0 0 0 0 0 0
1994 1 0 0 0 0 0 1 0 0
1996 26 0 0 1 0 0 0 0 0
1997 12 1 1 6 0 0 0 0 0
2001 2 0 0 0 0 0 0 0 0
2007 1 1 1 0 0 0 1 0 0
2009 3 0 0 1 0 0 1 0 0
2010 2 0 0 0 0 0 0 0 0
2012 2 1 1 0 0 0 1 0 0
2014 3 0 0 0 0 0 0 0 0
2016 3 0 0 1 0 0 0 0 0
2017 1 0 0 1 0 0 0 0 0
2018 2 0 0 0 0 0 0 0 0
2030 2 0 0 0 0 0 0 0 0
2031 2 0 0 1 0 0 1 0 0
2032 3 0 0 1 0 0 0 0 0
2043 5 0 0 1 1 0 1 1 0
2044 4 1 1 0 0 0 1 0 0
2045 4 0 0 1 0 0 1 0 0
2055 2 0 0 1 1 0 1 0 0
2056 2 0 0 1 0 0 0 0 0
2057 4 1 1 0 0 0 2 0 0
2059 2 0 0 0 0 0 0 0 0
2064 3 0 0 1 0 0 0 0 0
2263 3 1 1 1 0 0 1 0 0
2267 3 0 0 1 0 0 2 0 0
2273 2 0 0 1 0 0 1 0 0
2276 2 0 0 1 0 0 0 0 0
2284 2 0 0 2 0 0 0 0 0
2295 3 0 0 1 0 0 0 0 0
2298 1 0 0 1 0 0 0 0 0
2304 29 0 0 3 1 0 1 0 0
2306 14 1 1 14 4 0 0 0 0
2311 14 0 0 14 6 0 0 0 0
2313 16 0 0 0 0 0 0 0 0
2315 1 1 1 0 0 0 1 0 0
2316 1 0 0 1 0 0 0 0 0
2319 7 0 0 7 1 0 0 0 0
2321 14 0 0 0 0 0 0 0 0
2322 48 0 0 12 6 0 6 0 0
2326 18 1 1 9 4 0 0 0 0
2327 6 0 0 0 0 0 2 0 0
2336 2 0 0 1 0 0 0 0 0
2340 4 0 0 2 0 0 0 0 0
2342 1 0 0 1 0 0 0 0 0
2349 4 0 0 1 0 0 1 0 0
2352 2 0 0 1 0 0 0 0 0
2362 3 1 1 2 1 0 0 0 0
2364 2 0 0 1 0 0 0 0 0
2374 1 1 1 0 0 0 1 0 0
2379 3 1 1 1 0 0 1 0 0
2382 1 0 0 0 0 0 1 0 0
2388 1 0 0 1 0 0 0 0 0
2389 5 0 0 2 0 0 1 0 0
2397 3 0 0 1 0 0 1 0 0
2404 1 0 0 0 0 0 1 0 0
2408 3 0 0 0 0 0 1 0 0
2413 2 0 0 0 0 0 1 0 0
2414 1 0 0 0 0 0 1 0 0
2415 1 0 0 0 0 0 1 0 0
2420 1 1 1 0 0 0 1 0 0
2425 8 0 0 7 2 0 0 0 0
2558 2 1 1 1 0 0 1 0 0
2560 1 0 0 0 0 0 0 0 0
2564 6 0 0 1 0 0 1 0 0
2566 18 1 1 3 0 0 4 0 0
2568 2 0 0 0 0 0 0 0 0
2570 107 0 0 21 0 0 0 0 0
2571 19 0 0 0 0 0 0 0 0
2579 13 1 1 2 1 1 0 0 0
2600 2 1 1 1 0 0 0 0 0
2607 4 3 3 2 0 0 0 0 0
2609 2 0 0 0 0 0 1 0 0
2610 1 0 0 0 0 0 0 0 0
2655 3 1 1 1 0 0 0 0 0
2656 5 2 2 2 0 0 0 0 0
2658 2 0 0 0 0 0 1 0 0
2659 2 0 0 0 0 0 1 0 0
2660 1 0 0 0 0 0 0 0 0
2697 4 0 0 1 0 0 1 0 0
2722 2 0 0 0 0 0 0 0 0
fn=do_preload
810 6 1 1 0 0 0 3 0 0
812 1 0 0 0 0 0 1 0 0
816 1 0 0 0 0 0 1 0 0
817 1 0 0 0 0 0 1 0 0
818 1 0 0 0 0 0 1 0 0
820 1 0 0 1 0 0 0 0 0
822 6 1 1 0 0 0 1 0 0
823 3 0 0 1 0 0 0 0 0
831 3 0 0 1 0 0 0 0 0
837 5 0 0 4 0 0 0 0 0
fn=handle_preload_list
182 3 0 0 1 0 0 0 0 0
875 8 1 1 0 0 0 7 1 1
876 1 0 0 0 0 0 0 0 0
880 7 0 0 2 0 0 0 0 0
883 4 1 1 0 0 0 1 0 0
884 3 0 0 0 0 0 0 0 0
886 6 1 1 0 0 0 1 0 0
887 2 0 0 0 0 0 1 0 0
893 1 0 0 0 0 0 0 0 0
895 2 0 0 1 0 0 0 0 0
897 2 0 0 1 0 0 0 0 0
898 5 0 0 1 0 0 1 0 0
901 9 1 1 7 0 0 0 0 0
fn=init_tls
737 3 1 1 0 0 0 2 0 0
739 2 0 0 1 0 0 1 0 0
743 3 1 1 1 0 0 0 0 0
749 2 1 1 0 0 0 1 0 0
752 1 0 0 0 0 0 1 0 0
753 1 0 0 0 0 0 0 0 0
754 1 0 0 0 0 0 0 0 0
758 1 0 0 0 0 0 0 0 0
760 1 0 0 0 0 0 1 0 0
764 2 0 0 1 1 1 0 0 0
765 2 0 0 0 0 0 0 0 0
766 17 0 0 1 0 0 0 0 0
767 7 1 1 7 0 0 0 0 0
768 14 0 0 7 3 0 0 0 0
772 6 0 0 0 0 0 2 1 1
774 2 0 0 0 0 0 0 0 0
776 3 0 0 1 0 0 0 0 0
779 2 0 0 0 0 0 1 0 0
782 1 0 0 0 0 0 1 0 0
789 2 0 0 0 0 0 1 0 0
790 2 0 0 0 0 0 0 0 0
796 2 0 0 1 0 0 1 0 0
799 8 1 1 0 0 0 2 0 0
802 1 0 0 0 0 0 1 0 0
803 1 0 0 0 0 0 1 0 0
806 5 0 0 3 0 0 0 0 0
fn=map_doit
644 2 1 1 0 0 0 1 0 0
646 4 0 0 1 0 0 0 0 0
647 6 0 0 2 0 0 2 1 1
649 2 0 0 2 0 0 0 0 0
fn=version_check_doit
677 2 1 1 0 0 0 1 0 0
679 6 0 0 2 0 0 1 0 0
683 2 0 0 2 0 0 0 0 0
fl=./elf/./get-dynamic-info.h
fn=_dl_start
45 83 0 0 21 6 6 0 0 0
49 40 0 0 0 0 0 0 0 0
54 17 2 2 0 0 0 0 0 0
55 11 0 0 0 0 0 0 0 0
56 5 0 0 0 0 0 0 0 0
58 1 0 0 0 0 0 0 0 0
59 5 0 0 0 0 0 0 0 0
62 4 1 1 0 0 0 0 0 0
64 4 0 0 0 0 0 0 0 0
68 21 0 0 0 0 0 20 8 8
72 3 0 0 0 0 0 0 0 0
84 4 0 0 2 0 0 0 0 0
85 4 1 1 2 0 0 0 0 0
86 4 0 0 2 0 0 0 0 0
87 4 0 0 2 0 0 0 0 0
88 5 0 0 2 0 0 0 0 0
89 4 1 1 2 0 0 0 0 0
90 4 0 0 2 0 0 0 0 0
91 4 0 0 2 0 0 0 0 0
103 10 2 2 2 0 0 1 0 0
110 3 0 0 1 0 0 0 0 0
115 2 0 0 1 0 0 0 0 0
122 1 0 0 0 0 0 0 0 0
123 3 0 0 2 0 0 0 0 0
129 3 0 0 1 0 0 0 0 0
130 3 1 1 2 0 0 0 0 0
133 2 0 0 1 0 0 0 0 0
134 3 0 0 1 0 0 0 0 0
139 3 0 0 1 0 0 0 0 0
142 3 1 1 1 0 0 0 0 0
fn=dl_main
39 4 0 0 2 0 0 0 0 0
43 1 0 0 0 0 0 0 0 0
45 111 0 0 28 8 8 0 0 0
49 54 0 0 0 0 0 0 0 0
54 25 0 0 0 0 0 0 0 0
55 17 1 1 0 0 0 0 0 0
56 5 0 0 0 0 0 0 0 0
58 1 0 0 0 0 0 0 0 0
59 5 1 1 0 0 0 0 0 0
62 4 0 0 0 0 0 0 0 0
64 4 1 1 0 0 0 0 0 0
68 27 0 0 0 0 0 27 7 7
72 7 3 3 4 0 0 0 0 0
84 3 0 0 1 0 0 0 0 0
85 5 0 0 3 0 0 0 0 0
86 5 0 0 3 0 0 0 0 0
87 5 1 1 3 0 0 0 0 0
88 4 0 0 2 0 0 0 0 0
89 5 1 1 3 0 0 0 0 0
90 5 0 0 3 0 0 0 0 0
91 5 0 0 3 0 0 0 0 0
103 9 0 0 3 0 0 1 0 0
110 3 1 1 1 0 0 0 0 0
115 2 0 0 1 0 0 0 0 0
122 3 1 1 2 0 0 0 0 0
123 4 0 0 3 0 0 0 0 0
129 3 0 0 1 0 0 0 0 0
147 4 1 1 2 0 0 0 0 0
162 4 1 1 2 0 0 0 0 0
164 3 0 0 1 0 0 1 0 0
165 2 0 0 0 0 0 0 0 0
174 2 1 1 1 0 0 0 0 0
175 3 1 1 0 0 0 0 0 0
180 2 0 0 0 0 0 0 0 0
184 3 0 0 2 0 0 0 0 0
fl=./elf/./setup-vdso.h
fn=dl_main
24 2 0 0 1 0 0 0 0 0
fl=./iconv/./iconv/gconv_simple.c
fn=__gconv_btwoc_ascii
51 512 1 1 0 0 0 0 0 0
54 128 0 0 128 0 0 0 0 0
fl=./io/../sysdeps/unix/sysv/linux/access.c
fn=access
27 7 0 0 0 0 0 1 0 0
31 1 0 0 1 0 0 0 0 0
fl=./io/../sysdeps/unix/sysv/linux/close_nocancel.c
fn=__GI___close_nocancel
26 24 1 1 0 0 0 0 0 0
27 6 0 0 6 0 0 0 0 0
fl=./io/../sysdeps/unix/sysv/linux/fstat64.c
fn=fstat
29 8 3 3 0 0 0 0 0 0
30 16 0 0 0 0 0 0 0 0
35 24 2 2 0 0 0 0 0 0
fl=./io/../sysdeps/unix/sysv/linux/fstatat64.c
fn=fstatat
99 36 0 0 0 0 0 0 0 0
154 18 3 3 0 0 0 0 0 0
168 18 0 0 0 0 0 9 0 0
169 63 0 0 9 0 0 0 0 0
170 9 0 0 9 0 0 0 0 0
fl=./io/../sysdeps/unix/sysv/linux/open64_nocancel.c
fn=__open_nocancel
28 19 0 0 0 0 0 19 1 1
31 133 1 1 0 0 0 0 0 0
39 172 1 1 0 0 0 13 0 0
41 19 0 0 19 0 0 0 0 0
fl=./io/../sysdeps/unix/sysv/linux/pread64_nocancel.c
fn=__pread64_nocancel
25 2 1 1 0 0 0 0 0 0
26 8 0 0 0 0 0 0 0 0
27 2 0 0 2 0 0 0 0 0
fl=./io/../sysdeps/unix/sysv/linux/read.c
fn=read
26 6 1 1 1 0 0 0 0 0
27 1 0 0 1 0 0 0 0 0
fl=./io/../sysdeps/unix/sysv/linux/read_nocancel.c
fn=__read_nocancel
26 20 1 1 0 0 0 0 0 0
27 5 0 0 5 0 0 0 0 0
fl=./io/../sysdeps/unix/sysv/linux/stat64.c
fn=stat
28 10 1 1 0 0 0 0 0 0
29 40 0 0 0 0 0 0 0 0
fl=./io/../sysdeps/unix/sysv/linux/write.c
fn=write
26 900 2 2 150 3 1 0 0 0
27 150 0 0 150 0 0 0 0 0
fl=./libio/../include/sys/sysmacros.h
fn=_IO_file_doallocate
47 6 1 1 0 0 0 0 0 0
fl=./libio/./libio/filedoalloc.c
fn=_IO_file_doallocate
78 16 2 2 2 0 0 8 0 0
84 18 0 0 6 0 0 2 0 0
86 8 0 0 2 0 0 0 0 0
89 2 0 0 0 0 0 0 0 0
91 2 1 1 1 0 0 0 0 0
94 2 0 0 1 0 0 0 0 0
97 8 2 2 2 0 0 0 0 0
101 6 0 0 0 0 0 2 0 0
102 4 0 0 0 0 0 0 0 0
104 8 0 0 0 0 0 2 0 0
105 2 0 0 0 0 0 0 0 0
106 16 1 1 12 0 0 0 0 0
fl=./libio/./libio/fileops.c
fn=_IO_do_write@@GLIBC_2.2.5
423 142 0 0 0 0 0 71 0 0
425 737 1 1 0 0 0 71 0 0
426 222 0 0 222 0 0 0 0 0
fn=_IO_file_overflow@@GLIBC_2.2.5
731 620 1 1 0 0 0 465 2 1
732 465 0 0 155 0 0 0 0 0
739 926 1 1 155 0 0 0 0 0
742 4 1 1 0 0 0 0 0 0
744 4 2 2 0 0 0 2 0 0
745 12 2 2 2 0 0 4 0 0
754 6 0 0 2 0 0 0 0 0
763 6 0 0 2 0 0 0 0 0
765 2 0 0 0 0 0 2 0 0
766 2 0 0 0 0 0 2 0 0
767 2 0 0 0 0 0 2 0 0
768 6 0 0 2 0 0 4 0 0
770 6 1 1 0 0 0 2 0 0
771 10 0 0 2 0 0 0 0 0
772 2 0 0 0 0 0 2 0 0
774 310 0 0 0 0 0 0 0 0
775 160 0 0 0 0 0 0 0 0
776 313 0 0 233 0 0 0 0 0
777 150 0 0 75 0 0 0 0 0
780 225 0 0 0 0 0 150 0 0
781 225 0 0 75 0 0 0 0 0
782 24 0 0 0 0 0 0 0 0
783 284 0 0 0 0 0 71 0 0
784 213 0 0 142 0 0 0 0 0
786 75 2 1 0 0 0 0 0 0
787 540 1 1 540 0 0 0 0 0
fn=_IO_file_read
1131 1 1 1 1 0 0 0 0 0
1132 1 0 0 0 0 0 0 0 0
1133 3 0 0 1 0 0 0 0 0
fn=_IO_file_setbuf@@GLIBC_2.2.5
381 4 1 1 0 0 0 2 0 0
382 6 0 0 0 0 0 2 0 0
385 2 0 0 2 0 0 0 0 0
387 6 0 0 0 0 0 6 0 0
389 4 0 0 0 0 0 0 0 0
390 4 0 0 4 0 0 0 0 0
fn=_IO_file_stat
1147 4 0 0 2 0 0 0 0 0
fn=_IO_file_sync@@GLIBC_2.2.5
792 1856 1 1 0 0 0 928 0 0
797 1856 0 0 928 3 2 0 0 0
799 464 1 1 464 0 0 0 0 0
800 928 0 0 464 0 0 0 0 0
811 928 1 1 0 0 0 464 0 0
815 1856 0 0 1392 0 0 0 0 0
fn=_IO_file_underflow@@GLIBC_2.2.5
461 8 1 1 0 0 0 6 0 0
465 3 0 0 1 0 0 0 0 0
468 2 0 0 0 0 0 0 0 0
474 3 0 0 2 0 0 0 0 0
477 2 0 0 1 0 0 0 0 0
480 3 1 1 1 0 0 0 0 0
485 2 1 1 0 0 0 1 0 0
489 4 0 0 1 0 0 0 0 0
498 2 1 1 0 0 0 0 0 0
505 2 0 0 0 0 0 1 0 0
511 6 0 0 1 0 0 3 0 0
516 5 0 0 3 0 0 1 0 0
518 2 0 0 0 0 0 0 0 0
525 1 0 0 1 0 0 0 0 0
534 3 1 1 1 1 0 0 0 0
536 2 0 0 2 0 0 0 0 0
537 8 0 0 7 0 0 0 0 0
fn=_IO_file_write@@GLIBC_2.2.5
1173 900 1 1 0 0 0 600 4 2
1174 300 0 0 0 0 0 0 0 0
1175 900 0 0 0 0 0 0 0 0
1179 450 2 2 150 0 0 0 0 0
1180 450 0 0 150 0 0 150 0 0
1181 300 0 0 0 0 0 0 0 0
1186 150 0 0 0 0 0 0 0 0
1187 150 0 0 0 0 0 0 0 0
1189 450 3 2 0 0 0 0 0 0
1190 450 0 0 150 0 0 0 0 0
1193 900 0 0 750 0 0 0 0 0
fn=_IO_file_xsputn@@GLIBC_2.2.5
1197 810 2 1 0 0 0 486 0 0
1199 80 1 1 0 0 0 0 0 0
1203 162 0 0 0 0 0 0 0 0
1204 81 1 1 0 0 0 0 0 0
1210 324 0 0 81 0 0 0 0 0
1212 83 1 0 82 0 0 0 0 0
1213 2 0 0 0 0 0 0 0 0
1216 11 1 1 0 0 0 0 0 0
1218 12 0 0 4 0 0 0 0 0
1227 240 0 0 80 0 0 0 0 0
1228 1 0 0 0 0 0 0 0 0
1233 1 0 0 0 0 0 0 0 0
1235 3 0 0 0 0 0 2 0 0
1236 1 0 0 0 0 0 0 0 0
1237 4 0 0 0 0 0 0 0 0
1239 2 0 0 0 0 0 0 0 0
1243 480 2 1 160 5 1 80 0 0
1249 160 0 0 160 2 1 0 0 0
1250 163 0 0 0 0 0 0 0 0
1252 319 3 2 0 0 0 0 0 0
1254 316 0 0 0 0 0 79 0 0
1255 158 0 0 0 0 0 0 0 0
1256 158 0 0 0 0 0 0 0 0
1263 160 0 0 0 0 0 0 0 0
1264 4 0 0 0 0 0 1 0 0
1266 5 0 0 0 0 0 0 0 0
1267 648 1 1 567 0 0 0 0 0
fn=new_do_write
431 1500 4 2 0 0 0 900 2 1
433 300 0 0 150 0 0 0 0 0
440 600 1 1 300 0 0 0 0 0
443 150 0 0 150 0 0 0 0 0
448 750 0 0 150 0 0 150 0 0
449 750 1 1 150 0 0 0 0 0
451 450 0 0 150 0 0 300 0 0
452 300 0 0 0 0 0 150 0 0
453 150 0 0 0 0 0 150 0 0
454 300 1 1 150 0 0 0 0 0
455 600 0 0 150 0 0 0 0 0
457 1350 0 0 1050 0 0 0 0 0
fl=./libio/./libio/genops.c
fn=_IO_cleanup
786 6 0 0 0 0 0 3 0 0
787 11 1 1 4 0 0 2 0 0
790 12 1 1 4 0 0 0 0 0
799 9 0 0 3 0 0 0 0 0
801 6 1 1 2 0 0 0 0 0
807 26 1 1 10 1 1 4 0 0
815 10 0 0 4 0 0 0 0 0
817 4 0 0 0 0 0 2 0 0
819 8 1 1 4 0 0 2 0 0
820 2 0 0 0 0 0 2 0 0
824 10 0 0 4 0 0 2 0 0
826 6 1 1 2 0 0 0 0 0
830 10 0 0 2 0 0 0 0 0
831 16 1 1 6 0 0 4 0 0
838 3 0 0 0 0 0 3 0 0
842 9 1 1 3 0 0 2 0 0
843 2 0 0 0 0 0 1 0 0
863 10 2 2 1 0 0 7 0 0
866 3 0 0 0 0 0 1 0 0
878 12 0 0 9 0 0 0 0 0
fn=_IO_default_setbuf
330 10 0 0 2 0 0 0 0 0
332 2 0 0 0 0 0 2 0 0
333 2 0 0 0 0 0 2 0 0
337 4 0 0 0 0 0 2 0 0
452 16 1 1 0 0 0 8 0 0
453 10 1 1 4 0 0 2 0 0
455 8 0 0 0 0 0 0 0 0
457 6 1 1 2 0 0 2 0 0
458 4 0 0 0 0 0 0 0 0
462 2 0 0 0 0 0 0 0 0
466 8 0 0 0 0 0 6 0 0
467 2 0 0 0 0 0 0 0 0
468 12 0 0 10 0 0 0 0 0
fn=_IO_default_uflow
361 4 1 1 0 0 0 2 0 0
362 3 0 0 2 0 0 1 0 0
363 2 0 0 0 0 0 0 0 0
365 4 0 0 2 0 0 1 0 0
366 4 0 0 3 0 0 0 0 0
fn=_IO_default_xsputn
371 477 2 1 0 0 0 371 2 1
374 106 0 0 0 0 0 0 0 0
375 1 0 0 1 0 0 0 0 0
379 20 1 1 10 0 0 0 0 0
399 42 0 0 12 0 0 4 0 0
401 4 0 0 0 0 0 0 0 0
404 424 2 1 371 0 0 0 0 0
fn=_IO_doallocbuf
330 1 0 0 0 0 0 0 0 0
332 1 0 0 0 0 0 1 0 0
333 1 0 0 0 0 0 1 1 0
337 2 0 0 0 0 0 1 0 0
343 9 0 0 0 0 0 9 0 0
344 6 1 1 3 0 0 0 0 0
346 15 1 1 4 0 0 0 0 0
347 10 1 1 4 0 0 2 0 0
349 2 1 1 0 0 0 0 0 0
350 12 1 1 12 0 0 0 0 0
fn=_IO_flush_all_lockp
686 11 2 2 1 0 0 7 0 0
687 1 0 0 0 0 0 0 0 0
691 6 0 0 0 0 0 3 0 0
692 12 1 1 4 0 0 2 0 0
695 12 1 1 4 2 1 0 0 0
697 3 0 0 0 0 0 3 0 0
698 3 0 0 0 0 0 0 0 0
701 21 1 1 9 2 1 0 0 0
709 6 1 1 0 0 0 0 0 0
711 3 0 0 0 0 0 3 0 0
715 9 1 1 3 0 0 2 0 0
716 2 0 0 0 0 0 1 0 0
720 12 1 1 9 0 0 0 0 0
fn=_IO_no_init
563 234 2 1 0 0 0 104 1 0
564 26 0 0 0 0 0 26 0 0
565 26 0 0 0 0 0 26 1 0
566 52 0 0 0 0 0 0 0 0
586 52 2 1 0 0 0 26 0 0
587 26 0 0 0 0 0 26 0 0
588 156 0 0 130 0 0 0 0 0
fn=_IO_old_init
532 52 0 0 0 0 0 26 0 0
534 156 2 1 26 2 1 26 0 0
539 182 0 0 0 0 0 156 1 0
544 26 0 0 0 0 0 26 0 0
550 52 2 1 0 0 0 26 0 0
555 78 0 0 26 0 0 0 0 0
558 26 0 0 26 0 0 0 0 0
fn=_IO_setb
329 252 6 2 0 0 0 112 0 0
330 164 0 0 56 0 0 0 0 0
332 28 0 0 0 0 0 28 0 0
333 28 0 0 0 0 0 28 0 0
335 168 0 0 0 0 0 28 0 0
338 168 4 1 140 0 0 0 0 0
fn=_IO_sputbackc
635 3856 2 2 0 0 0 1928 0 0
638 2892 0 0 1928 0 0 0 0 0
639 1928 0 0 964 0 0 0 0 0
641 1928 2 2 0 0 0 964 0 0
642 964 0 0 0 0 0 0 0 0
647 964 0 0 0 0 0 0 0 0
648 964 0 0 964 0 0 0 0 0
651 3856 0 0 2892 0 0 0 0 0
fn=_IO_switch_to_get_mode
164 4 1 1 0 0 0 2 0 0
165 3 0 0 2 0 0 0 0 0
168 3 1 1 1 0 0 0 0 0
172 2 0 0 1 0 0 1 0 0
173 2 0 0 1 0 0 0 0 0
176 1 0 0 0 0 0 1 0 0
178 2 0 0 0 0 0 2 0 0
180 2 1 1 0 0 0 1 0 0
181 1 0 0 0 0 0 0 0 0
182 4 0 0 3 0 0 0 0 0
fn=__overflow
199 142 1 1 0 0 0 71 0 0
201 213 0 0 71 0 0 0 0 0
203 213 0 0 142 0 0 0 0 0
204 142 1 1 71 0 0 0 0 0
fn=__uflow
299 4 1 1 0 0 0 2 0 0
300 4 1 1 1 1 0 1 0 0
305 2 0 0 1 0 0 0 0 0
308 3 0 0 2 0 0 0 0 0
310 2 0 0 1 0 0 0 0 0
316 2 0 0 1 0 0 0 0 0
321 3 1 1 1 0 0 0 0 0
323 4 1 1 2 0 0 0 0 0
324 3 0 0 2 0 0 0 0 0
fl=./libio/./libio/getc.c
fn=getc
34 5492 1 1 0 0 0 2746 0 0
37 2746 0 0 1373 2 2 0 0 0
38 8236 2 2 4118 10 10 1372 0 0
43 5491 1 1 4118 0 0 0 0 0
fl=./libio/./libio/iofflush.c
fn=fflush
32 1848 0 0 0 0 0 924 0 0
33 924 1 1 0 0 0 0 0 0
39 6006 1 1 3234 11 4 462 0 0
40 2310 0 0 924 6 2 462 0 0
44 1848 0 0 1386 0 0 0 0 0
fl=./libio/./libio/iofwrite.c
fn=fwrite
31 567 2 2 0 0 0 486 0 0
32 162 0 0 0 0 0 0 0 0
35 162 0 0 0 0 0 0 0 0
37 1377 1 1 567 6 3 81 0 0
38 403 0 0 81 0 0 2 0 0
39 405 0 0 162 3 1 81 0 0
45 486 0 0 0 0 0 0 0 0
46 81 0 0 0 0 0 0 0 0
49 729 0 0 567 0 0 0 0 0
fl=./libio/./libio/ioungetc.c
fn=ungetc
31 5784 0 0 0 0 0 2892 0 0
34 1928 2 2 0 0 0 0 0 0
36 1928 0 0 964 0 0 0 0 0
37 2892 2 2 0 0 0 0 0 0
42 3856 2 2 2892 0 0 0 0 0
fl=./libio/./libio/libioP.h
fn=_IO_cleanup
940 4 0 0 0 0 0 0 0 0
942 4 0 0 0 0 0 0 0 0
943 4 0 0 0 0 0 0 0 0
fn=_IO_default_setbuf
940 6 0 0 0 0 0 0 0 0
942 4 0 0 0 0 0 0 0 0
943 4 0 0 0 0 0 0 0 0
fn=_IO_default_uflow
940 3 1 1 0 0 0 0 0 0
942 2 0 0 0 0 0 0 0 0
943 2 0 0 0 0 0 0 0 0
fn=_IO_default_xsputn
940 7 1 1 0 0 0 0 0 0
942 8 0 0 0 0 0 0 0 0
943 8 0 0 0 0 0 0 0 0
fn=_IO_doallocbuf
940 6 0 0 0 0 0 0 0 0
942 4 0 0 0 0 0 0 0 0
943 4 0 0 0 0 0 0 0 0
fn=_IO_file_doallocate
940 6 2 2 0 0 0 0 0 0
942 4 0 0 0 0 0 0 0 0
943 4 0 0 0 0 0 0 0 0
fn=_IO_file_underflow@@GLIBC_2.2.5
940 2 0 0 0 0 0 0 0 0
942 4 1 1 0 0 0 0 0 0
943 2 0 0 0 0 0 0 0 0
fn=_IO_file_xsputn@@GLIBC_2.2.5
940 240 0 0 0 0 0 0 0 0
942 160 0 0 0 0 0 0 0 0
943 160 0 0 0 0 0 0 0 0
fn=__overflow
940 213 0 0 0 0 0 0 0 0
942 142 0 0 0 0 0 0 0 0
943 142 0 0 0 0 0 0 0 0
fn=__uflow
940 3 0 0 0 0 0 0 0 0
942 2 0 0 0 0 0 0 0 0
943 2 0 0 0 0 0 0 0 0
fn=fflush
883 924 0 0 462 0 0 0 0 0
884 4620 1 1 1848 0 0 924 0 0
940 1386 0 0 0 0 0 0 0 0
942 924 0 0 0 0 0 0 0 0
943 924 0 0 0 0 0 0 0 0
fn=fwrite
883 162 0 0 81 0 0 0 0 0
884 648 1 1 324 0 0 81 0 0
940 243 1 1 0 0 0 0 0 0
942 162 0 0 0 0 0 0 0 0
943 162 0 0 0 0 0 0 0 0
fn=new_do_write
940 450 0 0 0 0 0 0 0 0
942 450 0 0 0 0 0 0 0 0
943 300 0 0 0 0 0 0 0 0
fl=./libio/./libio/putc.c
fn=putc
25 426 3 2 0 0 0 213 0 0
28 142 0 0 71 0 0 0 0 0
29 497 3 2 142 0 0 0 0 0
34 284 3 2 213 0 0 0 0 0
fl=./libio/./libio/strops.c
fn=_IO_str_init_static_internal
36 208 2 1 0 0 0 104 0 0
40 52 0 0 0 0 0 0 0 0
42 26 2 1 0 0 0 0 0 0
43 130 0 0 0 0 0 0 0 0
46 130 2 1 0 0 0 26 0 0
48 26 0 0 0 0 0 26 0 0
49 26 0 0 0 0 0 26 0 0
50 26 0 0 0 0 0 26 0 0
51 78 0 0 0 0 0 0 0 0
53 26 0 0 0 0 0 26 0 0
54 26 0 0 0 0 0 26 0 0
55 26 0 0 0 0 0 26 0 0
64 26 0 0 0 0 0 26 0 0
65 156 0 0 130 0 0 0 0 0
fl=./libio/./libio/vsnprintf.c
fn=__vsnprintf_internal
95 338 4 2 26 0 0 182 1 0
99 26 0 0 0 0 0 26 1 0
104 52 0 0 0 0 0 0 0 0
110 182 0 0 0 0 0 26 0 0
111 52 0 0 0 0 0 26 1 0
112 26 2 1 0 0 0 26 0 0
113 234 2 1 26 0 0 52 1 0
114 130 0 0 0 0 0 26 0 0
116 52 0 0 26 0 0 0 0 0
117 52 0 0 26 0 0 26 0 0
119 286 0 0 234 0 0 0 0 0
fn=vsnprintf
124 52 2 1 0 0 0 0 0 0
fl=./libio/./libio/vtables.c
fn=check_stdfiles_vtables
84 4 1 1 2 2 0 0 0 0
85 3 1 1 2 1 0 0 0 0
86 3 0 0 2 1 0 0 0 0
88 1 0 0 1 0 0 0 0 0
fl=./locale/./locale/newlocale.c
fn=newlocale
43 13 2 2 1 0 0 7 0 0
55 2 0 0 0 0 0 0 0 0
56 1 0 0 0 0 0 0 0 0
63 2 1 1 0 0 0 0 0 0
66 3 1 1 0 0 0 0 0 0
73 4 1 1 2 0 0 0 0 0
75 1 1 1 0 0 0 0 0 0
277 12 2 2 9 0 0 0 0 0
fl=./locale/./locale/uselocale.c
fn=uselocale
31 162 4 3 108 5 2 0 0 0
33 108 0 0 0 0 0 0 0 0
36 108 0 0 0 0 0 0 0 0
37 54 0 0 0 0 0 54 0 0
65 162 0 0 108 8 3 54 0 0
66 162 0 0 108 3 1 54 0 0
68 162 0 0 108 3 1 54 0 0
72 162 3 2 0 0 0 0 0 0
73 54 0 0 54 0 0 0 0 0
fl=./malloc/./malloc/arena.c
fn=free
162 78 0 0 0 0 0 0 0 0
fn=malloc
162 32 0 0 0 0 0 0 0 0
315 1 1 1 0 0 0 1 0 0
fn=ptmalloc_init.part.0
313 6 1 1 1 0 0 3 0 0
318 1 0 0 0 0 0 1 0 0
343 2 2 2 1 0 0 0 0 0
347 3 0 0 1 1 0 1 1 0
352 4 0 0 0 0 0 1 0 0
353 4 1 1 0 0 0 1 0 0
354 4 0 0 0 0 0 1 0 0
355 4 0 0 0 0 0 1 0 0
356 4 1 1 0 0 0 1 0 0
357 4 0 0 0 0 0 1 0 0
358 4 0 0 0 0 0 1 0 0
360 4 1 1 0 0 0 1 0 0
361 4 0 0 0 0 0 1 0 0
362 4 0 0 0 0 0 1 0 0
365 4 0 0 0 0 0 1 0 0
366 4 1 1 0 0 0 1 0 0
367 2 0 0 1 1 1 0 0 0
430 7 0 0 5 0 0 0 0 0
fl=./malloc/./malloc/malloc.c
fn=_int_free
2006 12 2 2 4 0 0 0 0 0
3175 22 2 2 0 0 0 22 0 0
3177 88 1 1 22 2 0 22 0 0
3178 22 0 0 0 0 0 22 0 0
3179 44 0 0 0 0 0 22 0 0
4417 286 5 4 26 0 0 182 0 0
4427 78 0 0 26 0 0 0 0 0
4433 130 0 0 0 0 0 0 0 0
4434 52 0 0 0 0 0 0 0 0
4438 130 0 0 0 0 0 0 0 0
4445 52 0 0 0 0 0 0 0 0
4446 182 3 2 78 0 0 0 0 0
4449 26 0 0 0 0 0 0 0 0
4455 78 0 0 52 3 2 0 0 0
4464 26 0 0 26 0 0 0 0 0
4475 104 3 2 26 0 0 0 0 0
4478 22 0 0 0 0 0 0 0 0
4489 8 0 0 4 0 0 0 0 0
4500 16 0 0 4 0 0 0 0 0
4502 12 0 0 4 0 0 0 0 0
4523 4 0 0 0 0 0 4 0 0
4524 4 0 0 0 0 0 0 0 0
4528 12 0 0 4 0 0 0 0 0
4530 8 0 0 4 0 0 0 0 0
4534 8 0 0 0 0 0 0 0 0
4536 16 0 0 0 0 0 4 0 0
4537 4 0 0 0 0 0 4 0 0
4556 16 0 0 0 0 0 0 0 0
4698 286 6 4 234 0 0 0 0 0
fn=_int_malloc
1338 34 2 1 0 0 0 0 0 0
1357 68 0 0 0 0 0 0 0 0
1999 3 0 0 1 0 0 0 0 0
3171 1 0 0 0 0 0 1 0 0
3175 2 0 0 1 0 0 1 0 0
3177 5 0 0 1 0 0 1 0 0
3179 2 0 0 0 0 0 1 0 0
3180 1 0 0 0 0 0 0 0 0
3766 153 3 2 0 0 0 102 0 0
3807 34 0 0 0 0 0 0 0 0
3834 34 0 0 17 0 0 0 0 0
3836 72 0 0 0 0 0 0 0 0
3839 12 0 0 12 1 1 0 0 0
3841 66 5 4 0 0 0 0 0 0
3897 10 3 2 0 0 0 0 0 0
3899 6 2 1 0 0 0 0 0 0
3900 28 6 4 0 0 0 0 0 0
3902 42 0 0 14 2 0 0 0 0
3904 1 0 0 1 0 0 0 0 0
3905 2 0 0 1 0 0 0 0 0
3907 1 0 0 1 0 0 0 0 0
3908 1 0 0 0 0 0 1 0 0
3909 1 0 0 0 0 0 1 0 0
3911 3 0 0 0 0 0 0 0 0
3917 2 0 0 0 0 0 0 0 0
3918 6 1 1 3 0 0 0 0 0
3923 6 0 0 2 0 0 0 0 0
3924 10 1 1 2 0 0 0 0 0
3926 2 0 0 0 0 0 0 0 0
3928 1 1 1 1 0 0 0 0 0
3929 1 0 0 1 0 0 0 0 0
3930 2 0 0 0 0 0 0 0 0
3932 1 0 0 0 0 0 1 0 0
3933 1 1 1 0 0 0 1 0 0
3940 1 0 0 0 0 0 0 0 0
3959 35 2 1 0 0 0 0 0 0
3960 9 1 1 3 2 1 0 0 0
3961 3 1 1 0 0 0 1 0 0
3978 16 0 0 0 0 0 0 0 0
3979 48 0 0 0 0 0 16 0 0
3980 78 2 2 47 0 0 0 0 0
3984 16 1 1 0 0 0 16 0 0
3989 1 0 0 0 0 0 0 0 0
3990 73 1 1 19 1 0 1 0 0
3992 2 0 0 2 0 0 0 0 0
3993 4 0 0 2 0 0 0 0 0
3994 2 0 0 0 0 0 0 0 0
3996 4 0 0 0 0 0 0 0 0
3997 6 1 1 2 1 1 0 0 0
3999 2 0 0 2 0 0 0 0 0
4000 8 0 0 0 0 0 0 0 0
4002 8 0 0 2 0 0 0 0 0
4004 4 1 1 2 0 0 0 0 0
4005 4 0 0 2 0 0 0 0 0
4007 4 0 0 0 0 0 0 0 0
4018 8 0 0 0 0 0 0 0 0
4049 2 0 0 0 0 0 2 0 0
4050 2 0 0 0 0 0 2 0 0
4054 4 0 0 0 0 0 0 0 0
4083 4 1 1 0 0 0 0 0 0
4085 4 1 1 0 0 0 0 0 0
4086 8 0 0 0 0 0 0 0 0
4087 2 0 0 2 0 0 0 0 0
4140 32 3 2 0 0 0 0 0 0
4143 12 1 1 2 0 0 0 0 0
4144 2 0 0 0 0 0 2 0 0
4145 2 0 0 0 0 0 2 0 0
4146 2 0 0 0 0 0 2 0 0
4147 2 0 0 0 0 0 2 0 0
4152 4 0 0 4 0 0 0 0 0
4153 4 0 0 0 0 0 0 0 0
4162 6 1 1 0 0 0 0 0 0
4168 2 0 0 0 0 0 0 0 0
4179 32 3 2 0 0 0 0 0 0
4181 9 0 0 0 0 0 0 0 0
4184 9 0 0 3 2 1 0 0 0
4252 16 0 0 0 0 0 0 0 0
4253 32 0 0 0 0 0 0 0 0
4254 32 0 0 0 0 0 0 0 0
4255 32 0 0 16 2 0 0 0 0
4256 48 3 2 0 0 0 0 0 0
4261 32 0 0 0 0 0 0 0 0
4265 165 0 0 0 0 0 0 0 0
4268 156 0 0 39 0 0 0 0 0
4365 16 0 0 16 0 0 0 0 0
4366 32 0 0 16 2 1 0 0 0
4368 32 0 0 16 0 0 0 0 0
4371 49 3 2 0 0 0 1 0 0
4373 15 0 0 0 0 0 0 0 0
4374 15 0 0 0 0 0 0 0 0
4375 15 0 0 0 0 0 15 0 0
4376 120 5 3 0 0 0 15 0 0
4378 30 0 0 0 0 0 15 13 13
4381 15 0 0 0 0 0 0 0 0
4382 15 0 0 0 0 0 0 0 0
4388 3 0 0 1 0 0 0 0 0
4403 4 2 2 0 0 0 1 0 0
4404 2 0 0 0 0 0 0 0 0
4405 96 2 1 16 0 0 32 0 0
4409 153 8 4 119 0 0 0 0 0
fn=alloc_perturb
1999 48 3 2 16 0 0 0 0 0
2001 16 0 0 16 0 0 0 0 0
fn=free
3346 78 0 0 0 0 0 52 0 0
3350 52 2 2 0 0 0 0 0 0
3358 52 2 2 52 2 0 0 0 0
3360 26 0 0 0 0 0 0 0 0
3362 78 0 0 26 2 1 0 0 0
3379 78 0 0 52 0 0 0 0 0
3385 52 2 2 0 0 0 26 0 0
3388 26 0 0 0 0 0 26 0 0
3389 104 0 0 78 0 0 0 0 0
fn=malloc
1338 58 3 1 0 0 0 0 0 0
1357 145 1 1 0 0 0 0 0 0
3187 26 0 0 13 2 1 0 0 0
3188 26 0 0 0 0 0 0 0 0
3190 52 0 0 13 5 4 13 0 0
3191 26 2 1 0 0 0 13 0 0
3192 13 0 0 0 0 0 13 0 0
3235 4 1 1 2 0 0 1 0 0
3281 145 4 2 0 0 0 87 0 0
3288 58 0 0 29 4 2 0 0 0
3298 58 0 0 0 0 0 0 0 0
3300 116 0 0 58 6 2 0 0 0
3303 58 1 1 29 3 1 0 0 0
3305 81 3 1 27 4 2 0 0 0
3313 32 4 2 16 1 0 0 0 0
3315 64 2 1 0 0 0 16 0 0
3316 80 3 2 16 0 0 0 0 0
3341 145 2 1 116 0 0 0 0 0
fn=malloc_consolidate
4711 8 1 1 0 0 0 6 0 0
4726 1 0 0 0 0 0 1 0 0
4728 2 0 0 0 0 0 1 0 0
4739 1 0 0 0 0 0 0 0 0
4741 20 0 0 20 1 1 0 0 0
4742 20 0 0 0 0 0 0 0 0
4745 4 1 1 0 0 0 0 0 0
4749 6 0 0 2 2 2 0 0 0
4750 8 1 1 0 0 0 0 0 0
4755 10 0 0 2 2 2 0 0 0
4758 4 0 0 0 0 0 0 0 0
4759 2 0 0 0 0 0 0 0 0
4760 6 0 0 2 0 0 0 0 0
4762 4 0 0 0 0 0 0 0 0
4771 4 1 1 2 1 1 0 0 0
4774 4 1 1 2 2 2 0 0 0
4778 4 0 0 0 0 0 2 0 0
4780 2 0 0 2 0 0 0 0 0
4781 4 0 0 0 0 0 2 0 0
4782 4 0 0 2 0 0 2 0 0
4784 4 0 0 0 0 0 0 0 0
4789 6 0 0 0 0 0 2 0 0
4791 2 0 0 0 0 0 2 0 0
4792 2 0 0 0 0 0 2 0 0
4801 5 0 0 0 0 0 0 0 0
4804 30 0 0 10 0 0 0 0 0
4805 8 0 0 7 0 0 0 0 0
fn=ptmalloc_init.part.0
1960 385 1 1 0 0 0 0 0 0
1963 381 0 0 0 0 0 127 32 32
1971 1 0 0 0 0 0 1 0 0
1972 1 0 0 0 0 0 1 1 0
1974 1 0 0 0 0 0 1 0 0
3156 7 1 1 0 0 0 1 0 0
fn=sysmalloc
2022 9 2 2 2 0 0 0 0 0
2034 3 1 1 0 0 0 1 0 0
2542 9 1 1 0 0 0 6 0 0
2562 4 1 1 3 0 0 1 0 0
2563 1 0 0 0 0 0 1 0 0
2573 2 0 0 0 0 0 0 0 0
2574 2 0 0 1 0 0 0 0 0
2600 1 0 0 1 0 0 0 0 0
2601 3 0 0 1 0 0 0 0 0
2602 1 0 0 0 0 0 0 0 0
2604 2 0 0 0 0 0 0 0 0
2611 5 1 1 0 0 0 0 0 0
2617 3 0 0 0 0 0 0 0 0
2620 3 1 1 0 0 0 0 0 0
2681 2 1 1 1 0 0 0 0 0
2690 4 0 0 1 0 0 0 0 0
2703 3 0 0 1 0 0 0 0 0
2711 5 0 0 0 0 0 1 0 0
2719 2 1 1 0 0 0 0 0 0
2721 5 1 1 0 0 0 3 0 0
2722 3 0 0 1 0 0 0 0 0
2723 1 0 0 1 0 0 0 0 0
2758 2 1 1 1 1 1 0 0 0
2759 2 2 2 0 0 0 1 0 0
2760 3 0 0 1 0 0 1 0 0
2766 2 1 1 0 0 0 0 0 0
2769 4 1 1 1 0 0 0 0 0
2809 3 1 1 0 0 0 0 0 0
2831 3 0 0 0 0 0 0 0 0
2832 7 1 1 0 0 0 1 0 0
2834 2 0 0 0 0 0 0 0 0
2835 5 0 0 0 0 0 3 0 0
2847 4 0 0 2 0 0 0 0 0
2889 1 0 0 0 0 0 1 0 0
2890 4 1 1 0 0 0 1 1 1
2891 5 0 0 2 0 0 1 0 0
2902 2 0 0 0 0 0 0 0 0
2935 2 1 1 1 0 0 0 0 0
2936 1 0 0 0 0 0 1 0 0
2941 2 0 0 1 0 0 0 0 0
2944 2 0 0 0 0 0 0 0 0
2946 1 0 0 0 0 0 0 0 0
2947 1 0 0 0 0 0 0 0 0
2948 1 0 0 0 0 0 1 0 0
2949 8 1 1 0 0 0 1 0 0
2950 2 0 0 0 0 0 1 1 1
2952 1 0 0 0 0 0 0 0 0
2958 11 1 1 9 0 0 0 0 0
fn=tcache_init.part.0
3229 3 1 1 0 0 0 2 0 0
3238 8 0 0 3 0 0 0 0 0
3239 4 1 1 0 0 0 1 0 0
3240 2 0 0 0 0 0 0 0 0
3248 4 0 0 2 0 0 0 0 0
3257 2 0 0 1 0 0 1 0 0
3258 88 1 1 0 0 0 81 9 9
3261 4 0 0 3 0 0 0 0 0
fl=./malloc/./malloc/morecore.c
fn=__glibc_morecore
25 2 0 0 0 0 0 0 0 0
26 4 1 1 2 0 0 0 0 0
29 2 1 1 0 0 0 2 0 0
30 4 0 0 0 0 0 0 0 0
34 4 0 0 2 0 0 0 0 0
fl=./malloc/./malloc/scratch_buffer_set_array_size.c
fn=__libc_scratch_buffer_set_array_size
30 45 1 1 0 0 0 15 0 0
34 5 0 0 0 0 0 0 0 0
35 10 0 0 0 0 0 0 0 0
45 10 0 0 5 0 0 0 0 0
46 5 0 0 0 0 0 0 0 0
63 20 1 1 20 0 0 0 0 0
fl=./math/../sysdeps/x86_64/fpu/multiarch/e_asin.c
fn=__asin_finite@GLIBC_2.15
27 1 0 0 1 0 0 0 0 0
fl=./math/../sysdeps/x86_64/fpu/multiarch/e_atan2.c
fn=__atan2_finite@GLIBC_2.15
26 1 0 0 1 0 0 0 0 0
fl=./math/../sysdeps/x86_64/fpu/multiarch/e_exp.c
fn=__exp_finite@GLIBC_2.15
27 1 0 0 1 0 0 0 0 0
fl=./math/../sysdeps/x86_64/fpu/multiarch/e_exp2f.c
fn=exp2f@@GLIBC_2.27
27 1 0 0 1 0 0 0 0 0
fl=./math/../sysdeps/x86_64/fpu/multiarch/e_expf.c
fn=expf@@GLIBC_2.27
27 1 0 0 1 0 0 0 0 0
fl=./math/../sysdeps/x86_64/fpu/multiarch/e_log.c
fn=__log_finite@GLIBC_2.15
27 1 0 0 1 0 0 0 0 0
fl=./math/../sysdeps/x86_64/fpu/multiarch/e_log2f.c
fn=log2f@@GLIBC_2.27
27 1 0 0 1 0 0 0 0 0
fl=./math/../sysdeps/x86_64/fpu/multiarch/e_logf.c
fn=logf@@GLIBC_2.27
27 1 0 0 1 0 0 0 0 0
fl=./math/../sysdeps/x86_64/fpu/multiarch/e_pow.c
fn=__pow_finite@GLIBC_2.15
27 1 0 0 1 0 0 0 0 0
fl=./math/../sysdeps/x86_64/fpu/multiarch/ifunc-avx-fma4.h
fn=__atan2_finite@GLIBC_2.15
32 5 1 1 2 0 0 0 0 0
33 2 1 1 1 0 0 0 0 0
fn=__exp_finite@GLIBC_2.15
32 5 2 2 2 0 0 0 0 0
33 2 0 0 1 0 0 0 0 0
fn=__log_finite@GLIBC_2.15
32 5 1 1 2 0 0 0 0 0
33 2 1 1 1 0 0 0 0 0
fn=cos
32 5 1 1 2 0 0 0 0 0
33 2 0 0 1 0 0 0 0 0
fn=sin
32 5 2 2 2 0 0 0 0 0
33 2 0 0 1 0 0 0 0 0
fl=./math/../sysdeps/x86_64/fpu/multiarch/ifunc-fma.h
fn=cosf
29 4 2 2 2 0 0 0 0 0
30 3 0 0 1 0 0 0 0 0
fn=exp2f@@GLIBC_2.27
29 4 1 1 2 0 0 0 0 0
30 3 1 1 1 0 0 0 0 0
fn=expf@@GLIBC_2.27
29 4 2 2 2 0 0 0 0 0
30 3 0 0 1 0 0 0 0 0
fn=log2f@@GLIBC_2.27
29 4 1 1 2 0 0 0 0 0
30 3 1 1 1 0 0 0 0 0
fn=logf@@GLIBC_2.27
29 4 1 1 2 0 0 0 0 0
30 3 0 0 1 0 0 0 0 0
fn=powf@@GLIBC_2.27
29 4 1 1 2 0 0 0 0 0
30 4 1 1 2 0 0 0 0 0
fn=sincosf
29 4 2 2 2 0 0 0 0 0
30 3 0 0 1 0 0 0 0 0
fn=sinf
29 4 1 1 2 0 0 0 0 0
30 3 0 0 1 0 0 0 0 0
fl=./math/../sysdeps/x86_64/fpu/multiarch/ifunc-fma4.h
fn=__acos_finite@GLIBC_2.15
31 4 1 1 2 0 0 0 0 0
32 2 0 0 1 0 0 0 0 0
35 1 0 0 1 0 0 0 0 0
fn=__asin_finite@GLIBC_2.15
31 4 1 1 2 0 0 0 0 0
32 2 0 0 1 0 0 0 0 0
fn=__pow_finite@GLIBC_2.15
31 4 1 1 2 0 0 0 0 0
32 2 0 0 1 0 0 0 0 0
fn=sincos
31 4 1 1 2 0 0 0 0 0
32 2 0 0 1 0 0 0 0 0
fl=./math/../sysdeps/x86_64/fpu/multiarch/s_cosf.c
fn=cosf
26 1 0 0 1 0 0 0 0 0
fl=./math/../sysdeps/x86_64/fpu/multiarch/s_fma.c
fn=fma
49 5 2 2 3 0 0 0 0 0
fl=./math/../sysdeps/x86_64/fpu/multiarch/s_sin.c
fn=cos
34 1 1 1 1 0 0 0 0 0
fn=sin
27 1 0 0 1 0 0 0 0 0
fl=./math/../sysdeps/x86_64/fpu/multiarch/s_sincos.c
fn=sincos
26 1 1 1 1 0 0 0 0 0
fl=./math/../sysdeps/x86_64/fpu/multiarch/s_sincosf.c
fn=sincosf
26 1 0 0 1 0 0 0 0 0
fl=./math/../sysdeps/x86_64/fpu/multiarch/s_sinf.c
fn=sinf
26 1 0 0 1 0 0 0 0 0
fl=./misc/../sysdeps/unix/syscall-template.S
fn=mprotect
117 28 1 1 0 0 0 0 0 0
122 7 0 0 7 0 0 0 0 0
fn=munmap
117 4 0 0 0 0 0 0 0 0
122 1 0 0 1 0 0 0 0 0
fl=./misc/../sysdeps/unix/sysv/linux/brk.c
fn=brk
37 4 0 0 2 0 0 2 0 0
38 4 0 0 0 0 0 0 0 0
44 2 0 0 0 0 0 0 0 0
45 2 0 0 2 0 0 0 0 0
fl=./misc/../sysdeps/unix/sysv/linux/brk_call.h
fn=brk
24 4 1 1 0 0 0 0 0 0
fl=./misc/../sysdeps/unix/sysv/linux/mmap64.c
fn=mmap
47 26 1 1 0 0 0 0 0 0
50 52 0 0 0 0 0 0 0 0
58 104 0 0 0 0 0 0 0 0
60 26 0 0 26 0 0 0 0 0
fl=./misc/./misc/init-misc.c
fn=__init_misc
30 4 0 0 0 0 0 2 0 0
31 5 2 2 1 0 0 0 0 0
33 3 0 0 0 0 0 1 0 0
37 5 0 0 1 0 0 1 1 0
38 3 0 0 2 0 0 1 0 0
40 4 0 0 3 0 0 0 0 0
fl=./misc/./misc/sbrk.c
fn=sbrk
37 8 2 2 0 0 0 6 0 0
40 4 0 0 4 1 0 0 0 0
43 4 0 0 2 0 0 0 0 0
58 4 0 0 0 0 0 0 0 0
59 4 0 0 0 0 0 1 0 0
62 4 0 0 0 0 0 0 0 0
63 1 1 1 1 0 0 0 0 0
66 4 0 0 0 0 0 0 0 0
74 3 1 1 0 0 0 1 0 0
78 10 0 0 8 0 0 0 0 0
fl=./nptl/../sysdeps/nptl/futex-internal.h
fn=__pthread_once_slow
209 8 1 1 0 0 0 0 0 0
fl=./nptl/../sysdeps/unix/sysv/linux/x86/elision-conf.c
fn=__lll_elision_init
96 5 1 1 1 0 0 2 0 0
101 5 0 0 0 0 0 1 0 0
103 4 1 1 0 0 0 1 0 0
105 4 0 0 0 0 0 1 0 0
107 4 0 0 0 0 0 1 0 0
109 4 1 1 0 0 0 1 0 0
113 3 0 0 1 1 1 0 0 0
114 1 0 0 0 0 0 1 1 1
115 6 0 0 4 0 0 0 0 0
fl=./nptl/./nptl/alloca_cutoff.c
fn=__libc_alloca_cutoff
28 234 4 2 26 2 1 0 0 0
35 26 0 0 26 0 0 0 0 0
fl=./nptl/./nptl/cleanup_compat.c
fn=_pthread_cleanup_pop@@GLIBC_2.34
43 2 1 1 1 0 0 1 0 0
47 2 0 0 0 0 0 0 0 0
49 1 0 0 1 0 0 0 0 0
fn=_pthread_cleanup_push@@GLIBC_2.34
28 1 1 1 0 0 0 1 0 0
29 1 0 0 0 0 0 1 0 0
30 2 0 0 1 1 0 1 0 0
32 1 0 0 0 0 0 1 0 0
33 1 0 0 1 0 0 0 0 0
fl=./nptl/./nptl/libc-cleanup.c
fn=__libc_cleanup_pop_restore
55 2 1 1 2 0 0 0 0 0
57 4 0 0 2 0 0 2 0 0
59 2 0 0 2 0 0 0 0 0
60 6 0 0 2 0 0 0 0 0
71 2 1 1 2 0 0 0 0 0
fn=__libc_cleanup_push_defer
25 2 1 1 2 0 0 0 0 0
27 4 1 1 2 0 0 2 0 0
29 4 0 0 2 1 1 0 0 0
32 4 0 0 0 0 0 0 0 0
46 6 0 0 0 0 0 2 0 0
48 2 0 0 0 0 0 2 0 0
49 2 0 0 2 0 0 0 0 0
fl=./nptl/./nptl/pthread_mutex_conf.c
fn=__pthread_tunables_init
50 5 2 2 1 0 0 2 0 0
51 5 0 0 0 0 0 1 0 0
53 4 0 0 0 0 0 1 0 0
55 6 1 1 4 0 0 0 0 0
fl=./nptl/./nptl/pthread_mutex_lock.c
fn=pthread_mutex_lock@@GLIBC_2.2.5
44 1 1 1 1 0 0 0 0 0
45 7 0 0 2 0 0 0 0 0
46 1 0 0 0 0 0 1 0 0
77 2 0 0 0 0 0 1 0 0
80 3 1 1 1 0 0 0 0 0
84 2 1 1 0 0 0 0 0 0
88 2 0 0 0 0 0 0 0 0
97 2 1 1 0 0 0 0 0 0
108 4 1 1 1 0 0 0 0 0
112 1 0 0 1 1 1 0 0 0
115 2 0 0 1 0 0 0 0 0
124 1 0 0 0 0 0 0 0 0
130 3 0 0 1 0 0 0 0 0
131 2 1 1 0 0 0 1 0 0
179 1 1 1 1 0 0 0 0 0
182 1 0 0 0 0 0 1 0 0
184 1 0 0 1 0 0 0 0 0
190 3 0 0 2 0 0 0 0 0
fl=./nptl/./nptl/pthread_mutex_unlock.c
fn=__pthread_mutex_unlock_usercnt
39 1 0 0 1 0 0 0 0 0
40 4 0 0 1 0 0 0 0 0
41 1 0 0 0 0 0 1 0 0
48 1 0 0 0 0 0 0 0 0
51 3 1 1 1 0 0 0 0 0
52 2 0 0 0 0 0 0 0 0
57 2 0 0 0 0 0 0 0 0
62 1 0 0 0 0 0 1 0 0
63 2 0 0 0 0 0 0 0 0
65 1 0 0 1 0 0 0 0 0
72 1 0 0 0 0 0 0 0 0
74 2 1 1 0 0 0 0 0 0
80 4 1 1 1 0 0 0 0 0
84 3 0 0 2 0 0 0 0 0
87 3 0 0 1 0 0 0 0 0
104 2 0 0 1 0 0 0 0 0
fn=pthread_mutex_unlock@@GLIBC_2.2.5
368 2 1 1 0 0 0 0 0 0
fl=./nptl/./nptl/pthread_once.c
fn=__pthread_once_slow
68 9 1 1 1 0 0 4 0 0
76 1 0 0 1 0 0 0 0 0
80 2 0 0 0 0 0 0 0 0
88 2 1 1 1 1 1 0 0 0
92 2 0 0 1 0 0 0 0 0
101 4 0 0 0 0 0 0 0 0
114 13 2 2 0 0 0 7 0 0
116 1 0 0 0 0 0 1 0 0
118 3 0 0 0 0 0 1 0 0
124 1 0 0 0 0 0 1 0 0
132 9 0 0 6 0 0 0 0 0
fn=pthread_once@@GLIBC_2.34
139 40 5 2 40 3 1 0 0 0
140 80 0 0 0 0 0 0 0 0
143 1 0 0 0 0 0 0 0 0
144 78 0 0 39 0 0 0 0 0
fl=./posix/../malloc/dynarray-skeleton.c
fn=__unregister_atfork
243 5 0 0 5 1 1 0 0 0
fl=./posix/../sysdeps/unix/sysv/linux/_exit.c
fn=_Exit
27 1 1 1 1 0 0 0 0 0
30 3 1 1 0 0 0 0 0 0
31 2 0 0 0 0 0 0 0 0
fl=./posix/./posix/register-atfork.c
fn=__unregister_atfork
71 10 1 1 0 0 0 0 0 0
82 10 1 1 0 0 0 5 0 0
83 20 0 0 5 1 1 0 0 0
109 20 1 1 10 0 0 0 0 0
110 10 0 0 10 0 0 0 0 0
fl=./resource/../sysdeps/unix/sysv/linux/getrlimit64.c
fn=getrlimit
38 1 1 1 0 0 0 0 0 0
39 7 0 0 0 0 0 0 0 0
40 1 0 0 1 0 0 0 0 0
fl=./setjmp/../sysdeps/x86_64/bsd-_setjmp.S
fn=_setjmp
30 1 1 1 0 0 0 0 0 0
32 1 0 0 0 0 0 0 0 0
fl=./setjmp/../sysdeps/x86_64/setjmp.S
fn=__sigsetjmp
32 13 2 2 0 0 0 13 0 0
41 13 0 0 0 0 0 0 0 0
42 26 1 1 13 0 0 0 0 0
43 13 0 0 0 0 0 13 0 0
47 13 0 0 0 0 0 13 0 0
48 13 0 0 0 0 0 13 0 0
49 13 0 0 0 0 0 13 0 0
50 13 0 0 0 0 0 13 0 0
51 13 0 0 0 0 0 0 0 0
53 26 0 0 13 0 0 0 0 0
55 13 0 0 0 0 0 13 2 2
56 13 0 0 13 0 0 0 0 0
59 26 1 1 13 0 0 0 0 0
61 13 1 1 0 0 0 13 0 0
80 12 0 0 0 0 0 0 0 0
81 12 0 0 12 0 0 0 0 0
84 1 0 0 0 0 0 0 0 0
fl=./setjmp/./setjmp/sigjmp.c
fn=__sigjmp_save
28 2 0 0 0 0 0 1 0 0
29 1 0 0 0 0 0 1 0 0
30 2 0 0 0 0 0 0 0 0
34 3 0 0 2 0 0 0 0 0
fl=./stdio-common/../include/../locale/localeinfo.h
fn=__printf_fp_l
331 78 0 0 52 4 2 26 0 0
fl=./stdio-common/../include/rounding-mode.h
fn=__printf_fp_l
49 14 1 0 0 0 0 0 0 0
52 93 1 0 0 0 0 0 0 0
fl=./stdio-common/../libio/libioP.h
fn=__vfprintf_internal
940 130 0 0 0 0 0 26 0 0
942 130 0 0 0 0 0 0 0 0
943 130 2 1 26 0 0 0 0 0
fl=./stdio-common/../sysdeps/generic/get-rounding-mode.h
fn=__printf_fp_l
94 26 1 0 0 0 0 26 0 0
95 182 2 1 26 0 0 0 0 0
fl=./stdio-common/../sysdeps/pthread/allocalim.h
fn=__printf_fp_l
27 52 0 0 0 0 0 26 0 0
29 130 3 1 0 0 0 26 0 0
fl=./stdio-common/./stdio-common/printf-parse.h
fn=__vfprintf_internal
82 208 2 1 26 0 0 78 0 0
fl=./stdio-common/./stdio-common/printf_fp.c
fn=__printf_fp
1278 26 0 0 0 0 0 0 0 0
1279 130 2 1 52 0 0 0 0 0
fn=__printf_fp_l
216 416 4 2 26 0 0 234 4 2
233 26 0 0 0 0 0 26 2 1
234 26 0 0 0 0 0 26 0 0
257 26 0 0 0 0 0 26 0 0
266 130 0 0 26 0 0 26 0 0
274 26 2 1 0 0 0 26 0 0
277 52 0 0 0 0 0 0 0 0
280 52 0 0 26 2 1 26 0 0
298 78 0 0 26 0 0 0 0 0
341 26 2 1 0 0 0 26 0 0
387 52 0 0 0 0 0 0 0 0
388 52 0 0 26 0 0 26 0 0
392 52 1 1 0 0 0 0 0 0
396 442 6 3 78 4 2 26 2 1
400 26 2 1 0 0 0 0 0 0
418 78 4 2 26 0 0 0 0 0
432 130 2 1 26 0 0 0 0 0
433 26 0 0 0 0 0 0 0 0
434 52 0 0 0 0 0 0 0 0
437 182 2 1 0 0 0 26 0 0
438 104 0 0 0 0 0 26 0 0
439 104 2 1 0 0 0 26 0 0
445 26 0 0 0 0 0 26 0 0
446 52 0 0 0 0 0 0 0 0
649 52 2 1 0 0 0 0 0 0
652 26 0 0 0 0 0 26 0 0
662 26 0 0 0 0 0 0 0 0
665 130 2 1 0 0 0 26 2 1
666 130 2 1 52 0 0 52 0 0
669 26 0 0 0 0 0 26 0 0
670 130 0 0 26 0 0 26 0 0
675 312 2 1 0 0 0 0 0 0
677 624 0 0 312 10 5 0 0 0
684 15 2 1 6 0 0 0 0 0
685 6 0 0 3 0 0 0 0 0
686 3 0 0 3 2 1 0 0 0
688 3 0 0 3 0 0 0 0 0
690 15 0 0 0 0 0 3 0 0
693 18 2 1 6 0 0 3 0 0
697 18 0 0 6 0 0 0 0 0
698 6 0 0 0 0 0 0 0 0
699 12 0 0 0 0 0 0 0 0
706 15 0 0 3 0 0 0 0 0
708 2 0 0 0 0 0 0 0 0
710 1 0 0 0 0 0 1 0 0
712 5 1 0 0 0 0 1 0 0
728 9 0 0 0 0 0 0 0 0
730 2 0 0 1 0 0 0 0 0
731 1 0 0 0 0 0 0 0 0
736 6 3 2 0 0 0 2 0 0
737 8 0 0 2 0 0 0 0 0
742 6 0 0 0 0 0 0 0 0
745 6 0 0 2 0 0 0 0 0
746 4 4 2 0 0 0 0 0 0
753 2 0 0 0 0 0 0 0 0
756 10 0 0 0 0 0 0 0 0
769 8 0 0 0 0 0 0 0 0
779 4 2 1 2 0 0 2 0 0
782 6 0 0 2 0 0 2 0 0
787 312 0 0 0 0 0 0 0 0
789 1514 2 1 2 0 0 0 0 0
791 52 2 1 0 0 0 0 0 0
795 125 0 0 75 0 0 25 0 0
796 50 0 0 25 0 0 25 0 0
799 75 2 1 50 0 0 0 0 0
800 175 0 0 25 0 0 0 0 0
808 100 2 1 25 0 0 25 0 0
809 50 2 1 25 0 0 25 0 0
810 25 0 0 25 0 0 0 0 0
813 78 0 0 26 0 0 26 0 0
831 78 2 1 52 0 0 26 0 0
835 26 0 0 0 0 0 26 0 0
840 26 3 1 0 0 0 26 0 0
841 156 2 1 104 2 1 26 0 0
843 52 0 0 0 0 0 0 0 0
847 52 0 0 26 0 0 26 0 0
853 52 2 1 26 0 0 0 0 0
861 26 0 0 26 0 0 0 0 0
873 182 0 0 26 0 0 52 0 0
874 78 0 0 26 0 0 0 0 0
875 52 2 1 0 0 0 0 0 0
878 26 0 0 0 0 0 26 0 0
888 104 4 2 26 0 0 52 0 0
895 130 2 1 26 0 0 26 0 0
898 156 2 1 78 0 0 26 0 0
901 52 0 0 26 0 0 0 0 0
915 78 0 0 26 0 0 0 0 0
916 26 0 0 26 0 0 0 0 0
922 26 0 0 0 0 0 0 0 0
924 26 0 0 0 0 0 26 0 0
932 156 0 0 0 0 0 26 0 0
933 52 2 1 26 0 0 0 0 0
936 130 0 0 52 0 0 0 0 0
954 52 2 1 26 0 0 26 2 1
955 26 0 0 26 0 0 0 0 0
956 156 2 1 26 0 0 52 0 0
960 52 0 0 0 0 0 0 0 0
961 78 2 1 0 0 0 26 0 0
962 237 2 1 26 0 0 26 0 0
963 1110 0 0 370 0 0 0 0 0
965 159 0 0 0 0 0 0 0 0
966 477 0 0 159 0 0 318 0 0
967 159 0 0 0 0 0 0 0 0
969 792 2 1 0 0 0 0 0 0
971 3 0 0 3 0 0 0 0 0
972 9 4 2 3 0 0 0 0 0
978 104 0 0 52 0 0 0 0 0
979 130 2 1 26 0 0 78 0 0
981 208 0 0 52 0 0 0 0 0
982 5 0 0 0 0 0 0 0 0
983 25 2 2 10 0 0 0 0 0
986 10 0 0 5 0 0 0 0 0
991 29 2 1 6 0 0 0 0 0
1003 22 0 0 0 0 0 0 0 0
1007 11 0 0 0 0 0 0 0 0
1008 55 1 1 11 0 0 0 0 0
1013 66 2 1 22 0 0 0 0 0
1014 33 0 0 0 0 0 11 0 0
1015 33 1 1 11 0 0 0 0 0
1017 22 0 0 0 0 0 11 0 0
1028 22 0 0 11 0 0 0 0 0
1039 26 1 1 0 0 0 0 0 0
1097 157 0 0 53 0 0 0 0 0
1099 5 0 0 0 0 0 0 0 0
1100 5 0 0 0 0 0 0 0 0
1104 52 0 0 0 0 0 0 0 0
1107 78 2 1 26 0 0 0 0 0
1120 78 4 2 26 0 0 0 0 0
1166 134 3 2 78 0 0 0 0 0
1168 208 4 2 26 0 0 52 0 0
1170 286 2 1 78 0 0 0 0 0
1174 264 2 1 72 0 0 48 0 0
1175 4 0 0 0 0 0 0 0 0
1177 4 0 0 0 0 0 0 0 0
1180 154 2 1 100 0 0 0 0 0
1188 78 4 2 26 0 0 0 0 0
1195 78 5 1 52 0 0 0 0 0
1200 104 5 1 26 0 0 52 0 0
1202 104 0 0 52 0 0 0 0 0
1203 52 0 0 0 0 0 0 0 0
1207 78 5 1 26 0 0 0 0 0
1209 52 0 0 26 0 0 0 0 0
1220 130 0 0 0 0 0 0 0 0
1221 52 0 0 0 0 0 26 0 0
1227 1086 4 2 156 0 0 130 0 0
1228 618 2 1 206 0 0 0 0 0
1229 104 0 0 26 0 0 26 0 0
1230 360 0 0 0 0 0 0 0 0
1233 360 0 0 0 0 0 180 0 0
1237 104 0 0 52 0 0 0 0 0
1254 2914 6 2 644 0 0 438 0 0
1257 52 2 1 26 0 0 0 0 0
1268 78 2 1 52 0 0 0 0 0
1272 312 2 1 234 0 0 0 0 0
fn=hack_digit
170 740 2 1 0 0 0 370 0 0
173 2035 2 1 555 0 0 185 0 0
175 546 0 0 182 0 0 0 0 0
177 728 3 1 546 0 0 0 0 0
178 910 0 0 0 0 0 364 0 0
209 182 0 0 0 0 0 0 0 0
210 925 0 0 555 0 0 0 0 0
fl=./stdio-common/./stdio-common/vfprintf-internal.c
fn=__vfprintf_internal
127 676 2 1 0 0 0 0 0 0
239 364 0 0 130 2 1 52 0 0
351 78 0 0 0 0 0 0 0 0
352 78 0 0 0 0 0 0 0 0
354 52 2 1 0 0 0 26 0 0
684 286 2 1 0 0 0 208 4 2
714 130 0 0 78 0 0 52 0 0
718 26 2 1 0 0 0 26 0 0
722 130 4 2 26 0 0 0 0 0
726 130 0 0 52 0 0 0 0 0
737 52 0 0 0 0 0 0 0 0
744 52 0 0 0 0 0 26 0 0
748 104 0 0 52 0 0 52 1 0
752 26 0 0 0 0 0 26 0 0
759 26 0 0 0 0 0 26 0 0
763 104 2 1 0 0 0 52 3 1
767 130 0 0 52 0 0 0 0 0
771 78 2 1 52 0 0 0 0 0
775 208 0 0 78 6 3 26 0 0
795 26 0 0 0 0 0 26 0 0
796 26 0 0 0 0 0 26 0 0
797 26 0 0 0 0 0 26 0 0
798 26 0 0 0 0 0 26 0 0
799 26 0 0 0 0 0 0 0 0
802 26 0 0 0 0 0 0 0 0
803 26 0 0 0 0 0 0 0 0
804 26 0 0 0 0 0 26 0 0
805 26 0 0 0 0 0 0 0 0
806 26 0 0 0 0 0 26 0 0
807 26 0 0 0 0 0 0 0 0
810 26 0 0 0 0 0 26 0 0
811 52 0 0 0 0 0 26 0 0
817 390 4 2 78 4 2 26 0 0
925 78 4 2 26 0 0 26 0 0
926 78 0 0 26 0 0 0 0 0
930 78 6 2 0 0 0 52 0 0
931 104 0 0 26 0 0 0 0 0
946 182 0 0 52 0 0 26 0 0
949 156 2 1 26 0 0 0 0 0
967 364 2 1 78 4 2 0 0 0
1035 52 2 1 26 0 0 0 0 0
1038 936 4 2 208 0 0 156 0 0
1058 286 5 3 78 0 0 52 0 0
1059 52 0 0 0 0 0 26 0 0
1062 52 2 1 0 0 0 0 0 0
1067 52 0 0 0 0 0 0 0 0
1086 26 0 0 26 0 0 0 0 0
1092 78 2 1 26 0 0 26 0 0
1096 104 2 1 0 0 0 0 0 0
1098 78 0 0 26 0 0 0 0 0
1111 52 2 1 26 0 0 0 0 0
1112 52 0 0 26 0 0 0 0 0
1115 312 2 1 234 0 0 0 0 0
fl=./stdlib/../sysdeps/ieee754/dbl-64/dbl2mpn.c
fn=__mpn_extract_double
33 52 0 0 0 0 0 0 0 0
35 26 2 1 0 0 0 0 0 0
37 78 2 1 0 0 0 26 0 0
38 130 0 0 0 0 0 26 0 0
47 78 0 0 0 0 0 26 2 1
56 78 0 0 0 0 0 0 0 0
103 52 2 1 0 0 0 26 0 0
107 52 0 0 26 0 0 0 0 0
fl=./stdlib/../sysdeps/unix/sysv/linux/getrandom.c
fn=getrandom
29 6 1 1 1 0 0 0 0 0
30 1 0 0 1 0 0 0 0 0
fl=./stdlib/../sysdeps/x86_64/lshift.S
fn=__mpn_lshift
29 26 2 1 0 0 0 0 0 0
30 26 0 0 0 0 0 0 0 0
32 26 0 0 0 0 0 0 0 0
33 26 0 0 0 0 0 0 0 0
34 26 0 0 0 0 0 0 0 0
46 26 1 1 0 0 0 0 0 0
47 26 0 0 0 0 0 0 0 0
48 26 0 0 26 0 0 0 0 0
49 26 0 0 0 0 0 0 0 0
50 26 0 0 0 0 0 0 0 0
51 26 0 0 0 0 0 0 0 0
52 26 0 0 0 0 0 0 0 0
58 26 0 0 0 0 0 0 0 0
59 26 0 0 0 0 0 26 0 0
60 26 0 0 26 0 0 0 0 0
fl=./stdlib/../sysdeps/x86_64/mul_1.S
fn=__mpn_mul_1
32 210 2 1 0 0 0 210 0 0
35 210 0 0 0 0 0 0 0 0
36 210 0 0 210 0 0 0 0 0
37 210 0 0 0 0 0 0 0 0
38 210 0 0 0 0 0 0 0 0
39 210 0 0 0 0 0 0 0 0
41 210 2 1 0 0 0 0 0 0
42 210 0 0 0 0 0 0 0 0
44 210 0 0 0 0 0 0 0 0
45 210 0 0 0 0 0 0 0 0
46 210 0 0 0 0 0 0 0 0
47 210 0 0 0 0 0 0 0 0
48 182 0 0 0 0 0 0 0 0
50 182 0 0 0 0 0 0 0 0
51 182 0 0 0 0 0 0 0 0
52 182 0 0 0 0 0 182 0 0
53 182 0 0 0 0 0 0 0 0
79 28 2 1 0 0 0 0 0 0
80 28 0 0 0 0 0 0 0 0
81 28 0 0 0 0 0 0 0 0
82 28 0 0 0 0 0 0 0 0
83 28 0 0 0 0 0 0 0 0
84 28 0 0 0 0 0 0 0 0
85 28 2 1 28 0 0 0 0 0
86 28 0 0 0 0 0 0 0 0
87 28 0 0 0 0 0 0 0 0
113 28 2 1 0 0 0 0 0 0
114 28 0 0 0 0 0 0 0 0
115 28 0 0 0 0 0 0 0 0
117 28 0 0 0 0 0 28 2 1
118 28 0 0 0 0 0 0 0 0
119 28 0 0 0 0 0 0 0 0
120 28 2 1 0 0 0 28 0 0
121 28 0 0 0 0 0 0 0 0
122 210 0 0 0 0 0 0 0 0
124 210 0 0 210 0 0 0 0 0
127 210 0 0 210 0 0 0 0 0
fl=./stdlib/../sysdeps/x86_64/rshift.S
fn=__mpn_rshift
29 27 3 1 0 0 0 0 0 0
30 27 0 0 0 0 0 0 0 0
31 27 0 0 0 0 0 0 0 0
44 27 0 0 0 0 0 0 0 0
45 27 0 0 0 0 0 0 0 0
61 27 5 1 0 0 0 0 0 0
62 27 0 0 27 0 0 0 0 0
63 27 0 0 27 0 0 0 0 0
64 27 0 0 0 0 0 0 0 0
65 27 0 0 0 0 0 0 0 0
66 27 0 0 0 0 0 0 0 0
67 27 0 0 0 0 0 0 0 0
72 27 0 0 0 0 0 0 0 0
73 27 0 0 0 0 0 27 0 0
74 27 5 1 0 0 0 0 0 0
75 27 0 0 0 0 0 27 0 0
76 27 0 0 27 0 0 0 0 0
fl=./stdlib/./stdlib/cxa_atexit.c
fn=__cxa_atexit
70 22 2 1 0 0 0 0 0 0
fn=__internal_atexit
36 55 2 1 0 0 0 44 0 0
41 22 0 0 0 0 0 0 0 0
43 88 0 0 11 2 1 0 0 0
44 22 2 1 0 0 0 11 0 0
46 22 0 0 0 0 0 0 0 0
53 33 0 0 11 0 0 0 0 0
55 11 0 0 0 0 0 11 0 0
56 11 0 0 0 0 0 11 6 6
57 11 0 0 0 0 0 11 0 0
58 11 0 0 0 0 0 11 0 0
59 44 0 0 22 0 0 0 0 0
60 11 0 0 0 0 0 0 0 0
61 66 2 1 55 0 0 0 0 0
fn=__new_exitfn
82 44 0 0 0 0 0 22 0 0
83 11 0 0 0 0 0 0 0 0
88 22 1 1 11 2 1 0 0 0
93 59 0 0 12 2 0 0 0 0
95 44 1 1 11 0 0 0 0 0
96 50 0 0 10 1 0 0 0 0
103 1 0 0 0 0 0 1 0 0
106 20 0 0 0 0 0 0 0 0
124 1 0 0 0 0 0 0 0 0
125 1 1 1 0 0 0 1 0 0
131 30 0 0 0 0 0 0 0 0
132 20 0 0 0 0 0 10 0 0
136 1 0 0 0 0 0 0 0 0
138 11 1 1 0 0 0 11 0 0
139 11 0 0 11 0 0 0 0 0
143 55 0 0 33 0 0 0 0 0
fl=./stdlib/./stdlib/cxa_finalize.c
fn=__cxa_finalize
30 40 1 1 0 0 0 30 0 0
33 30 0 0 5 0 0 0 0 0
36 30 1 1 10 0 0 0 0 0
40 166 1 1 5 0 0 0 0 0
41 198 0 0 54 4 4 0 0 0
43 18 1 1 9 0 0 9 0 0
45 9 0 0 9 0 0 0 0 0
76 9 0 0 0 0 0 9 0 0
79 27 0 0 18 0 0 0 0 0
82 36 0 0 18 0 0 0 0 0
83 27 0 0 0 0 0 9 0 0
84 36 0 0 9 0 0 0 0 0
88 27 0 0 18 0 0 0 0 0
94 30 1 1 10 0 0 0 0 0
98 35 1 1 5 1 1 0 0 0
105 10 0 0 0 0 0 0 0 0
106 10 0 0 0 0 0 5 0 0
107 20 0 0 10 0 0 0 0 0
108 40 0 0 35 0 0 0 0 0
fl=./stdlib/./stdlib/cxa_thread_atexit_impl.c
fn=__call_tls_dtors
149 3 1 1 0 0 0 2 0 0
150 4 1 1 2 0 0 0 0 0
168 4 1 1 3 0 0 0 0 0
fl=./stdlib/./stdlib/exit.c
fn=__run_exit_handlers
40 10 2 2 0 0 0 7 0 0
45 2 0 0 0 0 0 0 0 0
46 2 1 1 0 0 0 1 0 0
48 5 0 0 1 1 1 0 0 0
59 1 0 0 1 1 1 0 0 0
61 2 0 0 0 0 0 0 0 0
65 1 0 0 0 0 0 1 1 1
69 36 1 1 12 0 0 0 0 0
71 22 0 0 0 0 0 11 0 0
72 11 0 0 11 0 0 0 0 0
74 95 0 0 11 1 1 0 0 0
101 2 0 0 0 0 0 0 0 0
108 2 0 0 0 0 0 2 0 0
109 2 1 1 2 0 0 0 0 0
110 2 0 0 2 1 1 0 0 0
112 6 1 1 2 0 0 0 0 0
115 8 0 0 4 0 0 0 0 0
116 6 0 0 0 0 0 2 0 0
117 8 0 0 2 0 0 0 0 0
121 6 1 1 2 0 0 0 0 0
127 2 1 1 1 0 0 1 0 0
128 2 0 0 0 0 0 0 0 0
134 4 0 0 2 0 0 0 0 0
136 2 0 0 1 0 0 0 0 0
137 9 0 0 1 1 1 1 0 0
139 2 0 0 0 0 0 1 0 0
fn=exit
145 1 1 1 0 0 0 0 0 0
146 4 0 0 0 0 0 1 0 0
fl=./stdlib/./stdlib/mul.c
fn=__mpn_mul
48 48 4 2 3 0 0 21 0 0
54 6 0 0 0 0 0 0 0 0
66 6 0 0 0 0 0 0 0 0
71 3 2 1 3 3 2 0 0 0
72 6 0 0 0 0 0 0 0 0
81 21 2 1 9 0 0 9 2 1
83 3 0 0 0 0 0 3 0 0
84 3 0 0 0 0 0 0 0 0
88 6 0 0 0 0 0 0 0 0
141 3 2 1 0 0 0 3 0 0
142 33 0 0 27 0 0 0 0 0
fl=./string/../include/rtld-malloc.h
fn=strdup
56 12 0 0 6 0 0 6 0 0
fl=./string/../string/strcspn.c
fn=strcspn
32 3 1 1 0 0 0 1 0 0
33 3 0 0 1 1 1 0 0 0
34 2 0 0 1 0 0 0 0 0
39 6 1 1 0 0 0 4 1 1
40 4 0 0 0 0 0 4 1 1
41 4 1 1 0 0 0 4 1 1
42 4 0 0 0 0 0 4 1 1
44 1 0 0 0 0 0 0 0 0
47 9 0 0 3 0 0 3 0 0
48 6 0 0 0 0 0 0 0 0
51 4 1 1 2 0 0 0 0 0
52 4 0 0 2 0 0 0 0 0
53 4 0 0 2 0 0 0 0 0
54 4 0 0 2 0 0 0 0 0
56 3 0 0 0 0 0 0 0 0
61 12 0 0 0 0 0 0 0 0
62 24 1 1 24 1 1 0 0 0
63 24 0 0 24 0 0 0 0 0
64 24 0 0 24 0 0 0 0 0
65 12 0 0 12 0 0 0 0 0
67 72 0 0 12 0 0 0 0 0
69 1 0 0 0 0 0 0 0 0
70 4 1 1 0 0 0 0 0 0
71 3 0 0 2 0 0 0 0 0
fl=./string/../sysdeps/x86/cacheinfo.c
fn=__x86_cacheinfo
86 2 0 0 1 0 0 0 0 0
fl=./string/../sysdeps/x86/cacheinfo.h
fn=__x86_cacheinfo
61 1 1 1 1 0 0 0 0 0
64 3 0 0 1 1 0 0 0 0
66 3 0 0 0 0 0 1 0 0
67 1 1 1 0 0 0 1 1 1
73 3 0 0 1 0 0 0 0 0
75 3 0 0 0 0 0 1 0 0
76 1 0 0 0 0 0 1 0 0
80 2 0 0 1 0 0 1 1 1
82 2 1 1 1 0 0 1 0 0
83 2 0 0 1 1 0 1 0 0
84 2 0 0 1 0 0 1 0 0
86 2 0 0 1 0 0 0 0 0
fl=./string/../sysdeps/x86_64/multiarch/../multiarch/memcmp-sse2.S
fn=bcmp
71 1 1 1 0 0 0 0 0 0
72 1 0 0 0 0 0 0 0 0
94 1 0 0 0 0 0 0 0 0
95 1 0 0 0 0 0 0 0 0
140 1 1 1 1 0 0 0 0 0
141 1 0 0 1 0 0 0 0 0
143 1 0 0 0 0 0 0 0 0
144 1 0 0 0 0 0 0 0 0
146 1 0 0 1 0 0 0 0 0
147 1 0 0 1 0 0 0 0 0
149 1 0 0 0 0 0 0 0 0
150 1 0 0 0 0 0 0 0 0
197 1 0 0 0 0 0 0 0 0
198 1 0 0 0 0 0 0 0 0
199 1 0 0 0 0 0 0 0 0
200 1 0 0 0 0 0 0 0 0
201 1 0 0 0 0 0 0 0 0
202 1 0 0 1 0 0 0 0 0
fl=./string/../sysdeps/x86_64/multiarch/../multiarch/memset-vec-unaligned-erms.S
fn=memset
141 55 1 1 0 0 0 0 0 0
146 11 0 0 0 0 0 0 0 0
147 11 0 0 0 0 0 0 0 0
150 9 0 0 0 0 0 0 0 0
151 9 0 0 0 0 0 0 0 0
153 1 0 0 0 0 0 1 1 1
154 1 0 0 0 0 0 1 0 0
155 1 0 0 1 0 0 0 0 0
189 4 0 0 0 0 0 4 0 0
190 4 0 0 0 0 0 4 0 0
192 4 0 0 4 0 0 0 0 0
252 8 0 0 0 0 0 8 4 4
253 8 0 0 0 0 0 8 2 2
265 8 0 0 0 0 0 0 0 0
268 8 0 0 0 0 0 0 0 0
269 8 1 1 0 0 0 0 0 0
281 4 0 0 0 0 0 4 1 1
282 4 0 0 0 0 0 4 2 2
295 4 0 0 0 0 0 0 0 0
296 4 0 0 0 0 0 0 0 0
298 4 0 0 0 0 0 0 0 0
301 3 0 0 0 0 0 0 0 0
304 6 0 0 0 0 0 0 0 0
307 87 0 0 0 0 0 87 56 56
308 87 0 0 0 0 0 87 0 0
309 87 0 0 0 0 0 87 29 29
310 87 0 0 0 0 0 87 0 0
311 87 0 0 0 0 0 0 0 0
312 87 0 0 0 0 0 0 0 0
313 87 0 0 0 0 0 0 0 0
316 4 0 0 0 0 0 4 1 1
317 4 0 0 0 0 0 4 0 0
318 4 1 0 0 0 0 4 0 0
319 4 0 0 0 0 0 4 1 1
324 4 0 0 4 0 0 0 0 0
358 2 1 1 0 0 0 0 0 0
360 2 0 0 0 0 0 0 0 0
361 2 0 0 0 0 0 0 0 0
400 2 0 0 0 0 0 2 2 2
401 2 0 0 0 0 0 2 0 0
403 2 0 0 2 0 0 0 0 0
fl=./string/../sysdeps/x86_64/multiarch/../multiarch/strchr-sse2.S
fn=index
33 27 1 1 0 0 0 0 0 0
34 27 0 0 0 0 0 0 0 0
35 27 0 0 0 0 0 0 0 0
36 27 0 0 0 0 0 0 0 0
37 27 0 0 0 0 0 0 0 0
38 27 0 0 0 0 0 0 0 0
39 27 0 0 0 0 0 0 0 0
40 27 0 0 0 0 0 0 0 0
41 27 0 0 27 4 4 0 0 0
42 27 0 0 0 0 0 0 0 0
43 27 0 0 0 0 0 0 0 0
44 27 0 0 0 0 0 0 0 0
45 27 0 0 0 0 0 0 0 0
46 27 0 0 0 0 0 0 0 0
47 27 0 0 0 0 0 0 0 0
48 27 1 1 0 0 0 0 0 0
49 27 0 0 0 0 0 0 0 0
50 23 0 0 0 0 0 0 0 0
54 23 0 0 0 0 0 0 0 0
55 23 0 0 0 0 0 0 0 0
56 23 0 0 23 0 0 0 0 0
57 23 0 0 0 0 0 0 0 0
59 23 0 0 23 0 0 0 0 0
63 4 0 0 4 0 0 0 0 0
64 4 0 0 0 0 0 0 0 0
65 4 0 0 0 0 0 0 0 0
66 4 0 0 0 0 0 0 0 0
67 4 0 0 0 0 0 0 0 0
68 4 0 0 0 0 0 0 0 0
69 4 0 0 4 0 0 0 0 0
70 4 0 0 0 0 0 0 0 0
71 4 0 0 0 0 0 0 0 0
72 4 1 1 0 0 0 0 0 0
73 4 0 0 0 0 0 0 0 0
74 4 0 0 0 0 0 0 0 0
75 4 0 0 0 0 0 0 0 0
76 4 0 0 4 2 2 0 0 0
77 4 0 0 0 0 0 0 0 0
78 4 0 0 0 0 0 0 0 0
79 4 0 0 0 0 0 0 0 0
80 4 0 0 0 0 0 0 0 0
81 4 0 0 0 0 0 0 0 0
82 4 0 0 0 0 0 0 0 0
83 4 0 0 0 0 0 0 0 0
84 4 0 0 0 0 0 0 0 0
85 4 0 0 0 0 0 0 0 0
86 4 0 0 0 0 0 0 0 0
138 4 1 1 0 0 0 0 0 0
142 4 0 0 0 0 0 0 0 0
143 4 0 0 0 0 0 0 0 0
144 4 0 0 4 0 0 0 0 0
145 4 0 0 0 0 0 0 0 0
147 4 0 0 4 0 0 0 0 0
fl=./string/../sysdeps/x86_64/multiarch/../multiarch/strcmp-sse2.S
fn=strcmp
131 2270 2 2 0 0 0 0 0 0
132 2270 0 0 0 0 0 0 0 0
134 2270 0 0 0 0 0 0 0 0
135 2270 0 0 0 0 0 0 0 0
156 2270 0 0 0 0 0 0 0 0
157 2270 0 0 0 0 0 0 0 0
158 1180 0 0 0 0 0 0 0 0
159 1180 0 0 0 0 0 0 0 0
160 1044 0 0 1044 97 42 0 0 0
161 1044 0 0 1044 22 11 0 0 0
162 1044 1 1 1044 0 0 0 0 0
163 1044 0 0 1044 0 0 0 0 0
180 1044 0 0 0 0 0 0 0 0
181 1044 0 0 0 0 0 0 0 0
182 1044 0 0 0 0 0 0 0 0
183 1044 0 0 0 0 0 0 0 0
184 1044 0 0 0 0 0 0 0 0
185 1044 0 0 0 0 0 0 0 0
186 1044 0 0 0 0 0 0 0 0
191 27 0 0 0 0 0 0 0 0
192 27 0 0 0 0 0 0 0 0
201 1253 1 1 0 0 0 0 0 0
202 1253 0 0 0 0 0 0 0 0
203 1253 0 0 0 0 0 0 0 0
204 1253 0 0 0 0 0 0 0 0
205 1253 3 2 0 0 0 0 0 0
206 1253 0 0 0 0 0 0 0 0
207 1253 0 0 0 0 0 0 0 0
208 1253 0 0 0 0 0 0 0 0
209 248 0 0 0 0 0 0 0 0
210 142 0 0 0 0 0 0 0 0
211 142 0 0 0 0 0 0 0 0
212 142 0 0 0 0 0 0 0 0
214 248 0 0 0 0 0 0 0 0
215 248 0 0 0 0 0 0 0 0
216 248 0 0 0 0 0 0 0 0
217 248 0 0 248 12 4 0 0 0
218 248 0 0 0 0 0 0 0 0
219 248 0 0 0 0 0 0 0 0
229 1005 0 0 1005 13 2 0 0 0
230 1005 0 0 0 0 0 0 0 0
231 1005 0 0 0 0 0 0 0 0
233 1005 0 0 1005 2 0 0 0 0
239 1005 2 2 0 0 0 0 0 0
240 1005 0 0 0 0 0 0 0 0
241 1005 0 0 0 0 0 0 0 0
242 1005 0 0 0 0 0 0 0 0
243 1005 0 0 0 0 0 0 0 0
248 1005 0 0 0 0 0 0 0 0
250 994 0 0 0 0 0 0 0 0
251 994 0 0 0 0 0 0 0 0
252 1988 0 0 0 0 0 0 0 0
260 994 0 0 994 10 1 0 0 0
261 994 0 0 994 1 0 0 0 0
264 994 0 0 0 0 0 0 0 0
265 994 2 2 0 0 0 0 0 0
266 994 0 0 0 0 0 0 0 0
267 994 0 0 0 0 0 0 0 0
268 994 0 0 0 0 0 0 0 0
269 994 0 0 0 0 0 0 0 0
300 9 2 2 0 0 0 0 0 0
301 9 0 0 9 0 0 0 0 0
302 9 0 0 9 0 0 0 0 0
303 9 0 0 0 0 0 0 0 0
304 9 0 0 0 0 0 0 0 0
306 9 0 0 0 0 0 0 0 0
307 9 0 0 0 0 0 0 0 0
308 9 0 0 0 0 0 0 0 0
309 9 0 0 0 0 0 0 0 0
310 9 0 0 0 0 0 0 0 0
311 9 0 0 0 0 0 0 0 0
312 9 0 0 0 0 0 0 0 0
313 1 1 1 1 0 0 0 0 0
316 1 0 0 0 0 0 0 0 0
317 1 0 0 0 0 0 0 0 0
318 1 0 0 0 0 0 0 0 0
324 1 0 0 0 0 0 0 0 0
325 1 0 0 0 0 0 0 0 0
326 2 0 0 0 0 0 0 0 0
330 1 0 0 0 0 0 0 0 0
331 1 0 0 0 0 0 0 0 0
334 1 0 0 1 0 0 0 0 0
335 1 1 1 1 0 0 0 0 0
336 1 0 0 0 0 0 0 0 0
338 1 0 0 0 0 0 0 0 0
339 1 0 0 0 0 0 0 0 0
340 1 0 0 0 0 0 0 0 0
344 1 0 0 0 0 0 0 0 0
345 1 0 0 0 0 0 0 0 0
346 1 0 0 0 0 0 0 0 0
347 1 0 0 0 0 0 0 0 0
348 1 0 0 0 0 0 0 0 0
349 1 0 0 0 0 0 0 0 0
424 3 2 1 0 0 0 0 0 0
425 3 0 0 3 1 1 0 0 0
426 3 0 0 3 2 2 0 0 0
427 3 0 0 0 0 0 0 0 0
428 3 0 0 0 0 0 0 0 0
430 3 0 0 0 0 0 0 0 0
431 3 0 0 0 0 0 0 0 0
432 3 0 0 0 0 0 0 0 0
433 3 0 0 0 0 0 0 0 0
434 3 0 0 0 0 0 0 0 0
435 3 0 0 0 0 0 0 0 0
436 3 0 0 0 0 0 0 0 0
437 3 2 1 3 0 0 0 0 0
440 3 0 0 0 0 0 0 0 0
441 3 0 0 0 0 0 0 0 0
442 3 0 0 0 0 0 0 0 0
448 3 0 0 0 0 0 0 0 0
449 3 0 0 0 0 0 0 0 0
450 6 0 0 0 0 0 0 0 0
454 3 0 0 0 0 0 0 0 0
455 3 0 0 0 0 0 0 0 0
458 3 0 0 3 1 1 0 0 0
459 3 2 1 3 0 0 0 0 0
460 3 0 0 0 0 0 0 0 0
462 3 0 0 0 0 0 0 0 0
463 3 0 0 0 0 0 0 0 0
464 3 0 0 0 0 0 0 0 0
468 3 0 0 0 0 0 0 0 0
469 3 0 0 0 0 0 0 0 0
470 3 0 0 0 0 0 0 0 0
471 3 0 0 0 0 0 0 0 0
472 3 0 0 0 0 0 0 0 0
473 3 0 0 0 0 0 0 0 0
542 3 2 2 0 0 0 0 0 0
543 3 0 0 3 1 1 0 0 0
544 3 0 0 3 1 1 0 0 0
545 3 0 0 0 0 0 0 0 0
546 3 0 0 0 0 0 0 0 0
548 3 0 0 0 0 0 0 0 0
549 3 0 0 0 0 0 0 0 0
550 3 0 0 0 0 0 0 0 0
551 3 0 0 0 0 0 0 0 0
552 3 0 0 0 0 0 0 0 0
553 3 0 0 0 0 0 0 0 0
554 3 0 0 0 0 0 0 0 0
555 3 2 2 3 0 0 0 0 0
559 3 0 0 0 0 0 0 0 0
560 3 0 0 0 0 0 0 0 0
561 3 0 0 0 0 0 0 0 0
567 3 0 0 0 0 0 0 0 0
568 3 0 0 0 0 0 0 0 0
569 6 0 0 0 0 0 0 0 0
573 3 0 0 0 0 0 0 0 0
574 3 0 0 0 0 0 0 0 0
577 3 0 0 3 0 0 0 0 0
578 3 2 2 3 0 0 0 0 0
579 3 0 0 0 0 0 0 0 0
581 3 0 0 0 0 0 0 0 0
582 3 0 0 0 0 0 0 0 0
583 3 0 0 0 0 0 0 0 0
587 3 0 0 0 0 0 0 0 0
588 3 0 0 0 0 0 0 0 0
589 3 0 0 0 0 0 0 0 0
590 3 0 0 0 0 0 0 0 0
591 3 0 0 0 0 0 0 0 0
592 3 0 0 0 0 0 0 0 0
661 8 3 2 0 0 0 0 0 0
662 8 0 0 8 2 2 0 0 0
663 8 0 0 8 5 4 0 0 0
664 8 0 0 0 0 0 0 0 0
665 8 0 0 0 0 0 0 0 0
667 8 0 0 0 0 0 0 0 0
668 8 0 0 0 0 0 0 0 0
669 8 0 0 0 0 0 0 0 0
670 8 0 0 0 0 0 0 0 0
671 8 0 0 0 0 0 0 0 0
672 8 0 0 0 0 0 0 0 0
673 8 0 0 0 0 0 0 0 0
674 8 3 2 8 0 0 0 0 0
678 8 0 0 0 0 0 0 0 0
679 8 0 0 0 0 0 0 0 0
680 8 0 0 0 0 0 0 0 0
686 8 0 0 0 0 0 0 0 0
687 8 0 0 0 0 0 0 0 0
688 16 0 0 0 0 0 0 0 0
692 8 0 0 0 0 0 0 0 0
693 8 0 0 0 0 0 0 0 0
696 8 0 0 8 1 1 0 0 0
697 8 4 2 8 4 4 0 0 0
698 8 0 0 0 0 0 0 0 0
700 8 0 0 0 0 0 0 0 0
701 8 0 0 0 0 0 0 0 0
702 8 0 0 0 0 0 0 0 0
706 8 0 0 0 0 0 0 0 0
707 8 0 0 0 0 0 0 0 0
708 8 0 0 0 0 0 0 0 0
709 8 0 0 0 0 0 0 0 0
710 8 0 0 0 0 0 0 0 0
711 8 0 0 0 0 0 0 0 0
718 1 0 0 0 0 0 0 0 0
719 1 0 0 0 0 0 0 0 0
721 1 0 0 0 0 0 0 0 0
722 1 0 0 0 0 0 0 0 0
724 1 1 1 1 0 0 0 0 0
725 1 0 0 1 0 0 0 0 0
726 1 0 0 0 0 0 0 0 0
728 1 0 0 0 0 0 0 0 0
729 1 0 0 0 0 0 0 0 0
730 1 0 0 0 0 0 0 0 0
734 1 0 0 0 0 0 0 0 0
735 1 0 0 0 0 0 0 0 0
736 1 0 0 0 0 0 0 0 0
737 1 0 0 0 0 0 0 0 0
738 1 0 0 0 0 0 0 0 0
739 1 0 0 0 0 0 0 0 0
780 8 3 1 0 0 0 0 0 0
781 8 0 0 8 1 0 0 0 0
782 8 0 0 8 1 1 0 0 0
783 8 0 0 0 0 0 0 0 0
784 8 0 0 0 0 0 0 0 0
786 8 0 0 0 0 0 0 0 0
787 8 0 0 0 0 0 0 0 0
788 8 0 0 0 0 0 0 0 0
789 8 0 0 0 0 0 0 0 0
790 8 0 0 0 0 0 0 0 0
791 8 0 0 0 0 0 0 0 0
792 8 0 0 0 0 0 0 0 0
793 6 2 1 6 0 0 0 0 0
797 6 0 0 0 0 0 0 0 0
798 6 0 0 0 0 0 0 0 0
799 6 0 0 0 0 0 0 0 0
805 6 0 0 0 0 0 0 0 0
806 6 0 0 0 0 0 0 0 0
807 12 0 0 0 0 0 0 0 0
811 7 0 0 0 0 0 0 0 0
812 7 0 0 0 0 0 0 0 0
815 7 0 0 7 4 4 0 0 0
816 7 2 1 7 1 0 0 0 0
817 7 0 0 0 0 0 0 0 0
819 7 0 0 0 0 0 0 0 0
820 7 0 0 0 0 0 0 0 0
821 7 0 0 0 0 0 0 0 0
825 7 0 0 0 0 0 0 0 0
826 7 0 0 0 0 0 0 0 0
827 7 0 0 0 0 0 0 0 0
828 7 0 0 0 0 0 0 0 0
829 7 0 0 0 0 0 0 0 0
830 7 0 0 0 0 0 0 0 0
837 2 0 0 0 0 0 0 0 0
838 2 0 0 0 0 0 0 0 0
840 2 0 0 0 0 0 0 0 0
841 2 0 0 0 0 0 0 0 0
843 2 1 1 2 0 0 0 0 0
844 2 0 0 2 0 0 0 0 0
845 2 0 0 0 0 0 0 0 0
847 2 0 0 0 0 0 0 0 0
848 2 0 0 0 0 0 0 0 0
849 2 0 0 0 0 0 0 0 0
853 2 0 0 0 0 0 0 0 0
854 2 0 0 0 0 0 0 0 0
855 2 0 0 0 0 0 0 0 0
856 2 0 0 0 0 0 0 0 0
857 2 0 0 0 0 0 0 0 0
858 2 0 0 0 0 0 0 0 0
865 1 0 0 0 0 0 0 0 0
866 1 0 0 0 0 0 0 0 0
867 1 1 1 0 0 0 0 0 0
899 17 2 1 0 0 0 0 0 0
900 17 0 0 17 3 0 0 0 0
901 17 0 0 17 1 0 0 0 0
902 17 0 0 0 0 0 0 0 0
903 17 0 0 0 0 0 0 0 0
905 17 0 0 0 0 0 0 0 0
906 17 0 0 0 0 0 0 0 0
907 17 0 0 0 0 0 0 0 0
908 17 0 0 0 0 0 0 0 0
909 17 0 0 0 0 0 0 0 0
910 17 0 0 0 0 0 0 0 0
911 17 0 0 0 0 0 0 0 0
912 13 2 1 13 0 0 0 0 0
916 13 0 0 0 0 0 0 0 0
917 13 0 0 0 0 0 0 0 0
918 13 0 0 0 0 0 0 0 0
924 13 0 0 0 0 0 0 0 0
925 13 0 0 0 0 0 0 0 0
926 26 0 0 0 0 0 0 0 0
930 13 0 0 0 0 0 0 0 0
931 13 0 0 0 0 0 0 0 0
934 13 0 0 13 3 2 0 0 0
935 13 2 1 13 3 1 0 0 0
936 13 0 0 0 0 0 0 0 0
938 13 0 0 0 0 0 0 0 0
939 13 0 0 0 0 0 0 0 0
940 13 0 0 0 0 0 0 0 0
944 13 0 0 0 0 0 0 0 0
945 13 0 0 0 0 0 0 0 0
946 13 0 0 0 0 0 0 0 0
947 13 0 0 0 0 0 0 0 0
948 13 0 0 0 0 0 0 0 0
949 13 0 0 0 0 0 0 0 0
1018 11 1 1 0 0 0 0 0 0
1019 11 0 0 11 2 0 0 0 0
1020 11 0 0 11 4 1 0 0 0
1021 11 0 0 0 0 0 0 0 0
1022 11 0 0 0 0 0 0 0 0
1024 11 0 0 0 0 0 0 0 0
1025 11 0 0 0 0 0 0 0 0
1026 11 0 0 0 0 0 0 0 0
1027 11 0 0 0 0 0 0 0 0
1028 11 0 0 0 0 0 0 0 0
1029 11 0 0 0 0 0 0 0 0
1030 11 0 0 0 0 0 0 0 0
1031 5 2 1 5 0 0 0 0 0
1035 5 0 0 0 0 0 0 0 0
1036 5 0 0 0 0 0 0 0 0
1037 5 0 0 0 0 0 0 0 0
1043 5 0 0 0 0 0 0 0 0
1044 5 0 0 0 0 0 0 0 0
1045 10 0 0 0 0 0 0 0 0
1049 5 0 0 0 0 0 0 0 0
1050 5 0 0 0 0 0 0 0 0
1053 5 0 0 5 2 1 0 0 0
1054 5 2 1 5 1 0 0 0 0
1055 5 0 0 0 0 0 0 0 0
1057 5 0 0 0 0 0 0 0 0
1058 5 0 0 0 0 0 0 0 0
1059 5 0 0 0 0 0 0 0 0
1063 5 0 0 0 0 0 0 0 0
1064 5 0 0 0 0 0 0 0 0
1065 5 0 0 0 0 0 0 0 0
1066 5 0 0 0 0 0 0 0 0
1067 5 0 0 0 0 0 0 0 0
1068 5 0 0 0 0 0 0 0 0
1075 1 0 0 0 0 0 0 0 0
1076 1 0 0 0 0 0 0 0 0
1078 1 0 0 0 0 0 0 0 0
1079 1 0 0 0 0 0 0 0 0
1081 1 1 1 1 0 0 0 0 0
1082 1 0 0 1 0 0 0 0 0
1083 1 0 0 0 0 0 0 0 0
1085 1 0 0 0 0 0 0 0 0
1086 1 0 0 0 0 0 0 0 0
1087 1 0 0 0 0 0 0 0 0
1091 1 0 0 0 0 0 0 0 0
1092 1 0 0 0 0 0 0 0 0
1093 1 0 0 0 0 0 0 0 0
1094 1 0 0 0 0 0 0 0 0
1095 1 0 0 0 0 0 0 0 0
1096 1 0 0 0 0 0 0 0 0
1137 6 1 1 0 0 0 0 0 0
1138 6 0 0 6 1 1 0 0 0
1139 6 0 0 6 2 1 0 0 0
1140 6 0 0 0 0 0 0 0 0
1141 6 0 0 0 0 0 0 0 0
1143 6 0 0 0 0 0 0 0 0
1144 6 0 0 0 0 0 0 0 0
1145 6 0 0 0 0 0 0 0 0
1146 6 0 0 0 0 0 0 0 0
1147 6 0 0 0 0 0 0 0 0
1148 6 0 0 0 0 0 0 0 0
1149 6 0 0 0 0 0 0 0 0
1150 4 1 1 4 0 0 0 0 0
1154 4 0 0 0 0 0 0 0 0
1155 4 0 0 0 0 0 0 0 0
1156 4 0 0 0 0 0 0 0 0
1162 4 0 0 0 0 0 0 0 0
1163 4 0 0 0 0 0 0 0 0
1164 8 0 0 0 0 0 0 0 0
1168 4 0 0 0 0 0 0 0 0
1169 4 0 0 0 0 0 0 0 0
1172 4 0 0 4 2 1 0 0 0
1173 4 1 1 4 0 0 0 0 0
1174 4 0 0 0 0 0 0 0 0
1176 4 0 0 0 0 0 0 0 0
1177 4 0 0 0 0 0 0 0 0
1178 4 0 0 0 0 0 0 0 0
1182 4 0 0 0 0 0 0 0 0
1183 4 0 0 0 0 0 0 0 0
1184 4 0 0 0 0 0 0 0 0
1185 4 0 0 0 0 0 0 0 0
1186 4 0 0 0 0 0 0 0 0
1187 4 0 0 0 0 0 0 0 0
1256 44 2 1 0 0 0 0 0 0
1257 44 0 0 44 1 1 0 0 0
1258 44 0 0 44 0 0 0 0 0
1259 44 0 0 0 0 0 0 0 0
1260 44 0 0 0 0 0 0 0 0
1262 44 0 0 0 0 0 0 0 0
1263 44 0 0 0 0 0 0 0 0
1264 44 0 0 0 0 0 0 0 0
1265 44 0 0 0 0 0 0 0 0
1266 44 0 0 0 0 0 0 0 0
1267 44 0 0 0 0 0 0 0 0
1268 44 0 0 0 0 0 0 0 0
1269 16 2 1 16 0 0 0 0 0
1273 16 0 0 0 0 0 0 0 0
1274 16 0 0 0 0 0 0 0 0
1275 16 0 0 0 0 0 0 0 0
1281 16 0 0 0 0 0 0 0 0
1282 16 0 0 0 0 0 0 0 0
1283 32 0 0 0 0 0 0 0 0
1287 18 0 0 0 0 0 0 0 0
1288 18 0 0 0 0 0 0 0 0
1291 18 0 0 18 0 0 0 0 0
1292 18 2 1 18 0 0 0 0 0
1293 18 0 0 0 0 0 0 0 0
1295 18 0 0 0 0 0 0 0 0
1296 18 0 0 0 0 0 0 0 0
1297 18 0 0 0 0 0 0 0 0
1301 18 0 0 0 0 0 0 0 0
1302 18 0 0 0 0 0 0 0 0
1303 18 0 0 0 0 0 0 0 0
1304 18 0 0 0 0 0 0 0 0
1305 18 0 0 0 0 0 0 0 0
1306 18 0 0 0 0 0 0 0 0
1313 2 0 0 0 0 0 0 0 0
1314 2 0 0 0 0 0 0 0 0
1316 2 0 0 0 0 0 0 0 0
1317 2 0 0 0 0 0 0 0 0
1319 2 1 1 2 0 0 0 0 0
1320 2 0 0 2 1 0 0 0 0
1321 2 0 0 0 0 0 0 0 0
1323 2 0 0 0 0 0 0 0 0
1324 2 0 0 0 0 0 0 0 0
1325 2 0 0 0 0 0 0 0 0
1329 2 0 0 0 0 0 0 0 0
1330 2 0 0 0 0 0 0 0 0
1331 2 0 0 0 0 0 0 0 0
1332 2 0 0 0 0 0 0 0 0
1333 2 0 0 0 0 0 0 0 0
1334 2 0 0 0 0 0 0 0 0
1341 2 0 0 0 0 0 0 0 0
1342 2 0 0 0 0 0 0 0 0
1343 2 1 1 0 0 0 0 0 0
1375 32 2 1 0 0 0 0 0 0
1376 32 0 0 32 5 0 0 0 0
1377 32 0 0 32 6 3 0 0 0
1378 32 0 0 0 0 0 0 0 0
1379 32 0 0 0 0 0 0 0 0
1381 32 0 0 0 0 0 0 0 0
1382 32 0 0 0 0 0 0 0 0
1383 32 0 0 0 0 0 0 0 0
1384 32 0 0 0 0 0 0 0 0
1385 32 0 0 0 0 0 0 0 0
1386 32 0 0 0 0 0 0 0 0
1387 32 0 0 0 0 0 0 0 0
1388 26 5 1 26 0 0 0 0 0
1392 26 0 0 0 0 0 0 0 0
1393 26 0 0 0 0 0 0 0 0
1394 26 0 0 0 0 0 0 0 0
1400 26 0 0 0 0 0 0 0 0
1401 26 0 0 0 0 0 0 0 0
1402 52 0 0 0 0 0 0 0 0
1406 26 0 0 0 0 0 0 0 0
1407 26 0 0 0 0 0 0 0 0
1410 26 0 0 26 3 1 0 0 0
1411 26 4 2 26 4 1 0 0 0
1412 26 0 0 0 0 0 0 0 0
1414 26 0 0 0 0 0 0 0 0
1415 26 0 0 0 0 0 0 0 0
1416 26 0 0 0 0 0 0 0 0
1420 26 0 0 0 0 0 0 0 0
1421 26 0 0 0 0 0 0 0 0
1422 26 0 0 0 0 0 0 0 0
1423 26 0 0 0 0 0 0 0 0
1424 26 0 0 0 0 0 0 0 0
1425 26 0 0 0 0 0 0 0 0
1494 17 3 2 0 0 0 0 0 0
1495 17 0 0 17 1 0 0 0 0
1496 17 0 0 17 2 1 0 0 0
1497 17 0 0 0 0 0 0 0 0
1498 17 0 0 0 0 0 0 0 0
1500 17 0 0 0 0 0 0 0 0
1501 17 0 0 0 0 0 0 0 0
1502 17 0 0 0 0 0 0 0 0
1503 17 0 0 0 0 0 0 0 0
1504 17 0 0 0 0 0 0 0 0
1505 17 0 0 0 0 0 0 0 0
1506 17 0 0 0 0 0 0 0 0
1507 6 4 2 6 0 0 0 0 0
1511 6 0 0 0 0 0 0 0 0
1512 6 0 0 0 0 0 0 0 0
1513 6 0 0 0 0 0 0 0 0
1519 6 0 0 0 0 0 0 0 0
1520 6 0 0 0 0 0 0 0 0
1521 12 0 0 0 0 0 0 0 0
1525 6 0 0 0 0 0 0 0 0
1526 6 0 0 0 0 0 0 0 0
1529 6 0 0 6 3 2 0 0 0
1530 6 3 2 6 1 0 0 0 0
1531 6 0 0 0 0 0 0 0 0
1533 6 0 0 0 0 0 0 0 0
1534 6 0 0 0 0 0 0 0 0
1535 6 0 0 0 0 0 0 0 0
1539 6 0 0 0 0 0 0 0 0
1540 6 0 0 0 0 0 0 0 0
1541 6 0 0 0 0 0 0 0 0
1542 6 0 0 0 0 0 0 0 0
1543 6 0 0 0 0 0 0 0 0
1544 6 0 0 0 0 0 0 0 0
1551 1 0 0 0 0 0 0 0 0
1552 1 0 0 0 0 0 0 0 0
1554 1 0 0 0 0 0 0 0 0
1555 1 0 0 0 0 0 0 0 0
1557 1 1 1 1 0 0 0 0 0
1558 1 0 0 1 1 1 0 0 0
1559 1 0 0 0 0 0 0 0 0
1561 1 0 0 0 0 0 0 0 0
1562 1 0 0 0 0 0 0 0 0
1563 1 0 0 0 0 0 0 0 0
1567 1 0 0 0 0 0 0 0 0
1568 1 0 0 0 0 0 0 0 0
1569 1 0 0 0 0 0 0 0 0
1570 1 0 0 0 0 0 0 0 0
1571 1 0 0 0 0 0 0 0 0
1572 1 0 0 0 0 0 0 0 0
1613 15 2 1 0 0 0 0 0 0
1614 15 0 0 15 2 1 0 0 0
1615 15 0 0 15 2 1 0 0 0
1616 15 0 0 0 0 0 0 0 0
1617 15 0 0 0 0 0 0 0 0
1619 15 0 0 0 0 0 0 0 0
1620 15 0 0 0 0 0 0 0 0
1621 15 0 0 0 0 0 0 0 0
1622 15 0 0 0 0 0 0 0 0
1623 15 0 0 0 0 0 0 0 0
1624 15 0 0 0 0 0 0 0 0
1625 15 0 0 0 0 0 0 0 0
1626 13 2 1 13 0 0 0 0 0
1630 13 0 0 0 0 0 0 0 0
1631 13 0 0 0 0 0 0 0 0
1632 13 0 0 0 0 0 0 0 0
1638 13 0 0 0 0 0 0 0 0
1639 13 0 0 0 0 0 0 0 0
1640 26 0 0 0 0 0 0 0 0
1644 13 0 0 0 0 0 0 0 0
1645 13 0 0 0 0 0 0 0 0
1648 13 0 0 13 3 2 0 0 0
1649 13 2 1 13 4 4 0 0 0
1650 13 0 0 0 0 0 0 0 0
1652 13 0 0 0 0 0 0 0 0
1653 13 0 0 0 0 0 0 0 0
1654 13 0 0 0 0 0 0 0 0
1658 13 0 0 0 0 0 0 0 0
1659 13 0 0 0 0 0 0 0 0
1660 13 0 0 0 0 0 0 0 0
1661 13 0 0 0 0 0 0 0 0
1662 13 0 0 0 0 0 0 0 0
1663 13 0 0 0 0 0 0 0 0
1670 2 0 0 0 0 0 0 0 0
1671 2 0 0 0 0 0 0 0 0
1673 2 0 0 0 0 0 0 0 0
1674 2 0 0 0 0 0 0 0 0
1676 2 2 1 2 1 1 0 0 0
1677 2 0 0 2 0 0 0 0 0
1678 2 0 0 0 0 0 0 0 0
1680 2 0 0 0 0 0 0 0 0
1681 2 0 0 0 0 0 0 0 0
1682 2 0 0 0 0 0 0 0 0
1686 2 0 0 0 0 0 0 0 0
1687 2 0 0 0 0 0 0 0 0
1688 2 0 0 0 0 0 0 0 0
1689 2 0 0 0 0 0 0 0 0
1690 2 0 0 0 0 0 0 0 0
1691 2 0 0 0 0 0 0 0 0
1732 26 3 2 0 0 0 0 0 0
1733 26 0 0 26 3 2 0 0 0
1734 26 0 0 26 1 1 0 0 0
1735 26 0 0 0 0 0 0 0 0
1736 26 0 0 0 0 0 0 0 0
1738 26 0 0 0 0 0 0 0 0
1739 26 0 0 0 0 0 0 0 0
1740 26 0 0 0 0 0 0 0 0
1741 26 0 0 0 0 0 0 0 0
1742 26 0 0 0 0 0 0 0 0
1743 26 0 0 0 0 0 0 0 0
1744 26 0 0 0 0 0 0 0 0
1745 6 4 1 6 0 0 0 0 0
1749 6 0 0 0 0 0 0 0 0
1750 6 0 0 0 0 0 0 0 0
1751 6 0 0 0 0 0 0 0 0
1757 6 0 0 0 0 0 0 0 0
1758 6 0 0 0 0 0 0 0 0
1759 12 0 0 0 0 0 0 0 0
1763 8 0 0 0 0 0 0 0 0
1764 8 0 0 0 0 0 0 0 0
1767 8 0 0 8 0 0 0 0 0
1768 8 2 1 8 2 2 0 0 0
1769 8 0 0 0 0 0 0 0 0
1771 8 0 0 0 0 0 0 0 0
1772 8 0 0 0 0 0 0 0 0
1773 8 0 0 0 0 0 0 0 0
1777 8 0 0 0 0 0 0 0 0
1778 8 0 0 0 0 0 0 0 0
1779 8 0 0 0 0 0 0 0 0
1780 8 0 0 0 0 0 0 0 0
1781 8 0 0 0 0 0 0 0 0
1782 8 0 0 0 0 0 0 0 0
1789 2 0 0 0 0 0 0 0 0
1790 2 0 0 0 0 0 0 0 0
1792 2 0 0 0 0 0 0 0 0
1793 2 0 0 0 0 0 0 0 0
1795 2 1 1 2 1 1 0 0 0
1796 2 0 0 2 0 0 0 0 0
1797 2 0 0 0 0 0 0 0 0
1799 2 0 0 0 0 0 0 0 0
1800 2 0 0 0 0 0 0 0 0
1801 2 0 0 0 0 0 0 0 0
1805 2 0 0 0 0 0 0 0 0
1806 2 0 0 0 0 0 0 0 0
1807 2 0 0 0 0 0 0 0 0
1808 2 0 0 0 0 0 0 0 0
1809 2 0 0 0 0 0 0 0 0
1810 2 0 0 0 0 0 0 0 0
1817 2 0 0 0 0 0 0 0 0
1818 2 0 0 0 0 0 0 0 0
1819 2 1 1 0 0 0 0 0 0
1851 9 2 1 0 0 0 0 0 0
1852 9 0 0 9 1 0 0 0 0
1853 9 0 0 9 4 3 0 0 0
1854 9 0 0 0 0 0 0 0 0
1855 9 0 0 0 0 0 0 0 0
1857 9 0 0 0 0 0 0 0 0
1858 9 0 0 0 0 0 0 0 0
1859 9 0 0 0 0 0 0 0 0
1860 9 0 0 0 0 0 0 0 0
1861 9 0 0 0 0 0 0 0 0
1862 9 0 0 0 0 0 0 0 0
1863 9 0 0 0 0 0 0 0 0
1864 5 2 1 5 0 0 0 0 0
1868 5 0 0 0 0 0 0 0 0
1869 5 0 0 0 0 0 0 0 0
1870 5 0 0 0 0 0 0 0 0
1876 5 0 0 0 0 0 0 0 0
1877 5 0 0 0 0 0 0 0 0
1878 10 0 0 0 0 0 0 0 0
1882 5 0 0 0 0 0 0 0 0
1883 5 0 0 0 0 0 0 0 0
1886 5 0 0 5 1 1 0 0 0
1887 5 2 1 5 2 2 0 0 0
1888 5 0 0 0 0 0 0 0 0
1890 5 0 0 0 0 0 0 0 0
1891 5 0 0 0 0 0 0 0 0
1892 5 0 0 0 0 0 0 0 0
1896 5 0 0 0 0 0 0 0 0
1897 5 0 0 0 0 0 0 0 0
1898 5 0 0 0 0 0 0 0 0
1899 5 0 0 0 0 0 0 0 0
1900 5 0 0 0 0 0 0 0 0
1901 5 0 0 0 0 0 0 0 0
1970 40 1 1 0 0 0 0 0 0
1971 40 0 0 40 2 2 0 0 0
1972 40 0 0 40 4 0 0 0 0
1973 40 0 0 0 0 0 0 0 0
1974 40 0 0 0 0 0 0 0 0
1976 40 0 0 0 0 0 0 0 0
1977 40 0 0 0 0 0 0 0 0
1978 40 0 0 0 0 0 0 0 0
1979 40 0 0 0 0 0 0 0 0
1980 40 0 0 0 0 0 0 0 0
1981 40 0 0 0 0 0 0 0 0
1982 40 0 0 0 0 0 0 0 0
1984 11 1 1 11 0 0 0 0 0
1988 11 0 0 0 0 0 0 0 0
1989 11 0 0 0 0 0 0 0 0
1990 11 0 0 0 0 0 0 0 0
1996 11 0 0 0 0 0 0 0 0
1997 11 0 0 0 0 0 0 0 0
1999 22 0 0 0 0 0 0 0 0
2003 11 0 0 0 0 0 0 0 0
2004 11 0 0 0 0 0 0 0 0
2007 11 0 0 11 1 0 0 0 0
2008 11 1 1 11 3 3 0 0 0
2009 11 0 0 0 0 0 0 0 0
2011 11 0 0 0 0 0 0 0 0
2012 11 0 0 0 0 0 0 0 0
2013 11 0 0 0 0 0 0 0 0
2017 11 0 0 0 0 0 0 0 0
2018 11 0 0 0 0 0 0 0 0
2019 11 0 0 0 0 0 0 0 0
2020 11 0 0 0 0 0 0 0 0
2021 11 0 0 0 0 0 0 0 0
2022 11 0 0 0 0 0 0 0 0
2029 1 0 0 0 0 0 0 0 0
2030 1 0 0 0 0 0 0 0 0
2032 1 0 0 0 0 0 0 0 0
2033 1 0 0 0 0 0 0 0 0
2035 1 1 1 1 0 0 0 0 0
2036 1 0 0 1 0 0 0 0 0
2037 1 0 0 0 0 0 0 0 0
2039 1 0 0 0 0 0 0 0 0
2040 1 0 0 0 0 0 0 0 0
2041 1 0 0 0 0 0 0 0 0
2045 1 0 0 0 0 0 0 0 0
2046 1 0 0 0 0 0 0 0 0
2047 1 0 0 0 0 0 0 0 0
2048 1 0 0 0 0 0 0 0 0
2049 1 0 0 0 0 0 0 0 0
2050 1 0 0 0 0 0 0 0 0
2093 1120 1 1 0 0 0 0 0 0
2095 1253 0 0 0 0 0 0 0 0
2096 1253 0 0 0 0 0 0 0 0
2097 1253 0 0 0 0 0 0 0 0
2098 1253 0 0 0 0 0 0 0 0
2099 284 0 0 0 0 0 0 0 0
2104 2270 1 1 0 0 0 0 0 0
2110 2270 0 0 2270 0 0 0 0 0
2111 2270 0 0 2270 0 0 0 0 0
2119 2270 0 0 0 0 0 0 0 0
2120 2270 0 0 2270 0 0 0 0 0
fn=strncmp
125 1 1 1 0 0 0 0 0 0
126 1 0 0 0 0 0 0 0 0
127 1 0 0 0 0 0 0 0 0
128 1 0 0 0 0 0 0 0 0
129 1 0 0 0 0 0 0 0 0
131 1 0 0 0 0 0 0 0 0
132 1 0 0 0 0 0 0 0 0
134 1 0 0 0 0 0 0 0 0
135 1 0 0 0 0 0 0 0 0
156 1 0 0 0 0 0 0 0 0
157 1 0 0 0 0 0 0 0 0
158 1 0 0 0 0 0 0 0 0
159 1 0 0 0 0 0 0 0 0
160 1 0 0 1 0 0 0 0 0
161 1 0 0 1 1 1 0 0 0
162 1 0 0 1 0 0 0 0 0
163 1 0 0 1 0 0 0 0 0
180 1 1 1 0 0 0 0 0 0
181 1 0 0 0 0 0 0 0 0
182 1 0 0 0 0 0 0 0 0
183 1 0 0 0 0 0 0 0 0
184 1 0 0 0 0 0 0 0 0
185 1 0 0 0 0 0 0 0 0
186 1 0 0 0 0 0 0 0 0
2104 1 1 1 0 0 0 0 0 0
2107 1 0 0 0 0 0 0 0 0
2108 1 0 0 0 0 0 0 0 0
2110 1 0 0 1 0 0 0 0 0
2111 1 0 0 1 0 0 0 0 0
2119 1 0 0 0 0 0 0 0 0
2120 1 0 0 1 0 0 0 0 0
fl=./string/../sysdeps/x86_64/multiarch/../multiarch/strlen-sse2.S
fn=strlen
101 31 1 1 0 0 0 0 0 0
102 31 0 0 0 0 0 0 0 0
103 31 0 0 0 0 0 0 0 0
104 31 0 0 0 0 0 0 0 0
105 31 0 0 0 0 0 0 0 0
106 31 0 0 0 0 0 0 0 0
107 31 0 0 0 0 0 0 0 0
109 31 1 1 0 0 0 0 0 0
111 31 0 0 0 0 0 0 0 0
142 31 0 0 31 3 3 0 0 0
143 31 0 0 0 0 0 0 0 0
144 31 0 0 0 0 0 0 0 0
145 31 0 0 0 0 0 0 0 0
146 31 0 0 0 0 0 0 0 0
147 16 0 0 0 0 0 0 0 0
149 16 0 0 16 0 0 0 0 0
153 15 0 0 0 0 0 0 0 0
154 15 0 0 15 0 0 0 0 0
155 15 0 0 15 0 0 0 0 0
156 15 0 0 15 1 1 0 0 0
157 15 0 0 0 0 0 0 0 0
158 15 0 0 0 0 0 0 0 0
159 15 0 0 0 0 0 0 0 0
160 15 0 0 0 0 0 0 0 0
161 15 1 1 0 0 0 0 0 0
162 15 0 0 0 0 0 0 0 0
163 15 0 0 0 0 0 0 0 0
164 15 0 0 0 0 0 0 0 0
169 120 0 0 15 0 0 0 0 0
fl=./string/../sysdeps/x86_64/multiarch/ifunc-avx2.h
fn=memrchr
38 2 0 0 0 0 0 0 0 0
40 5 2 2 2 0 0 0 0 0
41 2 0 0 1 0 0 0 0 0
42 3 0 0 1 0 0 0 0 0
45 2 0 0 0 0 0 0 0 0
46 2 0 0 0 0 0 0 0 0
49 3 0 0 0 0 0 0 0 0
52 6 1 1 0 0 0 0 0 0
fn=rindex
38 2 0 0 0 0 0 0 0 0
40 5 0 0 2 0 0 0 0 0
41 2 1 1 1 0 0 0 0 0
42 3 0 0 1 0 0 0 0 0
45 2 0 0 0 0 0 0 0 0
46 2 0 0 0 0 0 0 0 0
49 3 0 0 0 0 0 0 0 0
52 6 1 1 0 0 0 0 0 0
fn=strchrnul
38 2 0 0 0 0 0 0 0 0
40 5 1 1 2 0 0 0 0 0
41 2 0 0 1 0 0 0 0 0
42 3 0 0 1 0 0 0 0 0
45 2 0 0 0 0 0 0 0 0
46 2 0 0 0 0 0 0 0 0
49 3 0 0 0 0 0 0 0 0
52 6 1 1 0 0 0 0 0 0
fn=strlen
38 4 0 0 0 0 0 0 0 0
40 10 2 1 4 0 0 0 0 0
41 4 0 0 2 0 0 0 0 0
42 6 2 1 2 0 0 0 0 0
45 4 0 0 0 0 0 0 0 0
46 4 0 0 0 0 0 0 0 0
49 6 0 0 0 0 0 0 0 0
52 12 0 0 0 0 0 0 0 0
fn=strnlen
38 4 0 0 0 0 0 0 0 0
40 10 1 1 4 1 0 0 0 0
41 4 1 1 2 0 0 0 0 0
42 6 0 0 2 0 0 0 0 0
45 4 0 0 0 0 0 0 0 0
46 4 0 0 0 0 0 0 0 0
49 6 0 0 0 0 0 0 0 0
52 12 1 1 0 0 0 0 0 0
fl=./string/../sysdeps/x86_64/multiarch/ifunc-evex.h
fn=memchr
37 4 0 0 0 0 0 0 0 0
38 10 2 2 4 1 1 0 0 0
39 6 0 0 2 0 0 0 0 0
42 4 0 0 0 0 0 0 0 0
43 4 2 2 0 0 0 0 0 0
45 4 0 0 0 0 0 0 0 0
51 6 0 0 0 0 0 0 0 0
54 8 0 0 0 0 0 0 0 0
fn=rawmemchr
37 2 0 0 0 0 0 0 0 0
38 5 1 1 2 0 0 0 0 0
39 3 0 0 1 0 0 0 0 0
42 2 0 0 0 0 0 0 0 0
43 2 1 1 0 0 0 0 0 0
45 2 0 0 0 0 0 0 0 0
51 3 0 0 0 0 0 0 0 0
54 4 0 0 0 0 0 0 0 0
fl=./string/../sysdeps/x86_64/multiarch/ifunc-memcmp.h
fn=bcmp
34 10 2 1 4 0 0 0 0 0
35 4 0 0 2 1 0 0 0 0
36 4 0 0 0 0 0 0 0 0
37 6 0 0 2 0 0 0 0 0
40 4 0 0 0 0 0 0 0 0
41 4 0 0 0 0 0 0 0 0
44 6 0 0 0 0 0 0 0 0
47 8 0 0 0 0 0 0 0 0
fl=./string/../sysdeps/x86_64/multiarch/ifunc-memmove.h
fn=memcpy@@GLIBC_2.14
56 6 0 0 0 0 0 0 0 0
57 9 6 4 6 0 0 0 0 0
60 9 0 0 3 1 0 0 0 0
61 6 3 2 0 0 0 0 0 0
74 6 0 0 0 0 0 0 0 0
77 6 0 0 0 0 0 0 0 0
85 6 0 0 0 0 0 0 0 0
93 6 3 2 0 0 0 0 0 0
96 15 3 2 3 0 0 0 0 0
fn=memmove
56 4 0 0 0 0 0 0 0 0
57 6 2 1 4 0 0 0 0 0
60 6 0 0 2 0 0 0 0 0
61 4 2 1 0 0 0 0 0 0
74 4 0 0 0 0 0 0 0 0
77 4 2 1 0 0 0 0 0 0
85 4 0 0 0 0 0 0 0 0
93 4 0 0 0 0 0 0 0 0
96 10 2 1 2 0 0 0 0 0
fn=mempcpy
56 2 0 0 0 0 0 0 0 0
57 3 0 0 2 0 0 0 0 0
60 3 1 1 1 0 0 0 0 0
61 2 1 1 0 0 0 0 0 0
74 2 0 0 0 0 0 0 0 0
77 2 0 0 0 0 0 0 0 0
85 2 0 0 0 0 0 0 0 0
93 2 0 0 0 0 0 0 0 0
96 5 0 0 1 0 0 0 0 0
fl=./string/../sysdeps/x86_64/multiarch/ifunc-memset.h
fn=memset
54 10 2 1 4 0 0 0 0 0
57 6 0 0 2 0 0 0 0 0
58 4 2 1 0 0 0 0 0 0
64 4 0 0 0 0 0 0 0 0
73 4 0 0 0 0 0 0 0 0
75 4 0 0 0 0 0 0 0 0
85 4 0 0 0 0 0 0 0 0
93 4 0 0 0 0 0 0 0 0
96 10 0 0 2 0 0 0 0 0
fl=./string/../sysdeps/x86_64/multiarch/ifunc-sse4_2.h
fn=strcspn
36 5 1 1 2 0 0 0 0 0
fn=strpbrk
36 5 0 0 2 1 0 0 0 0
fn=strspn
36 5 1 1 2 0 0 0 0 0
fl=./string/../sysdeps/x86_64/multiarch/ifunc-strcasecmp.h
fn=strcasecmp
36 2 0 0 0 0 0 0 0 0
37 4 1 1 2 0 0 0 0 0
38 3 1 1 1 0 0 0 0 0
41 2 0 0 0 0 0 0 0 0
42 2 0 0 0 0 0 0 0 0
45 3 0 0 0 0 0 0 0 0
48 5 0 0 0 0 0 0 0 0
fn=strcasecmp_l
36 2 0 0 0 0 0 0 0 0
37 4 1 1 2 0 0 0 0 0
38 3 1 1 1 0 0 0 0 0
41 2 0 0 0 0 0 0 0 0
42 2 0 0 0 0 0 0 0 0
45 3 0 0 0 0 0 0 0 0
48 5 1 1 0 0 0 0 0 0
fn=strncasecmp
36 2 0 0 0 0 0 0 0 0
37 4 1 1 2 0 0 0 0 0
38 3 1 1 1 0 0 0 0 0
41 2 0 0 0 0 0 0 0 0
42 2 0 0 0 0 0 0 0 0
45 3 0 0 0 0 0 0 0 0
48 5 0 0 0 0 0 0 0 0
fn=strncasecmp_l
36 2 0 0 0 0 0 0 0 0
37 4 2 2 2 0 0 0 0 0
38 3 1 1 1 0 0 0 0 0
41 2 0 0 0 0 0 0 0 0
42 2 0 0 0 0 0 0 0 0
45 3 0 0 0 0 0 0 0 0
48 5 0 0 0 0 0 0 0 0
fl=./string/../sysdeps/x86_64/multiarch/ifunc-strcpy.h
fn=stpcpy
38 4 1 1 2 0 0 0 0 0
39 3 0 0 1 0 0 0 0 0
42 2 0 0 0 0 0 0 0 0
43 2 0 0 0 0 0 0 0 0
46 3 0 0 0 0 0 0 0 0
49 3 0 0 0 0 0 0 0 0
fn=strcat
38 4 1 1 2 0 0 0 0 0
39 3 1 1 1 0 0 0 0 0
42 2 0 0 0 0 0 0 0 0
43 2 0 0 0 0 0 0 0 0
46 3 0 0 0 0 0 0 0 0
49 3 0 0 0 0 0 0 0 0
fn=strcpy
38 4 1 1 2 0 0 0 0 0
39 3 0 0 1 0 0 0 0 0
42 2 1 1 0 0 0 0 0 0
43 2 0 0 0 0 0 0 0 0
46 3 0 0 0 0 0 0 0 0
49 3 0 0 0 0 0 0 0 0
fl=./string/../sysdeps/x86_64/multiarch/ifunc-strncpy.h
fn=stpncpy
35 5 1 1 2 0 0 0 0 0
36 3 0 0 1 0 0 0 0 0
39 2 0 0 0 0 0 0 0 0
40 2 0 0 0 0 0 0 0 0
43 3 0 0 0 0 0 0 0 0
46 4 0 0 0 0 0 0 0 0
fn=strncpy
35 5 0 0 2 0 0 0 0 0
36 3 1 1 1 0 0 0 0 0
39 2 0 0 0 0 0 0 0 0
40 2 0 0 0 0 0 0 0 0
43 3 0 0 0 0 0 0 0 0
46 4 0 0 0 0 0 0 0 0
fl=./string/../sysdeps/x86_64/multiarch/memchr-avx2.S
fn=__memchr_avx2
68 26 2 1 0 0 0 0 0 0
70 26 0 0 0 0 0 0 0 0
73 26 0 0 0 0 0 0 0 0
74 26 0 0 0 0 0 0 0 0
76 26 0 0 0 0 0 0 0 0
77 26 0 0 0 0 0 0 0 0
78 26 0 0 0 0 0 0 0 0
79 26 0 0 0 0 0 0 0 0
82 26 0 0 26 0 0 0 0 0
83 26 0 0 0 0 0 0 0 0
86 26 0 0 0 0 0 0 0 0
87 26 0 0 0 0 0 0 0 0
101 26 2 1 0 0 0 0 0 0
106 26 0 0 0 0 0 0 0 0
113 26 0 0 0 0 0 0 0 0
114 26 0 0 0 0 0 0 0 0
115 26 0 0 0 0 0 0 0 0
116 26 0 0 26 0 0 0 0 0
fl=./string/../sysdeps/x86_64/multiarch/memchr.c
fn=memchr
29 2 0 0 2 0 0 0 0 0
fl=./string/../sysdeps/x86_64/multiarch/memcmp-avx2-movbe.S
fn=__memcmp_avx2_movbe
80 58 4 2 0 0 0 0 0 0
81 58 0 0 0 0 0 0 0 0
84 1 0 0 1 0 0 0 0 0
85 1 0 0 1 0 0 0 0 0
86 1 0 0 0 0 0 0 0 0
90 1 0 0 0 0 0 0 0 0
91 1 0 0 0 0 0 0 0 0
93 1 1 1 0 0 0 0 0 0
94 1 0 0 0 0 0 0 0 0
97 1 0 0 1 0 0 0 0 0
98 1 0 0 1 0 0 0 0 0
99 1 0 0 0 0 0 0 0 0
102 1 0 0 0 0 0 0 0 0
103 1 0 0 0 0 0 0 0 0
106 1 0 0 0 0 0 0 0 0
107 1 0 0 0 0 0 0 0 0
110 1 0 0 1 0 0 0 0 0
111 1 0 0 1 0 0 0 0 0
112 1 0 0 0 0 0 0 0 0
113 1 0 0 0 0 0 0 0 0
114 1 1 1 0 0 0 0 0 0
115 1 0 0 1 0 0 0 0 0
116 1 0 0 1 0 0 0 0 0
117 1 0 0 0 0 0 0 0 0
118 1 0 0 0 0 0 0 0 0
119 1 0 0 0 0 0 0 0 0
122 1 0 0 0 0 0 0 0 0
123 1 0 0 0 0 0 0 0 0
129 1 0 0 1 0 0 0 0 0
130 1 0 0 1 0 0 0 0 0
131 1 0 0 0 0 0 0 0 0
132 1 0 0 0 0 0 0 0 0
136 1 0 0 1 0 0 0 0 0
137 1 0 0 1 0 0 0 0 0
139 1 0 0 1 0 0 0 0 0
140 1 0 0 1 0 0 0 0 0
141 1 0 0 1 0 0 0 0 0
142 1 0 0 1 0 0 0 0 0
145 1 0 0 0 0 0 0 0 0
146 1 0 0 0 0 0 0 0 0
147 1 0 0 0 0 0 0 0 0
148 1 0 0 0 0 0 0 0 0
149 1 0 0 0 0 0 0 0 0
150 1 0 0 0 0 0 0 0 0
152 2 0 0 1 0 0 0 0 0
156 47 3 2 0 0 0 0 0 0
166 47 0 0 47 0 0 0 0 0
167 47 0 0 47 0 0 0 0 0
168 47 0 0 0 0 0 0 0 0
171 94 3 2 47 0 0 0 0 0
401 57 3 2 0 0 0 0 0 0
402 57 0 0 0 0 0 0 0 0
407 57 0 0 0 0 0 0 0 0
408 57 0 0 0 0 0 0 0 0
409 57 0 0 0 0 0 0 0 0
410 57 0 0 0 0 0 0 0 0
411 57 0 0 0 0 0 0 0 0
414 57 0 0 57 0 0 0 0 0
415 57 0 0 57 0 0 0 0 0
416 57 0 0 0 0 0 0 0 0
417 57 0 0 0 0 0 0 0 0
420 57 0 0 0 0 0 0 0 0
421 57 0 0 0 0 0 0 0 0
422 10 0 0 0 0 0 0 0 0
423 20 0 0 10 0 0 0 0 0
fl=./string/../sysdeps/x86_64/multiarch/memcmp.c
fn=bcmp
29 6 2 1 2 0 0 0 0 0
fl=./string/../sysdeps/x86_64/multiarch/memmove-vec-unaligned-erms.S
fn=__memcpy_avx_unaligned_erms
264 44 1 1 0 0 0 0 0 0
270 71 2 1 0 0 0 0 0 0
271 71 0 0 0 0 0 0 0 0
313 71 0 0 0 0 0 0 0 0
314 71 0 0 0 0 0 0 0 0
316 63 0 0 0 0 0 0 0 0
317 63 0 0 0 0 0 0 0 0
319 35 0 0 0 0 0 0 0 0
323 35 0 0 0 0 0 0 0 0
324 28 2 1 0 0 0 0 0 0
325 28 0 0 0 0 0 0 0 0
326 28 0 0 28 0 0 0 0 0
327 28 0 0 0 0 0 0 0 0
328 2 0 0 2 0 0 0 0 0
329 2 0 0 0 0 0 2 0 0
331 28 0 0 0 0 0 28 0 0
333 28 0 0 28 0 0 0 0 0
339 7 0 0 7 0 0 0 0 0
340 7 0 0 7 0 0 0 0 0
341 7 0 0 0 0 0 7 1 0
342 7 0 0 0 0 0 7 0 0
343 7 0 0 7 0 0 0 0 0
350 8 1 1 8 0 0 0 0 0
351 8 0 0 8 0 0 0 0 0
352 8 0 0 0 0 0 8 0 0
353 8 0 0 0 0 0 8 0 0
355 8 0 0 8 0 0 0 0 0
372 28 3 2 28 0 0 0 0 0
373 28 0 0 28 0 0 0 0 0
374 28 0 0 0 0 0 28 0 0
375 28 0 0 0 0 0 28 0 0
376 28 0 0 28 0 0 0 0 0
fn=__mempcpy_avx_unaligned_erms
251 27 2 1 0 0 0 0 0 0
252 27 0 0 0 0 0 0 0 0
253 27 0 0 0 0 0 0 0 0
fn=memcpy
219 34 2 2 0 0 0 0 0 0
225 79 0 0 0 0 0 0 0 0
226 79 0 0 0 0 0 0 0 0
228 34 0 0 34 3 2 0 0 0
229 34 0 0 0 0 0 0 0 0
230 34 0 0 0 0 0 0 0 0
232 16 0 0 16 0 0 0 0 0
233 16 0 0 0 0 0 16 7 7
234 16 0 0 0 0 0 16 0 0
236 16 0 0 16 0 0 0 0 0
316 45 1 1 0 0 0 0 0 0
317 45 0 0 0 0 0 0 0 0
319 13 0 0 0 0 0 0 0 0
323 13 0 0 0 0 0 0 0 0
324 8 0 0 0 0 0 0 0 0
325 8 0 0 0 0 0 0 0 0
326 3 0 0 3 2 2 0 0 0
327 3 0 0 0 0 0 0 0 0
328 2 0 0 2 0 0 0 0 0
329 2 0 0 0 0 0 2 0 0
331 3 0 0 0 0 0 3 1 1
333 8 0 0 8 0 0 0 0 0
339 5 0 0 5 0 0 0 0 0
340 5 0 0 5 0 0 0 0 0
341 5 0 0 0 0 0 5 0 0
342 5 0 0 0 0 0 5 0 0
343 5 0 0 5 0 0 0 0 0
372 32 0 0 32 0 0 0 0 0
373 32 0 0 32 0 0 0 0 0
374 32 0 0 0 0 0 32 7 7
375 32 0 0 0 0 0 32 2 2
376 32 1 1 32 0 0 0 0 0
383 15 0 0 15 0 0 0 0 0
384 15 0 0 15 0 0 0 0 0
385 15 0 0 0 0 0 15 4 4
386 15 0 0 0 0 0 15 2 2
387 15 0 0 0 0 0 15 1 1
388 15 0 0 0 0 0 15 0 0
389 15 0 0 15 0 0 0 0 0
400 18 1 1 0 0 0 0 0 0
401 18 0 0 0 0 0 0 0 0
403 15 0 0 15 0 0 0 0 0
404 15 0 0 0 0 0 0 0 0
405 15 0 0 0 0 0 0 0 0
425 3 1 1 0 0 0 0 0 0
426 3 0 0 0 0 0 0 0 0
430 3 0 0 0 0 0 0 0 0
432 3 1 1 0 0 0 0 0 0
448 3 0 0 0 0 0 0 0 0
451 3 0 0 0 0 0 0 0 0
453 3 0 0 0 0 0 0 0 0
455 3 0 0 0 0 0 0 0 0
459 3 0 0 0 0 0 0 0 0
460 3 0 0 0 0 0 0 0 0
469 3 0 0 3 3 3 0 0 0
470 3 0 0 3 1 1 0 0 0
472 3 0 0 0 0 0 0 0 0
474 3 0 0 0 0 0 0 0 0
475 3 0 0 3 0 0 0 0 0
476 3 0 0 3 2 2 0 0 0
479 3 0 0 0 0 0 0 0 0
481 3 0 0 0 0 0 0 0 0
483 3 0 0 0 0 0 0 0 0
485 3 1 1 0 0 0 0 0 0
491 10 0 0 10 0 0 0 0 0
492 10 0 0 10 4 4 0 0 0
493 10 0 0 10 0 0 0 0 0
494 10 0 0 10 2 2 0 0 0
495 10 0 0 0 0 0 0 0 0
496 10 0 0 0 0 0 10 2 2
497 10 0 0 0 0 0 10 4 4
498 10 0 0 0 0 0 10 0 0
499 10 0 0 0 0 0 10 6 6
500 10 0 0 0 0 0 0 0 0
501 10 0 0 0 0 0 0 0 0
502 10 0 0 0 0 0 0 0 0
504 3 0 0 0 0 0 3 2 2
505 3 0 0 0 0 0 3 0 0
506 3 0 0 0 0 0 3 0 0
507 3 0 0 0 0 0 3 0 0
509 3 0 0 0 0 0 3 0 0
513 3 1 1 3 0 0 0 0 0
fn=mempcpy
206 45 0 0 0 0 0 0 0 0
207 45 0 0 0 0 0 0 0 0
208 45 0 0 0 0 0 0 0 0
fl=./string/../sysdeps/x86_64/multiarch/memrchr.c
fn=memrchr
29 2 0 0 1 0 0 0 0 0
fl=./string/../sysdeps/x86_64/multiarch/memset-vec-unaligned-erms.S
fn=__memset_avx2_unaligned_erms
167 16 2 2 0 0 0 0 0 0
172 8 0 0 0 0 0 0 0 0
173 8 0 0 0 0 0 0 0 0
345 8 2 2 0 0 0 0 0 0
354 8 0 0 0 0 0 0 0 0
355 8 0 0 0 0 0 0 0 0
386 8 2 2 0 0 0 8 0 0
387 8 0 0 0 0 0 8 0 0
388 8 0 0 8 0 0 0 0 0
fl=./string/../sysdeps/x86_64/multiarch/rawmemchr.c
fn=rawmemchr
31 1 0 0 1 0 0 0 0 0
fl=./string/../sysdeps/x86_64/multiarch/stpcpy.c
fn=stpcpy
33 2 1 1 1 0 0 0 0 0
fl=./string/../sysdeps/x86_64/multiarch/stpncpy.c
fn=stpncpy
31 2 1 1 1 0 0 0 0 0
fl=./string/../sysdeps/x86_64/multiarch/strcasecmp.c
fn=strcasecmp
31 2 0 0 1 0 0 0 0 0
fl=./string/../sysdeps/x86_64/multiarch/strcasecmp_l.c
fn=strcasecmp_l
31 2 0 0 1 0 0 0 0 0
fl=./string/../sysdeps/x86_64/multiarch/strcat.c
fn=strcat
29 2 0 0 1 0 0 0 0 0
fl=./string/../sysdeps/x86_64/multiarch/strchr-avx2.S
fn=__strchrnul_avx2
55 52 1 1 0 0 0 0 0 0
56 52 0 0 0 0 0 0 0 0
57 52 0 0 0 0 0 0 0 0
58 52 0 0 0 0 0 0 0 0
59 52 0 0 0 0 0 0 0 0
62 52 0 0 0 0 0 0 0 0
63 52 0 0 0 0 0 0 0 0
67 52 2 1 52 0 0 0 0 0
68 52 0 0 0 0 0 0 0 0
69 52 0 0 0 0 0 0 0 0
70 52 0 0 0 0 0 0 0 0
71 52 0 0 0 0 0 0 0 0
72 52 0 0 0 0 0 0 0 0
73 52 0 0 0 0 0 0 0 0
74 52 0 0 0 0 0 0 0 0
87 52 0 0 0 0 0 0 0 0
89 104 0 0 52 0 0 0 0 0
fl=./string/../sysdeps/x86_64/multiarch/strchr.c
fn=index
42 2 0 0 0 0 0 0 0 0
43 4 1 1 2 0 0 0 0 0
44 3 1 1 1 0 0 0 0 0
47 2 0 0 0 0 0 0 0 0
48 2 0 0 0 0 0 0 0 0
51 3 0 0 0 0 0 0 0 0
54 3 0 0 0 0 0 0 0 0
65 2 1 1 1 0 0 0 0 0
fl=./string/../sysdeps/x86_64/multiarch/strchrnul.c
fn=strchrnul
31 2 0 0 1 0 0 0 0 0
fl=./string/../sysdeps/x86_64/multiarch/strcmp-avx2.S
fn=__strcmp_avx2
249 42 3 2 0 0 0 0 0 0
274 42 0 0 0 0 0 0 0 0
275 42 0 0 0 0 0 0 0 0
276 42 0 0 0 0 0 0 0 0
278 42 0 0 0 0 0 0 0 0
279 42 0 0 0 0 0 0 0 0
283 42 0 0 42 0 0 0 0 0
287 42 0 0 42 2 1 0 0 0
289 42 0 0 0 0 0 0 0 0
291 42 0 0 0 0 0 0 0 0
294 42 0 0 0 0 0 0 0 0
303 42 0 0 0 0 0 0 0 0
304 84 0 0 0 0 0 0 0 0
308 42 4 2 0 0 0 0 0 0
318 42 0 0 42 0 0 0 0 0
319 42 0 0 42 0 0 0 0 0
322 42 0 0 0 0 0 0 0 0
326 84 0 0 42 0 0 0 0 0
953 42 3 2 0 0 0 0 0 0
954 42 0 0 0 0 0 0 0 0
fl=./string/../sysdeps/x86_64/multiarch/strcmp.c
fn=strcmp
47 4 0 0 0 0 0 0 0 0
48 8 2 1 4 2 0 0 0 0
49 6 2 1 2 0 0 0 0 0
52 4 0 0 0 0 0 0 0 0
53 4 2 1 0 0 0 0 0 0
56 6 0 0 0 0 0 0 0 0
59 6 0 0 0 0 0 0 0 0
79 4 0 0 2 0 0 0 0 0
fl=./string/../sysdeps/x86_64/multiarch/strcpy.c
fn=strcpy
29 2 0 0 1 0 0 0 0 0
fl=./string/../sysdeps/x86_64/multiarch/strcspn.c
fn=strcspn
29 1 1 1 1 0 0 0 0 0
fl=./string/../sysdeps/x86_64/multiarch/strlen-avx2.S
fn=__strlen_avx2
65 102 2 1 0 0 0 0 0 0
66 102 0 0 0 0 0 0 0 0
67 102 0 0 0 0 0 0 0 0
70 102 0 0 0 0 0 0 0 0
72 102 0 0 0 0 0 0 0 0
73 102 0 0 0 0 0 0 0 0
76 102 0 0 102 8 7 0 0 0
77 102 0 0 0 0 0 0 0 0
85 102 0 0 0 0 0 0 0 0
86 102 0 0 0 0 0 0 0 0
87 102 0 0 0 0 0 0 0 0
92 204 0 0 102 0 0 0 0 0
fl=./string/../sysdeps/x86_64/multiarch/strlen.c
fn=strlen
29 4 0 0 2 0 0 0 0 0
fl=./string/../sysdeps/x86_64/multiarch/strncase.c
fn=strncasecmp
31 2 0 0 1 0 0 0 0 0
fl=./string/../sysdeps/x86_64/multiarch/strncase_l.c
fn=strncasecmp_l
31 2 0 0 1 0 0 0 0 0
fl=./string/../sysdeps/x86_64/multiarch/strncmp.c
fn=strncmp
43 2 0 0 0 0 0 0 0 0
44 4 1 1 2 0 0 0 0 0
45 3 1 1 1 0 0 0 0 0
48 2 0 0 0 0 0 0 0 0
49 2 0 0 0 0 0 0 0 0
52 3 0 0 0 0 0 0 0 0
55 5 1 1 0 0 0 0 0 0
67 2 0 0 1 0 0 0 0 0
fl=./string/../sysdeps/x86_64/multiarch/strncpy.c
fn=strncpy
29 2 0 0 1 0 0 0 0 0
fl=./string/../sysdeps/x86_64/multiarch/strnlen.c
fn=strnlen
31 4 0 0 2 0 0 0 0 0
fl=./string/../sysdeps/x86_64/multiarch/strpbrk.c
fn=strpbrk
29 1 1 1 1 0 0 0 0 0
fl=./string/../sysdeps/x86_64/multiarch/strrchr-avx2.S
fn=__strrchr_avx2
54 1 1 1 0 0 0 0 0 0
55 1 0 0 0 0 0 0 0 0
57 1 0 0 0 0 0 0 0 0
58 1 0 0 0 0 0 0 0 0
62 1 0 0 0 0 0 0 0 0
63 1 0 0 0 0 0 0 0 0
64 1 0 0 0 0 0 0 0 0
67 1 0 0 1 1 0 0 0 0
69 1 0 0 0 0 0 0 0 0
70 1 0 0 0 0 0 0 0 0
71 1 0 0 0 0 0 0 0 0
72 1 1 1 0 0 0 0 0 0
75 1 0 0 0 0 0 0 0 0
76 1 0 0 0 0 0 0 0 0
78 1 0 0 0 0 0 0 0 0
79 1 0 0 0 0 0 0 0 0
80 1 0 0 0 0 0 0 0 0
81 1 0 0 0 0 0 0 0 0
82 1 0 0 0 0 0 0 0 0
91 2 0 0 1 0 0 0 0 0
fl=./string/../sysdeps/x86_64/multiarch/strrchr.c
fn=rindex
28 2 0 0 1 0 0 0 0 0
fl=./string/../sysdeps/x86_64/multiarch/strspn.c
fn=strspn
29 1 0 0 1 0 0 0 0 0
fl=./string/./string/strdup.c
fn=strdup
40 24 1 1 0 0 0 12 0 0
41 12 0 0 0 0 0 6 0 0
44 12 0 0 0 0 0 0 0 0
47 24 0 0 0 0 0 0 0 0
48 18 0 0 12 0 0 0 0 0
fl=./time/../sysdeps/unix/sysv/linux/clock_gettime.c
fn=clock_gettime@@GLIBC_2.17
38 40134 4 2 40134 1 0 0 0 0
40 40134 0 0 0 0 0 0 0 0
44 20067 0 0 0 0 0 0 0 0
68 40134 3 2 0 0 0 0 0 0
69 40134 0 0 0 0 0 0 0 0
86 20067 0 0 20067 0 0 0 0 0
fl=./wcsmbs/../sysdeps/x86_64/multiarch/ifunc-avx2.h
fn=wcschr
38 4 0 0 0 0 0 0 0 0
40 10 1 1 4 0 0 0 0 0
41 4 1 1 2 0 0 0 0 0
42 6 0 0 2 0 0 0 0 0
45 4 0 0 0 0 0 0 0 0
46 4 0 0 0 0 0 0 0 0
49 6 0 0 0 0 0 0 0 0
52 12 1 1 0 0 0 0 0 0
fn=wcscmp
38 2 1 1 0 0 0 0 0 0
40 5 0 0 2 0 0 0 0 0
41 2 0 0 1 0 0 0 0 0
42 3 0 0 1 0 0 0 0 0
45 2 0 0 0 0 0 0 0 0
46 2 0 0 0 0 0 0 0 0
49 3 0 0 0 0 0 0 0 0
52 6 1 1 0 0 0 0 0 0
fl=./wcsmbs/../sysdeps/x86_64/multiarch/ifunc-evex.h
fn=wmemchr
37 4 0 0 0 0 0 0 0 0
38 10 2 2 4 0 0 0 0 0
39 6 0 0 2 0 0 0 0 0
42 4 0 0 0 0 0 0 0 0
43 4 1 1 0 0 0 0 0 0
45 4 0 0 0 0 0 0 0 0
51 6 0 0 0 0 0 0 0 0
54 8 0 0 0 0 0 0 0 0
fl=./wcsmbs/../sysdeps/x86_64/multiarch/ifunc-memcmp.h
fn=wmemcmp
34 5 1 1 2 0 0 0 0 0
35 2 0 0 1 0 0 0 0 0
36 2 0 0 0 0 0 0 0 0
37 3 0 0 1 0 0 0 0 0
40 2 0 0 0 0 0 0 0 0
41 2 0 0 0 0 0 0 0 0
44 3 0 0 0 0 0 0 0 0
47 4 0 0 0 0 0 0 0 0
fl=./wcsmbs/../sysdeps/x86_64/multiarch/ifunc-wcslen.h
fn=wcslen
40 2 0 0 0 0 0 0 0 0
41 4 1 1 2 0 0 0 0 0
42 3 1 1 1 0 0 0 0 0
45 2 0 0 0 0 0 0 0 0
46 2 0 0 0 0 0 0 0 0
49 3 0 0 0 0 0 0 0 0
52 3 0 0 0 0 0 0 0 0
fn=wcsnlen
40 2 0 0 0 0 0 0 0 0
41 4 1 1 2 0 0 0 0 0
42 3 1 1 1 0 0 0 0 0
45 2 0 0 0 0 0 0 0 0
46 2 0 0 0 0 0 0 0 0
49 3 0 0 0 0 0 0 0 0
52 3 0 0 0 0 0 0 0 0
fl=./wcsmbs/../sysdeps/x86_64/multiarch/ifunc-wmemset.h
fn=wmemset
36 10 1 1 4 0 0 0 0 0
37 6 0 0 2 0 0 0 0 0
fl=./wcsmbs/../sysdeps/x86_64/multiarch/wcschr.c
fn=wcschr
31 4 0 0 2 0 0 0 0 0
fl=./wcsmbs/../sysdeps/x86_64/multiarch/wcscmp.c
fn=wcscmp
30 2 0 0 1 0 0 0 0 0
fl=./wcsmbs/../sysdeps/x86_64/multiarch/wcscpy.c
fn=wcscpy
38 5 1 1 2 0 0 0 0 0
44 1 0 0 1 0 0 0 0 0
fl=./wcsmbs/../sysdeps/x86_64/multiarch/wcslen.c
fn=wcslen
29 2 1 1 1 0 0 0 0 0
fl=./wcsmbs/../sysdeps/x86_64/multiarch/wcsnlen.c
fn=wcsnlen
30 2 1 1 1 0 0 0 0 0
fl=./wcsmbs/../sysdeps/x86_64/multiarch/wmemchr.c
fn=wmemchr
31 2 0 0 2 0 0 0 0 0
fl=./wcsmbs/../sysdeps/x86_64/multiarch/wmemcmp.c
fn=wmemcmp
29 3 1 1 1 0 0 0 0 0
fl=./wcsmbs/../sysdeps/x86_64/multiarch/wmemset.c
fn=wmemset
31 2 1 1 2 0 0 0 0 0
fl=./wcsmbs/./wcsmbs/btowc.c
fn=btowc
32 1792 1 1 256 0 0 1024 0 0
37 1792 1 1 0 0 0 0 0 0
42 512 0 0 0 0 0 0 0 0
46 384 1 1 384 1 0 0 0 0
47 256 0 0 256 1 0 0 0 0
49 256 0 0 128 1 0 0 0 0
54 512 1 1 128 0 0 0 0 0
57 1152 0 0 384 0 0 128 0 0
98 1536 0 0 1152 0 0 0 0 0
fl=./wcsmbs/./wcsmbs/wctob.c
fn=wctob
30 896 2 2 128 0 0 512 0 0
39 384 0 0 0 0 0 0 0 0
44 256 0 0 0 0 0 0 0 0
45 128 0 0 0 0 0 0 0 0
81 1024 0 0 768 0 0 0 0 0
fl=./wcsmbs/./wcsmbsload.h
fn=btowc
69 128 0 0 128 1 0 0 0 0
70 384 0 0 128 1 0 0 0 0
fl=./wctype/./wctype/wctype_l.c
fn=wctype_l
26 90 1 1 0 0 0 60 0 0
29 20 0 0 0 0 0 10 0 0
32 20 0 0 20 1 0 0 0 0
33 68 0 0 0 0 0 0 0 0
35 174 1 1 0 0 0 58 0 0
37 410 0 0 0 0 0 49 0 0
40 48 0 0 0 0 0 0 0 0
41 96 0 0 48 0 0 0 0 0
45 10 0 0 10 1 0 0 0 0
46 10 0 0 10 2 0 0 0 0
47 80 1 1 70 0 0 0 0 0
fl=/home/olaf/codingame/main.cpp
fn=_GLOBAL__sub_I_timer
115 7 1 1 2 0 0 2 0 0
fn=__static_initialization_and_destruction_0(int, int)
115 12 0 0 4 1 0 3 0 0
fn=main
22 12 1 1 1 0 0 8 0 0
24 2 0 0 0 0 0 1 0 0
26 3 0 0 0 0 0 1 0 0
27 2 0 0 0 0 0 1 0 0
28 3 1 1 0 0 0 1 0 0
29 2 0 0 0 0 0 1 0 0
35 4 1 1 1 0 0 2 0 0
38 26 0 0 8 0 0 0 0 0
40 18 2 2 6 0 0 6 0 0
44 72 2 2 18 0 0 18 0 0
46 24 0 0 12 0 0 6 0 0
50 54 2 2 0 0 0 18 0 0
52 24 0 0 12 0 0 6 2 1
56 54 0 0 0 0 0 18 0 0
58 24 2 2 12 0 0 6 0 0
62 54 0 0 0 0 0 18 0 0
64 24 2 2 12 0 0 6 0 0
68 6 0 0 2 0 0 0 0 0
73 2 0 0 2 0 0 0 0 0
74 4 0 0 2 0 0 0 0 0
76 58 4 4 10 0 0 0 0 0
77 16 2 2 0 0 0 8 0 0
80 168 0 0 0 0 0 0 0 0
81 112 0 0 0 0 0 56 0 0
83 16 0 0 0 0 0 8 0 0
94 10 2 2 2 0 0 2 0 0
99 6 0 0 4 2 2 0 0 0
100 10 0 0 2 0 0 4 0 0
106 34 0 0 8 0 0 0 0 0
110 4 0 0 2 0 0 0 0 0
113 3 0 0 1 0 0 1 0 0
115 15 2 2 8 2 2 0 0 0
fl=/home/olaf/codingame/mcts.hpp
fn=main
27 20063 0 0 0 0 0 20063 12747 3159
28 20065 2 2 0 0 0 20063 610 51
32 100313 0 0 0 0 0 40126 11164 11149
33 80252 0 0 0 0 0 40126 892 891
39 47520 4 4 8640 0 0 4320 0 0
40 829440 0 0 0 0 0 0 0 0
41 285120 0 0 0 0 0 280800 276479 276238
50 44 8 4 14 0 0 0 0 0
52 26 2 1 2 0 0 0 0 0
62 323613 0 0 0 0 0 0 0 0
63 3825657 8 8 1275219 7879 147 0 0 0
68 2 2 2 2 0 0 0 0 0
71 1537868 2 2 424811 0 0 0 0 0
72 241281 0 0 0 0 0 0 0 0
73 3339171 4 4 1214244 0 0 0 0 0
75 2708069 4 4 303561 0 0 0 0 0
85 416160 2 1 0 0 0 0 0 0
86 416160 0 0 0 0 0 0 0 0
89 889704 2 2 222426 0 0 0 0 0
91 333639 0 0 111213 23741 943 0 0 0
100 556065 0 0 0 0 0 0 0 0
101 111213 0 0 0 0 0 0 0 0
103 778491 2 2 111213 0 0 0 0 0
104 111213 0 0 111213 0 0 0 0 0
105 222426 0 0 0 0 0 111213 0 0
106 333639 2 2 0 0 0 111213 0 0
108 333639 0 0 111213 0 0 0 0 0
109 111213 0 0 111213 0 0 0 0 0
110 222426 0 0 0 0 0 111213 0 0
111 333639 0 0 0 0 0 111213 0 0
113 444852 0 0 111213 0 0 0 0 0
114 111213 0 0 111213 0 0 0 0 0
115 222426 0 0 0 0 0 111213 0 0
116 444852 0 0 0 0 0 111213 0 0
118 111213 0 0 111213 0 0 0 0 0
123 32 0 0 0 0 0 0 0 0
124 30 2 1 0 0 0 12 0 0
125 84 0 0 0 0 0 0 0 0
141 60189 0 0 0 0 0 20063 0 0
144 983087 8 8 401260 2 1 541701 1 1
151 20063 0 0 0 0 0 20063 0 0
155 393828 2 2 131276 0 0 0 0 0
158 478080 0 0 0 0 0 0 0 0
159 1673280 0 0 0 0 0 239040 0 0
160 478080 0 0 20063 0 0 218977 0 0
162 501575 4 4 180567 0 0 100315 0 0
164 20063 0 0 0 0 0 0 0 0
167 222426 0 0 111213 820 13 0 0 0
173 444852 0 0 0 0 0 0 0 0
174 889704 2 2 222426 11313 174 111213 0 0
176 333639 0 0 222426 0 0 111213 23 2
179 525102 2 2 40124 0 0 0 0 0
182 433944 0 0 393822 0 0 0 0 0
189 2 0 0 0 0 0 2 1 1
192 4 0 0 0 0 0 4 0 0
207 1344221 15 15 642016 0 0 662079 1 0
209 160500 0 0 100313 0 0 0 0 0
fl=/home/olaf/codingame/minigames/../random.hpp
fn=main
13 839154 3 3 411270 0 0 0 0 0
14 2156388 1 1 0 0 0 0 0 0
15 2156388 2 2 0 0 0 0 0 0
16 2156388 0 0 0 0 0 0 0 0
fl=/home/olaf/codingame/minigames/../utils.hpp
fn=main
8 148 0 0 0 0 0 0 0 0
9 52 2 2 0 0 0 0 0 0
11 82 0 0 0 0 0 0 0 0
12 14 1 1 0 0 0 0 0 0
14 50 1 1 0 0 0 0 0 0
15 20 0 0 0 0 0 0 0 0
17 14 1 1 0 0 0 0 0 0
18 4 0 0 0 0 0 0 0 0
24 1254374 4 4 40130 0 0 0 0 0
25 607122 0 0 0 0 0 0 0 0
fl=/home/olaf/codingame/minigames/archery.hpp
fn=State::get_stats(float&, float&, float&)
31 561764 4 4 120378 0 0 0 0 0
35 137215 5 5 0 0 0 0 0 0
39 52983 0 0 0 0 0 0 0 0
fn=main
49 700506 2 2 350253 0 0 0 0 0
56 351969 0 0 240756 0 0 0 0 0
59 4333608 6 6 1926048 1 1 0 0 0
63 4333608 2 2 0 0 0 0 0 0
65 2648316 4 4 722268 0 0 240756 0 0
69 4333608 6 6 0 0 0 0 0 0
72 722268 0 0 129543 0 0 0 0 0
73 40126 0 0 0 0 0 20063 0 0
76 441386 2 2 0 0 0 220693 0 0
fl=/home/olaf/codingame/minigames/diving.hpp
fn=State::get_stats(float&, float&, float&)
30 227827 5 5 60189 0 0 0 0 0
34 69997 1 1 0 0 0 0 0 0
fn=main
44 700506 0 0 350253 0 0 0 0 0
49 3281091 0 0 894843 0 0 0 0 0
50 606412 5 5 606412 0 0 0 0 0
51 489689 1 1 303206 0 0 0 0 0
54 591637 4 4 0 0 0 591637 0 0
58 894843 0 0 298281 0 0 0 0 0
59 40126 0 0 0 0 0 20063 0 0
62 278218 0 0 278218 0 0 0 0 0
63 556436 0 0 0 0 0 278218 0 0
fl=/home/olaf/codingame/minigames/hurdle_race.hpp
fn=State::get_stats(float&, float&, float&)
33 187929 0 0 60189 0 0 0 0 0
37 156815 6 6 21662 0 0 0 0 0
fn=main
47 1161972 1 1 350253 0 0 350253 0 0
52 2063604 0 0 1031802 0 0 0 0 0
53 430926 1 1 215463 0 0 0 0 0
56 1761050 4 4 371250 0 0 0 0 0
57 1410143 9 9 574662 0 0 421323 0 0
60 1478114 0 0 272492 0 0 0 0 0
61 437248 4 4 218624 0 0 0 0 0
64 768374 0 0 0 0 0 0 0 0
66 329084 1 1 0 0 0 0 0 0
70 449517 2 1 0 0 0 149839 0 0
74 1584713 4 4 1584713 0 0 0 0 0
75 1591851 4 4 384187 0 0 0 0 0
79 410670 0 0 0 0 0 205335 0 0
80 410670 0 0 205335 0 0 205335 0 0
84 555819 1 1 0 0 0 185273 0 0
89 3836320 13 13 2301792 0 0 767264 0 0
90 216012 1 1 0 0 0 108006 0 0
93 471570 2 2 0 0 0 235785 0 0
94 2600607 2 2 472548 0 0 472548 0 0
fl=/home/olaf/codingame/minigames/roller_skating.hpp
fn=State::get_stats(float&, float&, float&)
90 182008 3 3 60189 0 0 0 0 0
94 62486 1 1 0 0 0 0 0 0
fn=main
108 700506 0 0 350253 0 0 0 0 0
113 1920720 2 2 640240 0 0 0 0 0
114 692815 8 8 302237 0 0 0 0 0
117 2649768 2 2 1107946 0 0 0 0 0
119 2649768 10 10 662442 0 0 662442 0 0
121 1324884 2 2 0 0 0 0 0 0
122 303040 1 1 0 0 0 151520 0 0
123 303040 1 1 100002 0 0 0 0 0
126 1021844 0 0 0 0 0 0 0 0
130 718552 0 0 0 0 0 0 0 0
131 540702 0 0 0 0 0 180234 0 0
132 180234 0 0 126055 0 0 0 0 0
137 3952653 6 6 320120 0 0 0 0 0
138 3841440 0 0 320120 0 0 0 0 0
139 3841440 4 4 320120 0 0 0 0 0
141 640240 0 0 0 0 0 0 0 0
142 640240 0 0 0 0 0 0 0 0
143 640240 0 0 0 0 0 0 0 0
145 1687056 2 2 320120 0 0 0 0 0
146 196900 3 3 98450 0 0 0 0 0
149 1698196 2 2 0 0 0 0 0 0
150 81298 1 1 0 0 0 0 0 0
153 1697032 3 3 320120 0 0 0 0 0
154 157916 3 3 78958 0 0 0 0 0
158 240345 3 3 75985 0 0 0 0 0
159 3320562 5 4 528396 0 0 538023 0 0
163 960360 1 1 320120 0 0 0 0 0
164 60189 0 0 0 0 0 20063 0 0
167 600114 0 0 0 0 0 300057 0 0
169 3600684 4 4 300057 0 0 300057 0 0
fl=/home/olaf/codingame/state.hpp
fn=State::get_stats(float&, float&, float&)
38 180567 2 2 0 0 0 180567 0 0
44 210353 1 1 48444 0 0 60189 0 0
48 208991 4 4 55116 0 0 40126 0 0
52 196263 6 6 60541 0 0 40126 0 0
56 179586 4 4 48771 0 0 40126 0 0
59 60189 2 2 0 0 0 0 0 0
60 60189 0 0 0 0 0 0 0 0
61 60189 0 0 0 0 0 0 0 0
65 40126 0 0 0 0 0 0 0 0
67 180567 2 2 20063 0 0 20063 0 0
68 140441 0 0 20063 0 0 20063 0 0
69 120378 0 0 20063 0 0 20063 0 0
70 140441 0 0 140441 0 0 0 0 0
fn=main
31 52764 0 0 26382 0 0 0 0 0
32 52764 0 0 26382 0 0 0 0 0
33 740632 2 2 370316 0 0 0 0 0
75 4 0 0 0 0 0 0 0 0
79 6 4 4 0 0 0 2 0 0
80 114 14 14 0 0 0 2 0 0
81 92 6 6 28 0 0 0 0 0
82 77 4 4 12 4 4 0 0 0
87 12 2 2 6 0 0 6 0 0
88 12 0 0 6 0 0 6 0 0
91 4 0 0 0 0 0 2 0 0
94 4 0 0 0 0 0 0 0 0
98 4 0 0 0 0 0 2 0 0
100 28 0 0 0 0 0 0 0 0
101 36 4 4 16 3 3 4 0 0
105 12 0 0 6 0 0 6 0 0
106 12 2 2 6 0 0 6 0 0
109 4 0 0 0 0 0 2 0 0
112 4 0 0 0 0 0 0 0 0
116 90 2 2 0 0 0 0 0 0
119 280 6 6 51 3 3 32 0 0
132 12 0 0 6 0 0 6 0 0
133 12 2 2 6 0 0 6 0 0
136 4 0 0 2 0 0 2 0 0
138 2 0 0 0 0 0 2 0 0
141 4 0 0 0 0 0 0 0 0
145 2 0 0 0 0 0 2 0 0
147 2 0 0 0 0 0 2 0 0
148 116 0 0 2 0 0 0 0 0
149 89 5 5 47 0 0 0 0 0
153 12 0 0 6 0 0 6 0 0
154 12 0 0 6 0 0 6 0 0
157 2 0 0 0 0 0 2 0 0
159 2 0 0 0 0 0 0 0 0
fl=/home/olaf/codingame/timer.hpp
fn=main
10 17 2 2 0 0 0 10 0 0
11 1 0 0 0 0 0 0 0 0
15 20065 2 2 0 0 0 20065 0 0
fl=/usr/include/c++/12/bits/basic_ios.h
fn=main
49 4 0 0 0 0 0 0 0 0
450 4 1 1 4 0 0 0 0 0
fl=/usr/include/c++/12/bits/basic_string.h
fn=main
200 16 0 0 0 0 0 8 0 0
204 8 0 0 0 0 0 8 2 1
229 24 4 3 0 0 0 24 2 2
234 68 8 6 42 0 0 0 0 0
241 36 0 0 0 0 0 14 0 0
285 60 0 0 0 0 0 0 0 0
292 4 0 0 2 0 0 0 0 0
420 16 1 1 0 0 0 0 0 0
795 40 1 1 0 0 0 20 0 0
1064 6 2 2 6 0 0 0 0 0
1071 8 2 1 8 0 0 0 0 0
3601 20 4 4 2 0 0 8 0 0
3888 10 0 0 4 0 0 2 0 0
fn=std::__cxx11::basic_string<char, std::char_traits<char>, std::allocator<char> >::_Alloc_hider::~_Alloc_hider()
192 144 1 1 48 0 0 48 0 0
fn=std::vector<std::__cxx11::basic_string<char, std::char_traits<char>, std::allocator<char> >, std::allocator<std::__cxx11::basic_string<char, std::char_traits<char>, std::allocator<char> > > >::~vector()
234 4 0 0 4 0 0 0 0 0
285 12 0 0 0 0 0 0 0 0
795 8 0 0 0 0 0 4 0 0
fl=/usr/include/c++/12/bits/basic_string.tcc
fn=main
221 8 0 0 0 0 0 8 0 0
223 16 0 0 0 0 0 0 0 0
247 8 0 0 8 0 0 0 0 0
fl=/usr/include/c++/12/bits/char_traits.h
fn=main
354 24 0 0 0 0 0 24 0 0
425 16 3 2 0 0 0 0 0 0
431 36 9 5 0 0 0 18 0 0
fl=/usr/include/c++/12/bits/chrono.h
fn=main
212 100327 2 1 0 0 0 0 0 0
650 40130 0 0 20065 0 0 0 0 0
fl=/usr/include/c++/12/bits/ios_base.h
fn=main
752 68 0 0 68 0 0 0 0 0
fl=/usr/include/c++/12/bits/locale_facets.h
fn=main
882 4 0 0 2 0 0 0 0 0
fl=/usr/include/c++/12/bits/new_allocator.h
fn=main
120 6 2 2 0 0 0 0 0 0
137 26 0 0 0 0 0 8 0 0
158 25 2 2 0 0 0 25 0 0
fn=std::vector<int, std::allocator<int> >* std::__do_uninit_copy<__gnu_cxx::__normal_iterator<std::vector<int, std::allocator<int> > const*, std::vector<std::vector<int, std::allocator<int> >, std::allocator<std::vector<int, std::allocator<int> > > > >, std::vector<int, std::allocator<int> >*>(__gnu_cxx::__normal_iterator<std::vector<int, std::allocator<int> > const*, std::vector<std::vector<int, std::allocator<int> >, std::allocator<std::vector<int, std::allocator<int> > > > >, __gnu_cxx::__normal_iterator<std::vector<int, std::allocator<int> > const*, std::vector<std::vector<int, std::allocator<int> >, std::allocator<std::vector<int, std::allocator<int> > > > >, std::vector<int, std::allocator<int> >*)
120 20 0 0 0 0 0 0 0 0
137 24 0 0 0 0 0 8 0 0
fn=std::vector<int, std::allocator<int> >::_M_default_append(unsigned long)
137 40 2 2 0 0 0 8 0 0
fn=std::vector<std::__cxx11::basic_string<char, std::char_traits<char>, std::allocator<char> >, std::allocator<std::__cxx11::basic_string<char, std::char_traits<char>, std::allocator<char> > > >::~vector()
158 2 0 0 0 0 0 1 0 0
fl=/usr/include/c++/12/bits/stl_algobase.h
fn=State::get_stats(float&, float&, float&)
259 983087 4 4 40126 0 0 0 0 0
fn=std::vector<int, std::allocator<int> >* std::__do_uninit_copy<__gnu_cxx::__normal_iterator<std::vector<int, std::allocator<int> > const*, std::vector<std::vector<int, std::allocator<int> >, std::allocator<std::vector<int, std::allocator<int> > > > >, std::vector<int, std::allocator<int> >*>(__gnu_cxx::__normal_iterator<std::vector<int, std::allocator<int> > const*, std::vector<std::vector<int, std::allocator<int> >, std::allocator<std::vector<int, std::allocator<int> > > > >, __gnu_cxx::__normal_iterator<std::vector<int, std::allocator<int> > const*, std::vector<std::vector<int, std::allocator<int> >, std::allocator<std::vector<int, std::allocator<int> > > > >, std::vector<int, std::allocator<int> >*)
429 16 0 0 0 0 0 0 0 0
430 16 0 0 0 0 0 0 0 0
431 32 0 0 0 0 0 8 0 0
432 16 0 0 0 0 0 8 0 0
fn=std::vector<int, std::allocator<int> >::_M_default_append(unsigned long)
259 16 0 0 0 0 0 0 0 0
922 56 2 2 16 0 0 24 0 0
1114 16 0 0 0 0 0 0 0 0
1119 8 0 0 0 0 0 0 0 0
fl=/usr/include/c++/12/bits/stl_construct.h
fn=main
162 98 2 2 0 0 0 0 0 0
fn=std::vector<int, std::allocator<int> >::_M_default_append(unsigned long)
119 8 0 0 0 0 0 8 0 0
fn=std::vector<std::__cxx11::basic_string<char, std::char_traits<char>, std::allocator<char> >, std::allocator<std::__cxx11::basic_string<char, std::char_traits<char>, std::allocator<char> > > >::~vector()
162 15 1 0 0 0 0 0 0 0
fl=/usr/include/c++/12/bits/stl_iterator.h
fn=main
1073 4 0 0 4 0 0 0 0 0
fn=std::vector<int, std::allocator<int> >* std::__do_uninit_copy<__gnu_cxx::__normal_iterator<std::vector<int, std::allocator<int> > const*, std::vector<std::vector<int, std::allocator<int> >, std::allocator<std::vector<int, std::allocator<int> > > > >, std::vector<int, std::allocator<int> >*>(__gnu_cxx::__normal_iterator<std::vector<int, std::allocator<int> > const*, std::vector<std::vector<int, std::allocator<int> >, std::allocator<std::vector<int, std::allocator<int> > > > >, __gnu_cxx::__normal_iterator<std::vector<int, std::allocator<int> > const*, std::vector<std::vector<int, std::allocator<int> >, std::allocator<std::vector<int, std::allocator<int> > > > >, std::vector<int, std::allocator<int> >*)
1073 16 0 0 16 0 0 0 0 0
fl=/usr/include/c++/12/bits/stl_uninitialized.h
fn=main
137 2 2 2 0 0 0 2 0 0
637 50 4 4 0 0 0 0 0 0
fn=std::vector<int, std::allocator<int> >* std::__do_uninit_copy<__gnu_cxx::__normal_iterator<std::vector<int, std::allocator<int> > const*, std::vector<std::vector<int, std::allocator<int> >, std::allocator<std::vector<int, std::allocator<int> > > > >, std::vector<int, std::allocator<int> >*>(__gnu_cxx::__normal_iterator<std::vector<int, std::allocator<int> > const*, std::vector<std::vector<int, std::allocator<int> >, std::allocator<std::vector<int, std::allocator<int> > > > >, __gnu_cxx::__normal_iterator<std::vector<int, std::allocator<int> > const*, std::vector<std::vector<int, std::allocator<int> >, std::allocator<std::vector<int, std::allocator<int> > > > >, std::vector<int, std::allocator<int> >*)
113 16 4 4 0 0 0 12 0 0
116 2 0 0 0 0 0 0 0 0
119 40 0 0 0 0 0 0 0 0
128 18 0 0 14 0 0 0 0 0
fn=std::vector<int, std::allocator<int> >::_M_default_append(unsigned long)
1104 16 0 0 8 0 0 0 0 0
1105 16 0 0 0 0 0 0 0 0
fl=/usr/include/c++/12/bits/stl_vector.h
fn=main
100 42 4 4 0 0 0 22 1 1
367 69 1 1 46 0 0 0 0 0
368 46 2 2 7 0 0 23 0 0
378 14 0 0 0 0 0 0 0 0
386 46 2 2 0 0 0 0 0 0
395 10 0 0 0 0 0 6 0 0
397 14 0 0 0 0 0 6 0 0
600 2 0 0 0 0 0 2 0 0
730 74 5 5 32 0 0 6 0 0
988 44 2 2 20 0 0 0 0 0
1010 16 0 0 0 0 0 0 0 0
1011 26 0 0 0 0 0 8 0 0
1124 218 2 2 130 0 0 0 0 0
1143 34 5 5 28 0 0 0 0 0
1687 2 0 0 0 0 0 2 0 0
1688 6 0 0 0 0 0 4 0 0
1689 4 0 0 2 0 0 2 0 0
1712 4 0 0 0 0 0 4 0 0
1904 12 0 0 0 0 0 0 0 0
fn=std::_Vector_base<int, std::allocator<int> >::_Vector_impl::~_Vector_impl()
133 96 2 2 32 0 0 32 0 0
fn=std::_Vector_base<std::__cxx11::basic_string<char, std::char_traits<char>, std::allocator<char> >, std::allocator<std::__cxx11::basic_string<char, std::char_traits<char>, std::allocator<char> > > >::_Vector_impl::~_Vector_impl()
133 24 1 1 8 0 0 8 0 0
fn=std::_Vector_base<std::vector<int, std::allocator<int> >, std::allocator<std::vector<int, std::allocator<int> > > >::_Vector_impl::~_Vector_impl()
133 24 1 1 8 0 0 8 0 0
fn=std::vector<int, std::allocator<int> >* std::__do_uninit_copy<__gnu_cxx::__normal_iterator<std::vector<int, std::allocator<int> > const*, std::vector<std::vector<int, std::allocator<int> >, std::allocator<std::vector<int, std::allocator<int> > > > >, std::vector<int, std::allocator<int> >*>(__gnu_cxx::__normal_iterator<std::vector<int, std::allocator<int> > const*, std::vector<std::vector<int, std::allocator<int> >, std::allocator<std::vector<int, std::allocator<int> > > > >, __gnu_cxx::__normal_iterator<std::vector<int, std::allocator<int> > const*, std::vector<std::vector<int, std::allocator<int> >, std::allocator<std::vector<int, std::allocator<int> > > > >, std::vector<int, std::allocator<int> >*)
100 24 0 0 0 0 0 16 2 2
378 8 0 0 0 0 0 0 0 0
395 24 0 0 0 0 0 8 0 0
397 16 2 2 0 0 0 8 0 0
988 16 2 2 16 0 0 0 0 0
fn=std::vector<int, std::allocator<int> >::_M_default_append(unsigned long)
386 16 0 0 0 0 0 0 0 0
988 40 2 2 16 0 0 0 0 0
1893 16 0 0 0 0 0 0 0 0
1896 8 0 0 0 0 0 0 0 0
1897 24 2 2 0 0 0 0 0 0
fn=std::vector<std::__cxx11::basic_string<char, std::char_traits<char>, std::allocator<char> >, std::allocator<std::__cxx11::basic_string<char, std::char_traits<char>, std::allocator<char> > > >::~vector()
367 3 0 0 2 0 0 0 0 0
368 2 0 0 0 0 0 0 0 0
386 2 0 0 0 0 0 0 0 0
728 4 1 1 0 0 0 3 0 0
730 2 0 0 2 0 0 0 0 0
733 3 0 0 3 0 0 0 0 0
fl=/usr/include/c++/12/bits/vector.tcc
fn=std::vector<int, std::allocator<int> >::_M_default_append(unsigned long)
626 72 0 0 0 0 0 48 0 0
629 16 2 2 0 0 0 0 0 0
633 24 0 0 8 0 0 0 0 0
635 24 0 0 0 0 0 0 0 0
638 16 0 0 0 0 0 0 0 0
655 8 0 0 0 0 0 0 0 0
663 8 0 0 8 0 0 0 0 0
693 8 0 0 0 0 0 8 0 0
694 16 0 0 0 0 0 8 0 0
695 16 2 2 0 0 0 8 0 0
698 64 0 0 56 0 0 0 0 0
fl=/usr/include/c++/12/iostream
fn=__static_initialization_and_destruction_0(int, int)
74 10 2 0 1 1 0 2 0 0
fl=/usr/include/c++/12/ostream
fn=main
167 8 2 1 0 0 0 4 0 0
171 4 1 1 0 0 0 1 0 0
196 130 2 1 26 0 0 52 0 0
228 154 4 2 24 0 0 52 0 0
525 216 4 2 136 0 0 6 0 0
527 166 12 7 0 0 0 68 0 0
528 38 0 0 0 0 0 0 0 0
620 64 8 4 0 0 0 16 0 0
689 10 0 0 4 2 1 2 0 0
711 2 0 0 0 0 0 2 0 0
fl=/usr/lib/gcc/x86_64-linux-gnu/12/include/xmmintrin.h
fn=main
166 1214244 0 0 0 0 0 0 0 0
887 1214244 4 4 0 0 0 0 0 0
fl=???
fn=(below main)
0 11 2 2 2 1 0 3 0 0
fn=???
0 64017 355 303 52509 260 67 3149 21 13
fn=__cpu_indicator_init
0 128 11 11 13 3 2 17 0 0
fn=__cxa_get_globals
0 1050 3 2 150 0 0 150 0 0
fn=__cxxabiv1::__si_class_type_info::__do_dyncast(long, __cxxabiv1::__class_type_info::__sub_kind, __cxxabiv1::__class_type_info const*, void const*, __cxxabiv1::__class_type_info const*, void const*, __cxxabiv1::__class_type_info::__dyncast_result&) const
0 1480 4 4 440 1 0 360 0 0
fn=__cxxabiv1::__vmi_class_type_info::__do_dyncast(long, __cxxabiv1::__class_type_info::__sub_kind, __cxxabiv1::__class_type_info const*, void const*, __cxxabiv1::__class_type_info const*, void const*, __cxxabiv1::__class_type_info::__dyncast_result&) const
0 2688 18 12 882 12 5 630 0 0
fn=__dynamic_cast
0 4018 12 8 1312 26 4 820 0 0
fn=__gnu_cxx::stdio_sync_filebuf<char, std::char_traits<char> >::overflow(int)
0 497 3 2 71 0 0 0 0 0
fn=__gnu_cxx::stdio_sync_filebuf<char, std::char_traits<char> >::sync()
0 1371 1 1 457 2 1 0 0 0
fn=__gnu_cxx::stdio_sync_filebuf<char, std::char_traits<char> >::uflow()
0 3272 0 0 1227 0 0 1227 0 0
fn=__gnu_cxx::stdio_sync_filebuf<char, std::char_traits<char> >::underflow()
0 8676 4 4 2892 0 0 1928 0 0
fn=__gnu_cxx::stdio_sync_filebuf<char, std::char_traits<char> >::xsputn(char const*, long)
0 486 6 4 81 4 1 0 0 0
fn=__gnu_cxx::stdio_sync_filebuf<wchar_t, std::char_traits<wchar_t> >::sync()
0 15 0 0 5 2 2 0 0 0
fn=bool std::has_facet<std::ctype<char> >(std::locale const&)
0 88 2 2 36 2 0 12 0 0
fn=bool std::has_facet<std::ctype<wchar_t> >(std::locale const&)
0 88 2 2 36 2 0 12 0 0
fn=bool std::has_facet<std::num_get<char, std::istreambuf_iterator<char, std::char_traits<char> > > >(std::locale const&)
0 88 1 1 36 0 0 12 0 0
fn=bool std::has_facet<std::num_get<wchar_t, std::istreambuf_iterator<wchar_t, std::char_traits<wchar_t> > > >(std::locale const&)
0 88 0 0 36 0 0 12 0 0
fn=bool std::has_facet<std::num_put<char, std::ostreambuf_iterator<char, std::char_traits<char> > > >(std::locale const&)
0 88 2 2 36 1 0 12 0 0
fn=bool std::has_facet<std::num_put<wchar_t, std::ostreambuf_iterator<wchar_t, std::char_traits<wchar_t> > > >(std::locale const&)
0 88 2 2 36 1 0 12 0 0
fn=operator delete(void*)
0 52 0 0 0 0 0 0 0 0
fn=operator delete(void*, unsigned long)
0 52 4 2 0 0 0 0 0 0
fn=operator new(unsigned long)
0 312 4 3 52 0 0 52 0 0
fn=std::__cxx11::basic_string<char, std::char_traits<char>, std::allocator<char> >::_M_create(unsigned long&, unsigned long)
0 32 4 4 2 0 0 2 0 0
fn=std::__cxx11::basic_string<char, std::char_traits<char>, std::allocator<char> >::_M_mutate(unsigned long, unsigned long, char const*, unsigned long)
0 118 10 10 28 0 0 26 0 0
fn=std::__cxx11::basic_string<char, std::char_traits<char>, std::allocator<char> >::compare(char const*) const
0 224 4 4 56 0 0 48 0 0
fn=std::__cxx11::messages<char>::messages(unsigned long)
0 20 1 1 4 1 0 8 1 1
fn=std::__cxx11::messages<wchar_t>::messages(unsigned long)
0 20 2 2 4 0 0 8 0 0
fn=std::__cxx11::moneypunct<char, false>::_M_initialize_moneypunct(__locale_struct*, char const*)
0 113 4 4 38 1 1 31 0 0
fn=std::__cxx11::moneypunct<char, true>::_M_initialize_moneypunct(__locale_struct*, char const*)
0 113 5 5 38 0 0 31 0 0
fn=std::__cxx11::moneypunct<wchar_t, false>::_M_initialize_moneypunct(__locale_struct*, char const*)
0 102 5 5 27 1 0 30 0 0
fn=std::__cxx11::moneypunct<wchar_t, true>::_M_initialize_moneypunct(__locale_struct*, char const*)
0 102 5 5 27 0 0 30 0 0
fn=std::__cxx11::numpunct<char>::_M_initialize_numpunct(__locale_struct*)
0 414 5 5 137 4 2 75 0 0
fn=std::__cxx11::numpunct<wchar_t>::_M_initialize_numpunct(__locale_struct*)
0 350 4 4 74 2 1 74 3 3
fn=std::__num_base::_S_format_float(std::ios_base const&, char*, char)
0 806 8 3 78 2 1 104 0 0
fn=std::__timepunct<char>::_M_initialize_timepunct(__locale_struct*)
0 149 15 15 6 0 0 29 0 0
fn=std::__timepunct<char>::__timepunct(std::__timepunct_cache<char>*, unsigned long)
0 23 2 2 4 0 0 9 1 1
fn=std::__timepunct<wchar_t>::_M_initialize_timepunct(__locale_struct*)
0 149 14 14 6 0 0 29 0 0
fn=std::__timepunct<wchar_t>::__timepunct(std::__timepunct_cache<wchar_t>*, unsigned long)
0 23 2 2 4 0 0 9 0 0
fn=std::basic_ios<char, std::char_traits<char> >::_M_cache_locale(std::locale const&)
0 124 2 2 12 0 0 44 0 0
fn=std::basic_ios<char, std::char_traits<char> >::init(std::basic_streambuf<char, std::char_traits<char> >*)
0 92 2 2 12 0 0 36 0 0
fn=std::basic_ios<wchar_t, std::char_traits<wchar_t> >::_M_cache_locale(std::locale const&)
0 124 2 2 12 0 0 44 0 0
fn=std::basic_ios<wchar_t, std::char_traits<wchar_t> >::init(std::basic_streambuf<wchar_t, std::char_traits<wchar_t> >*)
0 92 2 2 12 0 0 40 0 0
fn=std::basic_istream<char, std::char_traits<char> >& std::operator>><char, std::char_traits<char>, std::allocator<char> >(std::basic_istream<char, std::char_traits<char> >&, std::__cxx11::basic_string<char, std::char_traits<char>, std::allocator<char> >&)
0 7093 24 24 2602 0 0 844 0 0
fn=std::basic_ostream<char, std::char_traits<char> >& std::__ostream_insert<char, std::char_traits<char> >(std::basic_ostream<char, std::char_traits<char> >&, char const*, long)
0 1060 8 8 426 4 2 230 2 1
fn=std::basic_ostream<char, std::char_traits<char> >& std::operator<< <std::char_traits<char> >(std::basic_ostream<char, std::char_traits<char> >&, char)
0 15 2 2 6 0 0 3 0 0
fn=std::basic_ostream<wchar_t, std::char_traits<wchar_t> >::flush()
0 142 3 3 67 10 10 18 0 0
fn=std::basic_ostream<wchar_t, std::char_traits<wchar_t> >::sentry::sentry(std::basic_ostream<wchar_t, std::char_traits<wchar_t> >&)
0 99 2 2 34 1 1 21 0 0
fn=std::chrono::_V2::steady_clock::now()
0 180603 7 4 60201 0 0 20067 0 0
fn=std::codecvt<char, char, __mbstate_t>::codecvt(unsigned long)
0 18 2 2 4 0 0 6 2 2
fn=std::codecvt<wchar_t, char, __mbstate_t>::codecvt(unsigned long)
0 18 2 2 4 1 0 6 1 1
fn=std::ctype<char> const& std::use_facet<std::ctype<char> >(std::locale const&)
0 760 5 4 342 12 4 114 0 0
fn=std::ctype<char>::_M_widen_init() const
0 726 10 10 33 4 3 37 4 0
fn=std::ctype<char>::ctype(unsigned short const*, bool, unsigned long)
0 116 5 5 8 1 0 79 9 9
fn=std::ctype<wchar_t> const& std::use_facet<std::ctype<wchar_t> >(std::locale const&)
0 80 2 2 36 0 0 12 0 0
fn=std::ctype<wchar_t>::_M_convert_to_wmask(unsigned short) const
0 146 6 6 12 0 0 0 0 0
fn=std::ctype<wchar_t>::_M_initialize_ctype()
0 2733 5 5 5 0 0 810 20 20
fn=std::ctype<wchar_t>::ctype(unsigned long)
0 20 2 2 3 0 0 7 1 1
fn=std::error_category::error_category()
0 10 1 1 4 1 0 2 0 0
fn=std::error_category::~error_category()
0 4 0 0 2 0 0 0 0 0
fn=std::future_category()
0 3 1 1 1 0 0 0 0 0
fn=std::ios_base::Init::Init()
0 273 29 29 51 13 1 146 17 2
fn=std::ios_base::Init::~Init()
0 25 3 3 10 7 7 7 0 0
fn=std::ios_base::_M_init()
0 160 2 2 32 1 1 56 0 0
fn=std::ios_base::ios_base()
0 464 3 3 8 0 0 192 30 12
fn=std::istream::ignore()
0 260 6 6 100 0 0 50 0 0
fn=std::istream::operator>>(int&)
0 6528 8 8 1904 2 1 1224 2 1
fn=std::istream::sentry::sentry(std::istream&, bool)
0 12341 14 14 5110 15 11 1500 0 0
fn=std::istreambuf_iterator<char, std::char_traits<char> > std::num_get<char, std::istreambuf_iterator<char, std::char_traits<char> > >::_M_extract_int<long>(std::istreambuf_iterator<char, std::char_traits<char> >, std::istreambuf_iterator<char, std::char_traits<char> >, std::ios_base&, std::_Ios_Iostate&, long&) const
0 27863 61 61 6941 4 3 4868 0 0
fn=std::locale::_Impl::_Impl(unsigned long)
0 661 55 55 85 23 1 384 52 50
fn=std::locale::_Impl::_M_install_facet(std::locale::id const*, std::locale::facet const*)
0 12128 7 7 3552 1 0 256 0 0
fn=std::locale::facet::_S_create_c_locale(__locale_struct*&, char const*, __locale_struct*)
0 10 2 2 2 0 0 3 0 0
fn=std::locale::facet::_S_get_c_locale()
0 360 5 2 80 2 1 40 0 0
fn=std::locale::facet::_S_get_c_name()
0 21 1 1 7 0 0 0 0 0
fn=std::locale::id::_M_id() const
0 2490 2 2 830 14 6 96 0 0
fn=std::locale::locale()
0 374 3 3 132 1 0 132 3 1
fn=std::locale::locale(std::locale const&)
0 56 2 2 24 0 0 8 0 0
fn=std::locale::locale(std::locale::_Impl*)
0 3 1 1 1 0 0 1 0 0
fn=std::locale::operator=(std::locale const&)
0 160 2 2 56 0 0 24 0 0
fn=std::locale::~locale()
0 128 6 4 64 0 0 16 0 0
fn=std::messages<char>::messages(unsigned long)
0 20 2 2 4 0 0 8 1 1
fn=std::messages<wchar_t>::messages(unsigned long)
0 20 1 1 4 0 0 8 0 0
fn=std::moneypunct<char, false>::_M_initialize_moneypunct(__locale_struct*, char const*)
0 113 4 4 38 0 0 31 1 0
fn=std::moneypunct<char, true>::_M_initialize_moneypunct(__locale_struct*, char const*)
0 113 5 5 38 0 0 31 0 0
fn=std::moneypunct<wchar_t, false>::_M_initialize_moneypunct(__locale_struct*, char const*)
0 102 6 6 27 0 0 30 0 0
fn=std::moneypunct<wchar_t, true>::_M_initialize_moneypunct(__locale_struct*, char const*)
0 102 4 4 27 0 0 30 0 0
fn=std::num_get<char, std::istreambuf_iterator<char, std::char_traits<char> > > const& std::use_facet<std::num_get<char, std::istreambuf_iterator<char, std::char_traits<char> > > >(std::locale const&)
0 80 1 1 36 0 0 12 0 0
fn=std::num_get<char, std::istreambuf_iterator<char, std::char_traits<char> > >::do_get(std::istreambuf_iterator<char, std::char_traits<char> >, std::istreambuf_iterator<char, std::char_traits<char> >, std::ios_base&, std::_Ios_Iostate&, long&) const
0 272 2 2 0 0 0 0 0 0
fn=std::num_get<wchar_t, std::istreambuf_iterator<wchar_t, std::char_traits<wchar_t> > > const& std::use_facet<std::num_get<wchar_t, std::istreambuf_iterator<wchar_t, std::char_traits<wchar_t> > > >(std::locale const&)
0 80 1 1 36 0 0 12 0 0
fn=std::num_put<char, std::ostreambuf_iterator<char, std::char_traits<char> > > const& std::use_facet<std::num_put<char, std::ostreambuf_iterator<char, std::char_traits<char> > > >(std::locale const&)
0 80 2 2 36 0 0 12 0 0
fn=std::num_put<char, std::ostreambuf_iterator<char, std::char_traits<char> > >::do_put(std::ostreambuf_iterator<char, std::char_traits<char> >, std::ios_base&, char, double) const
0 104 2 1 0 0 0 0 0 0
fn=std::num_put<char, std::ostreambuf_iterator<char, std::char_traits<char> > >::do_put(std::ostreambuf_iterator<char, std::char_traits<char> >, std::ios_base&, char, long) const
0 30 2 1 0 0 0 0 0 0
fn=std::num_put<char, std::ostreambuf_iterator<char, std::char_traits<char> > >::do_put(std::ostreambuf_iterator<char, std::char_traits<char> >, std::ios_base&, char, unsigned long) const
0 81 3 2 0 0 0 0 0 0
fn=std::num_put<wchar_t, std::ostreambuf_iterator<wchar_t, std::char_traits<wchar_t> > > const& std::use_facet<std::num_put<wchar_t, std::ostreambuf_iterator<wchar_t, std::char_traits<wchar_t> > > >(std::locale const&)
0 80 2 2 36 0 0 12 0 0
fn=std::numpunct<char>::_M_initialize_numpunct(__locale_struct*)
0 414 6 6 137 0 0 75 0 0
fn=std::numpunct<wchar_t>::_M_initialize_numpunct(__locale_struct*)
0 350 6 6 74 0 0 74 0 0
fn=std::ostream& std::ostream::_M_insert<double>(double)
0 1586 10 5 598 0 0 260 0 0
fn=std::ostream& std::ostream::_M_insert<long>(long)
0 610 10 5 230 0 0 100 0 0
fn=std::ostream& std::ostream::_M_insert<unsigned long>(unsigned long)
0 1665 20 11 627 5 2 273 0 0
fn=std::ostream::flush()
0 10174 3 3 4931 12 6 1234 2 1
fn=std::ostream::operator<<(int)
0 88 2 0 24 0 0 0 0 0
fn=std::ostream::put(char)
0 3246 11 5 1343 0 0 493 0 0
fn=std::ostream::sentry::sentry(std::ostream&)
0 11623 2 2 3978 7 3 2449 0 0
fn=std::ostreambuf_iterator<char, std::char_traits<char> > std::num_put<char, std::ostreambuf_iterator<char, std::char_traits<char> > >::_M_insert_float<double>(std::ostreambuf_iterator<char, std::char_traits<char> >, std::ios_base&, char, char, double) const
0 3146 20 10 598 0 0 728 0 0
fn=std::ostreambuf_iterator<char, std::char_traits<char> > std::num_put<char, std::ostreambuf_iterator<char, std::char_traits<char> > >::_M_insert_int<long>(std::ostreambuf_iterator<char, std::char_traits<char> >, std::ios_base&, char, long) const
0 836 11 5 150 0 0 170 0 0
fn=std::ostreambuf_iterator<char, std::char_traits<char> > std::num_put<char, std::ostreambuf_iterator<char, std::char_traits<char> > >::_M_insert_int<unsigned long>(std::ostreambuf_iterator<char, std::char_traits<char> >, std::ios_base&, char, unsigned long) const
0 2079 18 12 405 2 0 459 0 0
fn=std::uncaught_exception()
0 1200 4 3 300 3 1 150 0 0
summary: 136634985 3519 3005 29596073 57954 9195 10395364 304269 292924
