desc: I1 cache:         32768 B, 64 B, 8-way associative
desc: D1 cache:         32768 B, 64 B, 8-way associative
desc: LL cache:         6291456 B, 64 B, 12-way associative
cmd: ./brain
events: Ir I1mr ILmr Dr D1mr DLmr Dw D1mw DLmw 
fl=./assert/./assert/assert.c
fn=__assert_fail
100 9 2 2 0 0 0 4 0 0
101 10 0 0 0 0 0 2 0 0
fn=__assert_fail_base
49 14 2 2 1 0 0 6 0 0
53 3 0 0 0 0 0 1 0 0
57 21 1 1 1 1 1 5 0 0
58 2 0 0 2 1 1 0 0 0
64 5 0 0 1 0 0 1 0 0
65 3 1 1 2 0 0 1 0 0
67 7 0 0 3 1 1 1 0 0
68 8 0 0 0 0 0 1 0 0
70 2 1 1 0 0 0 0 0 0
72 2 0 0 1 0 0 1 1 1
73 3 0 0 1 0 0 1 0 0
77 2 0 0 2 1 1 0 0 0
79 2 0 0 0 0 0 0 0 0
fn=__assert_fail_base.cold
83 2 1 1 1 0 0 1 0 0
92 1 0 0 0 0 0 1 0 0
fl=./csu/../csu/libc-start.c
fn=__libc_start_main@@GLIBC_2.34
128 2 1 1 2 0 0 0 0 0
134 3 0 0 1 1 0 0 0 0
135 6 0 0 2 1 0 1 0 0
138 1 0 0 1 1 0 0 0 0
139 2 0 0 0 0 0 0 0 0
142 3 1 1 2 1 0 0 0 0
143 2 0 0 2 0 0 0 0 0
144 15 2 1 2 0 0 1 0 0
145 8 0 0 2 1 0 2 0 0
242 11 1 1 0 0 0 7 0 0
311 3 0 0 0 0 0 0 0 0
312 3 0 0 0 0 0 1 0 0
337 6 1 1 2 0 0 1 0 0
340 2 0 0 0 0 0 0 0 0
343 2 0 0 2 0 0 0 0 0
350 2 1 0 1 1 0 1 0 0
352 2 0 0 0 0 0 0 0 0
360 4 1 0 1 0 0 1 0 0
fl=./csu/../sysdeps/nptl/libc_start_call_main.h
fn=(below main)
29 7 1 1 1 0 0 4 0 0
44 2 1 1 0 0 0 1 0 0
46 2 0 0 0 0 0 0 0 0
51 2 0 0 1 1 0 1 0 0
52 2 0 0 1 1 0 1 0 0
55 2 0 0 0 0 0 1 0 0
58 6 1 1 5 2 0 1 0 0
fl=./csu/./csu/init-first.c
fn=_init_first
46 3 1 1 0 0 0 1 0 0
51 2 0 0 1 0 0 0 0 0
55 5 1 1 4 2 1 0 0 0
61 1 0 0 0 0 0 1 1 0
62 1 0 0 0 0 0 1 0 0
63 2 0 0 1 1 0 1 1 1
71 2 0 0 0 0 0 0 0 0
72 2 0 0 1 0 0 0 0 0
fl=./ctype/./ctype/ctype-info.c
fn=__ctype_init
31 7 2 2 5 4 0 1 0 0
33 4 0 0 2 2 0 1 0 0
35 4 0 0 2 1 0 1 0 0
36 1 0 0 1 0 0 0 0 0
fl=./elf/../bits/stdlib-bsearch.h
fn=intel_check_word.constprop.0
27 102 0 0 0 0 0 0 0 0
28 51 0 0 0 0 0 0 0 0
29 792 0 0 0 0 0 0 0 0
31 972 0 0 0 0 0 0 0 0
32 370 1 1 0 0 0 0 0 0
37 126 1 1 0 0 0 0 0 0
fl=./elf/../elf/dl-tls.c
fn=_dl_add_to_slotinfo
1016 14 1 1 0 0 0 8 0 0
1022 2 1 1 2 0 0 0 0 0
1025 2 0 0 2 2 0 0 0 0
1026 2 0 0 0 0 0 0 0 0
1030 6 0 0 2 1 0 0 0 0
1064 4 0 0 0 0 0 0 0 0
1067 6 1 1 0 0 0 2 2 0
1068 6 0 0 2 0 0 2 0 0
1071 12 0 0 10 0 0 0 0 0
fn=_dl_allocate_tls_init
529 9 1 1 0 0 0 8 0 0
530 2 0 0 0 0 0 0 0 0
534 2 0 0 1 1 0 1 0 0
537 1 1 1 0 0 0 0 0 0
540 2 0 0 1 1 0 1 0 0
543 3 0 0 2 1 0 0 0 0
555 1 0 0 1 0 0 0 0 0
560 20 0 0 3 0 0 1 0 0
566 7 1 1 0 0 0 0 0 0
569 6 1 1 2 0 0 0 0 0
570 4 0 0 0 0 0 0 0 0
576 6 0 0 4 0 0 0 0 0
577 4 0 0 0 0 0 0 0 0
579 17 1 1 6 2 0 2 1 1
582 4 0 0 0 0 0 0 0 0
583 4 0 0 2 0 0 0 0 0
586 4 0 0 0 0 0 0 0 0
587 8 0 0 4 1 0 0 0 0
589 4 1 1 0 0 0 0 0 0
590 4 0 0 2 0 0 0 0 0
599 2 0 0 0 0 0 2 0 0
607 4 0 0 2 0 0 0 0 0
609 16 0 0 2 0 0 4 0 0
615 2 0 0 2 0 0 0 0 0
621 2 0 0 1 0 0 1 0 0
624 2 0 0 1 0 0 1 0 0
627 9 1 1 8 0 0 0 0 0
fn=_dl_allocate_tls_storage
423 3 1 1 0 0 0 3 0 0
425 1 0 0 1 0 0 0 0 0
436 1 0 0 1 0 0 0 0 0
437 1 0 0 0 0 0 0 0 0
438 2 0 0 0 0 0 0 0 0
446 6 1 1 0 0 0 0 0 0
447 1 0 0 0 0 0 0 0 0
451 305 0 0 0 0 0 297 37 37
470 1 1 1 0 0 0 1 1 1
472 2 0 0 0 0 0 1 0 0
473 2 0 0 0 0 0 0 0 0
476 4 0 0 4 0 0 0 0 0
fn=_dl_assign_tls_modid
131 2 1 1 0 0 0 0 0 0
134 4 0 0 2 0 0 0 0 0
147 2 1 1 2 0 0 0 0 0
187 2 0 0 0 0 0 0 0 0
189 2 0 0 0 0 0 2 0 0
192 2 0 0 0 0 0 2 0 0
193 4 0 0 2 0 0 0 0 0
fn=_dl_count_modids
200 2 1 1 1 0 0 0 0 0
201 1 0 0 1 0 0 0 0 0
216 2 0 0 1 0 0 0 0 0
fn=_dl_determine_tlsoffset
222 7 1 1 0 0 0 6 0 0
223 1 0 0 0 0 0 0 0 0
224 1 0 0 0 0 0 0 0 0
225 1 0 0 0 0 0 0 0 0
228 3 1 1 1 0 0 0 0 0
231 2 0 0 1 0 0 0 0 0
265 1 0 0 0 0 0 0 0 0
267 16 0 0 3 0 0 0 0 0
269 7 2 2 3 0 0 1 0 0
271 6 0 0 2 0 0 0 0 0
272 4 0 0 2 0 0 0 0 0
274 4 1 1 0 0 0 0 0 0
276 10 0 0 2 0 0 0 0 0
287 2 0 0 0 0 0 2 0 0
292 18 0 0 0 0 0 0 0 0
294 4 0 0 0 0 0 0 0 0
295 2 0 0 0 0 0 0 0 0
307 1 0 0 0 0 0 1 0 0
308 7 1 1 1 0 0 0 0 0
310 2 0 0 0 0 0 1 0 0
360 1 0 0 0 0 0 1 0 0
361 8 1 1 7 0 0 0 0 0
fn=_dl_tls_static_surplus_init
83 3 0 0 0 0 0 0 0 0
97 5 1 1 0 0 0 3 0 0
101 6 1 1 1 0 0 1 0 0
102 5 0 0 1 0 0 1 0 0
108 3 0 0 0 0 0 0 0 0
110 4 0 0 0 0 0 0 0 0
113 1 0 0 0 0 0 0 0 0
115 1 0 0 0 0 0 1 0 0
117 3 0 0 0 0 0 1 0 0
118 5 0 0 4 0 0 0 0 0
fn=allocate_dtv
366 4 1 1 0 0 0 2 0 0
371 1 0 0 1 0 0 0 0 0
375 1 0 0 0 0 0 0 0 0
376 1 0 0 0 0 0 0 0 0
377 2 0 0 0 0 0 0 0 0
380 1 0 0 0 0 0 1 1 1
386 3 0 0 0 0 0 1 0 0
392 4 0 0 3 0 0 0 0 0
fl=./elf/../include/list.h
fn=__tls_init_tp
43 2 0 0 1 1 0 1 0 0
44 2 0 0 0 0 0 1 0 0
45 1 0 0 0 0 0 1 0 0
47 1 0 0 0 0 0 1 0 0
fl=./elf/../include/rtld-malloc.h
fn=__minimal_calloc
56 17 0 0 17 0 0 0 0 0
fn=_dl_allocate_tls_storage
56 1 0 0 1 0 0 1 0 0
fn=_dl_check_map_versions
44 18 0 0 6 0 0 6 0 0
fn=_dl_find_object_init
56 2 0 0 1 0 0 1 0 0
fn=_dl_important_hwcaps
56 3 0 0 2 0 0 2 0 0
fn=_dl_init_paths
56 5 0 0 3 0 0 3 0 0
fn=_dl_map_object_deps
56 12 0 0 6 0 0 6 0 0
fn=_dl_new_object
44 18 0 0 6 0 0 6 0 0
56 15 0 0 5 0 0 5 0 0
fn=allocate_dtv
44 2 0 0 1 0 0 1 0 0
fn=do_lookup_x
44 13 1 1 3 0 0 6 0 0
fn=fillin_rpath.isra.0
50 2 1 1 1 0 0 1 0 0
51 1 0 0 0 0 0 0 0 0
56 2 0 0 1 0 0 1 0 0
fn=init_tls
44 2 0 0 1 0 0 1 0 0
fl=./elf/../include/scratch_buffer.h
fn=_dl_map_object_deps
77 2 0 0 0 0 0 1 1 1
78 1 0 0 0 0 0 1 0 0
85 3 1 1 1 0 0 0 0 0
131 15 0 0 0 0 0 5 0 0
fl=./elf/../misc/sbrk.c
fn=sbrk
37 4 0 0 0 0 0 2 0 0
40 1 0 0 1 0 0 0 0 0
58 2 0 0 0 0 0 0 0 0
62 2 0 0 0 0 0 0 0 0
78 5 1 1 3 0 0 0 0 0
fl=./elf/../nptl/nptl-stack.h
fn=__libc_early_init
58 8 1 1 2 0 0 0 0 0
fl=./elf/../sysdeps/generic/_itoa.h
fn=_dl_check_map_versions
76 33 0 0 11 0 0 22 0 0
fl=./elf/../sysdeps/generic/dl-cache.h
fn=_dl_load_cache_lookup
194 1 0 0 1 0 0 0 0 0
195 5 0 0 0 0 0 0 0 0
fn=search_cache
125 20 0 0 4 0 0 0 0 0
fl=./elf/../sysdeps/generic/dl-debug.h
fn=dl_main
29 4 0 0 2 0 0 0 0 0
30 2 0 0 1 0 0 1 0 0
fl=./elf/../sysdeps/generic/dl-hash.h
fn=__rtld_malloc_init_real
43 1 0 0 0 0 0 0 0 0
44 1 0 0 0 0 0 0 0 0
45 19 0 0 6 1 1 0 0 0
48 18 0 0 0 0 0 0 0 0
62 24 1 1 0 0 0 0 0 0
67 1 0 0 0 0 0 0 0 0
72 1 0 0 0 0 0 1 0 0
fl=./elf/../sysdeps/generic/dl-new-hash.h
fn=_dl_lookup_symbol_x
69 1892 0 0 0 0 0 0 0 0
70 3784 0 0 0 0 0 0 0 0
74 41518 0 0 41518 1471 1188 0 0 0
77 83036 0 0 0 0 0 0 0 0
80 40564 0 0 40564 517 466 0 0 0
81 81128 0 0 0 0 0 0 0 0
87 938 2 2 0 0 0 0 0 0
88 938 0 0 0 0 0 0 0 0
89 1876 0 0 0 0 0 0 0 0
90 938 2 2 0 0 0 0 0 0
99 39626 0 0 0 0 0 0 0 0
101 39626 0 0 0 0 0 0 0 0
102 79252 0 0 0 0 0 0 0 0
104 39626 2 2 0 0 0 0 0 0
105 39626 0 0 0 0 0 0 0 0
fl=./elf/../sysdeps/generic/dl-protected.h
fn=do_lookup_x
29 7508 3 2 1877 0 0 0 0 0
fl=./elf/../sysdeps/generic/ldsodefs.h
fn=_dl_new_object
1339 48 0 0 0 0 0 0 0 0
fn=_dl_relocate_object
81 48 1 1 23 1 0 0 0 0
142 10122 0 0 3374 0 0 0 0 0
fn=_dl_start
81 6 1 1 2 0 0 0 0 0
fn=do_lookup_x
141 3754 3 2 1877 0 0 0 0 0
142 5631 0 0 0 0 0 0 0 0
fl=./elf/../sysdeps/nptl/dl-mutex.c
fn=__rtld_mutex_init
30 3 1 1 0 0 0 3 0 0
37 1 0 0 1 1 0 0 0 0
40 7 0 0 0 0 0 1 0 0
44 2 0 0 0 0 0 0 0 0
45 9 1 1 3 0 0 1 0 0
47 6 0 0 0 0 0 1 0 0
51 2 0 0 0 0 0 0 0 0
52 7 1 1 3 0 0 1 0 0
53 4 0 0 4 0 0 0 0 0
fl=./elf/../sysdeps/nptl/dl-tls_init_tp.c
fn=__tls_init_tp
68 2 0 0 0 0 0 1 0 0
69 1 0 0 1 0 0 0 0 0
72 1 1 1 0 0 0 0 0 0
75 4 0 0 0 0 0 1 0 0
76 2 0 0 0 0 0 1 0 0
77 1 1 1 0 0 0 1 0 0
82 2 0 0 1 1 0 1 0 0
87 4 1 1 0 0 0 1 0 0
90 1 0 0 0 0 0 1 0 0
93 3 0 0 0 0 0 0 0 0
106 4 0 0 0 0 0 1 0 0
123 3 0 0 2 1 0 1 1 1
130 2 0 0 1 0 0 1 0 0
131 3 0 0 2 0 0 0 0 0
fn=__tls_pre_init_tp
53 2 1 1 0 0 0 0 0 0
56 10 0 0 0 0 0 3 1 1
61 2 1 1 0 0 0 1 0 0
62 1 0 0 0 0 0 1 0 0
64 1 0 0 1 0 0 0 0 0
fn=rtld_mutex_dummy
44 356 2 1 178 0 0 0 0 0
fl=./elf/../sysdeps/nptl/pthread_early_init.h
fn=__libc_early_init
33 6 0 0 0 0 0 1 0 0
34 1 0 0 1 0 0 0 0 0
38 5 1 1 0 0 0 0 0 0
45 2 0 0 2 1 0 0 0 0
46 1 0 0 0 0 0 0 0 0
52 7 0 0 0 0 0 1 0 0
53 1 0 0 0 0 0 1 1 1
54 1 0 0 0 0 0 1 1 1
57 1 0 0 0 0 0 1 0 0
fl=./elf/../sysdeps/posix/dl-fileid.h
fn=_dl_map_object_from_fd
37 25 1 1 5 0 0 5 0 0
40 20 1 1 15 0 0 5 0 0
49 60 0 0 30 1 1 0 0 0
fl=./elf/../sysdeps/unix/sysv/linux/brk.c
fn=brk
37 1 0 0 0 0 0 1 1 1
38 2 1 1 0 0 0 0 0 0
44 1 0 0 0 0 0 0 0 0
45 1 0 0 1 0 0 0 0 0
fl=./elf/../sysdeps/unix/sysv/linux/brk_call.h
fn=brk
24 2 1 1 0 0 0 0 0 0
fl=./elf/../sysdeps/unix/sysv/linux/dl-osinfo.h
fn=dl_main
39 2 0 0 1 1 0 0 0 0
52 1 1 1 1 0 0 0 0 0
fl=./elf/../sysdeps/unix/sysv/linux/dl-parse_auxv.h
fn=_dl_sysdep_parse_arguments
32 2 0 0 0 0 0 1 0 0
33 1 0 0 0 0 0 1 0 0
34 1 1 1 0 0 0 1 0 0
41 85 0 0 22 6 6 0 0 0
42 40 0 0 0 0 0 0 0 0
43 40 0 0 20 0 0 20 0 0
45 1 0 0 0 0 0 1 0 0
46 2 1 1 1 0 0 1 0 0
47 3 1 1 2 0 0 1 0 0
48 2 0 0 1 0 0 1 0 0
49 2 0 0 1 0 0 1 0 0
50 2 0 0 1 0 0 1 1 1
51 2 0 0 1 0 0 1 0 0
52 2 0 0 1 0 0 1 0 0
54 2 0 0 1 0 0 1 1 1
fl=./elf/../sysdeps/unix/sysv/linux/dl-sysdep.c
fn=_dl_sysdep_parse_arguments
78 5 1 1 0 0 0 3 0 0
79 2 0 0 1 0 0 1 1 1
80 2 0 0 0 0 0 1 0 0
81 3 0 0 0 0 0 1 1 1
82 62 1 1 0 0 0 0 0 0
83 127 0 0 63 8 8 0 0 0
86 2 0 0 0 0 0 1 1 1
90 56 0 0 0 0 0 52 6 6
93 2 0 0 1 0 0 1 0 0
94 2 0 0 1 0 0 1 0 0
95 2 0 0 1 0 0 1 0 0
96 5 1 1 4 0 0 0 0 0
fn=_dl_sysdep_start
102 3 1 1 0 0 0 1 0 0
103 1 0 0 0 0 0 1 0 0
106 2 0 0 0 0 0 1 1 1
110 2 1 1 1 0 0 1 0 0
113 1 0 0 0 0 0 1 0 0
115 2 0 0 0 0 0 1 0 0
122 3 0 0 1 0 0 0 0 0
123 2 0 0 0 0 0 2 0 0
125 5 0 0 0 0 0 1 0 0
137 3 1 1 1 0 0 0 0 0
140 5 0 0 3 0 0 1 0 0
143 4 1 0 3 1 0 0 0 0
fn=_dl_sysdep_start_cleanup
148 1 1 1 1 0 0 0 0 0
fl=./elf/../sysdeps/unix/sysv/linux/dl-vdso-setup.h
fn=dl_main
30 1 0 0 0 0 0 1 0 0
33 1 1 1 0 0 0 1 0 0
36 1 0 0 0 0 0 1 0 0
39 1 0 0 0 0 0 1 0 0
45 1 0 0 0 0 0 1 0 0
fl=./elf/../sysdeps/unix/sysv/linux/dl-vdso.h
fn=dl_main
40 2 0 0 1 0 0 0 0 0
41 5 0 0 0 0 0 2 0 0
55 2 0 0 0 0 0 0 0 0
fl=./elf/../sysdeps/unix/sysv/linux/rseq-internal.h
fn=__tls_init_tp
32 3 0 0 1 0 0 0 0 0
34 7 0 0 0 0 0 0 0 0
37 2 1 1 0 0 0 0 0 0
40 1 0 0 0 0 0 1 0 0
fl=./elf/../sysdeps/unix/sysv/linux/x86/dl-minsigstacksize.h
fn=get_common_indices.constprop.0
24 2 1 1 1 0 0 0 0 0
27 2 0 0 1 0 0 0 0 0
28 2 0 0 1 0 0 0 0 0
65 3 0 0 0 0 0 0 0 0
72 1 0 0 0 0 0 0 0 0
74 1 1 1 0 0 0 1 0 0
fl=./elf/../sysdeps/x86/cpu-features.c
fn=get_common_indices.constprop.0
325 1 1 1 0 0 0 1 0 0
329 4 0 0 0 0 0 0 0 0
332 5 1 1 0 0 0 3 0 0
336 1 0 0 0 0 0 1 0 0
337 4 0 0 0 0 0 1 0 0
338 4 0 0 0 0 0 1 0 0
339 4 0 0 0 0 0 1 0 0
340 3 0 0 0 0 0 1 0 0
341 2 0 0 1 0 0 0 0 0
348 2 1 1 1 0 0 0 0 0
350 9 0 0 0 0 0 4 1 1
355 8 0 0 0 0 0 4 1 1
362 2 1 1 1 0 0 0 0 0
363 7 1 1 0 0 0 4 1 1
369 2 0 0 1 0 0 0 0 0
384 2 0 0 2 0 0 0 0 0
fn=init_cpu_features.constprop.0
303 3 0 0 0 0 0 0 0 0
304 2 0 0 0 0 0 0 0 0
305 6 1 1 0 0 0 4 0 0
310 2 0 0 0 0 0 0 0 0
311 6 1 1 0 0 0 4 0 0
316 2 0 0 0 0 0 0 0 0
317 7 1 1 0 0 0 4 0 0
399 7 1 1 0 0 0 6 0 0
402 1 0 0 0 0 0 1 0 0
403 1 0 0 0 0 0 1 0 0
404 1 0 0 0 0 0 1 0 0
415 3 0 0 0 0 0 1 0 0
418 6 1 1 0 0 0 0 0 0
419 1 1 1 0 0 0 0 0 0
422 2 0 0 0 0 0 1 0 0
424 6 1 1 0 0 0 1 0 0
429 1 0 0 0 0 0 1 0 0
431 3 0 0 1 0 0 0 0 0
433 5 1 1 2 0 0 1 0 0
434 15 2 2 0 0 0 0 0 0
489 3 0 0 1 0 0 0 0 0
503 1 1 1 1 0 0 0 0 0
513 9 0 0 1 1 1 0 0 0
555 1 1 1 1 0 0 0 0 0
556 1 0 0 0 0 0 0 0 0
564 2 0 0 1 0 0 0 0 0
571 2 1 1 1 0 0 0 0 0
573 1 0 0 1 0 0 0 0 0
577 2 0 0 1 0 0 0 0 0
583 2 0 0 1 0 0 0 0 0
585 1 0 0 0 0 0 0 0 0
687 3 1 1 1 0 0 0 0 0
688 1 0 0 1 0 0 0 0 0
691 2 0 0 0 0 0 0 0 0
692 1 0 0 1 0 0 0 0 0
698 1 0 0 0 0 0 1 0 0
699 1 0 0 0 0 0 1 0 0
700 1 1 1 0 0 0 1 0 0
701 2 0 0 1 0 0 1 0 0
706 4 0 0 0 0 0 1 0 0
710 3 0 0 1 0 0 0 0 0
723 2 0 0 0 0 0 0 0 0
724 4 0 0 1 0 0 0 0 0
770 1 0 0 0 0 0 1 0 0
771 2 1 1 1 0 0 0 0 0
775 3 1 1 1 0 0 0 0 0
792 2 1 1 0 0 0 0 0 0
793 3 0 0 1 0 0 0 0 0
795 3 0 0 0 0 0 0 0 0
796 2 0 0 1 0 0 0 0 0
798 4 0 0 0 0 0 0 0 0
799 1 0 0 0 0 0 0 0 0
802 1 0 0 0 0 0 1 0 0
874 9 0 0 7 0 0 0 0 0
fn=update_active.constprop.0
43 7 1 1 0 0 0 6 0 0
47 1 0 0 1 0 0 0 0 0
55 3 0 0 1 0 0 0 0 0
56 3 1 1 0 0 0 0 0 0
57 1 0 0 1 0 0 0 0 0
65 4 0 0 1 0 0 1 0 0
66 1 0 0 1 0 0 0 0 0
74 3 1 1 1 0 0 0 0 0
75 1 0 0 1 0 0 0 0 0
76 3 0 0 0 0 0 1 1 1
80 4 0 0 0 0 0 1 0 0
83 4 0 0 1 0 0 1 0 0
84 1 1 1 1 0 0 0 0 0
87 4 0 0 1 0 0 1 0 0
88 2 0 0 1 0 0 1 0 0
92 4 0 0 1 0 0 1 0 0
93 3 1 1 2 0 0 0 0 0
94 3 0 0 2 0 0 0 0 0
95 2 0 0 1 0 0 1 0 0
97 4 1 1 1 0 0 1 0 0
98 3 0 0 2 1 1 0 0 0
101 6 0 0 0 0 0 1 0 0
109 2 0 0 0 0 0 0 0 0
113 2 0 0 0 0 0 0 0 0
115 4 0 0 0 0 0 0 0 0
119 2 1 1 0 0 0 0 0 0
121 1 0 0 0 0 0 0 0 0
124 2 0 0 0 0 0 0 0 0
126 2 0 0 0 0 0 1 0 0
130 1 0 0 0 0 0 0 0 0
131 1 1 1 1 1 1 0 0 0
134 4 0 0 1 0 0 1 0 0
140 4 0 0 0 0 0 1 0 0
142 4 0 0 1 0 0 1 0 0
144 3 1 1 0 0 0 1 0 0
149 4 1 1 0 0 0 0 0 0
198 3 0 0 0 0 0 0 0 0
210 3 0 0 1 0 0 1 0 0
211 1 1 1 1 0 0 0 0 0
214 4 0 0 1 0 0 1 0 0
218 2 0 0 1 0 0 0 0 0
222 3 1 1 0 0 0 0 0 0
223 2 0 0 0 0 0 0 0 0
225 1 1 1 0 0 0 0 0 0
226 1 0 0 0 0 0 0 0 0
229 2 0 0 0 0 0 1 0 0
231 1 0 0 0 0 0 1 0 0
234 2 0 0 0 0 0 0 0 0
285 3 1 1 1 0 0 0 0 0
289 3 0 0 1 0 0 0 0 0
296 1 0 0 0 0 0 1 0 0
297 8 0 0 7 0 0 0 0 0
fl=./elf/../sysdeps/x86/dl-cacheinfo.h
fn=get_common_cache_info.constprop.0
481 9 1 1 0 0 0 6 0 0
496 1 0 0 1 0 0 0 0 0
497 1 0 0 1 0 0 0 0 0
498 2 0 0 1 0 0 1 0 0
499 1 0 0 1 0 0 0 0 0
500 1 0 0 1 0 0 0 0 0
506 1 1 1 0 0 0 1 0 0
508 9 0 0 3 0 0 0 0 0
511 2 0 0 0 0 0 0 0 0
523 1 0 0 0 0 0 0 0 0
528 3 0 0 1 0 0 0 0 0
532 2 0 0 0 0 0 0 0 0
537 6 1 1 0 0 0 2 0 0
540 24 1 1 0 0 0 2 0 0
546 8 0 0 0 0 0 0 0 0
547 8 1 1 0 0 0 0 0 0
550 26 0 0 0 0 0 0 0 0
555 2 0 0 0 0 0 0 0 0
559 3 1 1 0 0 0 1 0 0
560 1 0 0 0 0 0 0 0 0
564 6 0 0 0 0 0 0 0 0
568 3 0 0 0 0 0 0 0 0
571 4 0 0 0 0 0 1 0 0
572 1 0 0 0 0 0 0 0 0
577 4 0 0 0 0 0 0 0 0
583 4 0 0 0 0 0 0 0 0
591 8 1 1 2 0 0 0 0 0
593 2 0 0 0 0 0 0 0 0
595 5 0 0 1 0 0 0 0 0
597 11 1 1 0 0 0 0 0 0
600 2 0 0 0 0 0 0 0 0
601 9 0 0 0 0 0 1 0 0
603 4 1 1 0 0 0 0 0 0
606 2 0 0 0 0 0 0 0 0
611 1 0 0 1 0 0 0 0 0
613 4 0 0 0 0 0 0 0 0
614 4 0 0 0 0 0 1 0 0
615 1 0 0 0 0 0 0 0 0
618 2 0 0 0 0 0 0 0 0
621 2 1 1 0 0 0 0 0 0
625 2 0 0 1 0 0 0 0 0
628 1 1 1 0 0 0 0 0 0
630 4 0 0 0 0 0 0 0 0
631 1 0 0 0 0 0 0 0 0
636 2 0 0 0 0 0 0 0 0
641 3 0 0 1 0 0 0 0 0
642 2 1 1 0 0 0 1 0 0
643 2 0 0 0 0 0 0 0 0
644 3 0 0 0 0 0 0 0 0
645 2 0 0 1 0 0 0 0 0
680 4 1 1 0 0 0 0 0 0
681 5 0 0 0 0 0 0 0 0
685 2 0 0 1 0 0 0 0 0
692 1 0 0 0 0 0 1 0 0
693 1 0 0 0 0 0 1 0 0
694 1 0 0 0 0 0 1 0 0
695 7 0 0 7 0 0 0 0 0
fn=handle_intel.constprop.0
250 96 0 0 0 0 0 72 0 0
255 24 1 1 12 0 0 0 0 0
263 12 0 0 0 0 0 12 0 0
264 12 0 0 0 0 0 12 0 0
266 4 0 0 1 0 0 0 0 0
272 48 0 0 0 0 0 12 0 0
279 24 1 1 0 0 0 12 0 0
280 60 0 0 0 0 0 0 0 0
284 60 1 1 0 0 0 12 0 0
286 24 0 0 0 0 0 0 0 0
289 60 0 0 0 0 0 12 0 0
291 24 0 0 0 0 0 0 0 0
294 5 0 0 0 0 0 1 0 0
296 2 0 0 0 0 0 0 0 0
299 5 0 0 1 0 0 1 0 0
301 2 0 0 0 0 0 0 0 0
305 3 0 0 0 0 0 0 0 0
310 96 0 0 84 0 0 0 0 0
fn=init_cpu_features.constprop.0
706 1 0 0 0 0 0 1 0 0
707 1 0 0 0 0 0 1 0 0
709 1 0 0 0 0 0 1 0 0
723 2 0 0 0 0 0 0 0 0
725 3 2 2 0 0 0 1 0 0
726 4 0 0 0 0 0 2 0 0
727 4 0 0 0 0 0 2 0 0
728 1 0 0 0 0 0 1 0 0
731 3 0 0 0 0 0 2 0 0
733 3 1 1 0 0 0 1 0 0
734 1 0 0 0 0 0 1 0 0
736 3 0 0 0 0 0 2 0 0
738 3 0 0 0 0 0 2 0 0
739 1 0 0 0 0 0 1 0 0
741 3 1 1 0 0 0 2 0 0
743 3 0 0 0 0 0 2 0 0
744 1 0 0 0 0 0 1 0 0
746 3 0 0 0 0 0 2 0 0
748 3 0 0 0 0 0 1 0 0
750 3 0 0 0 0 0 1 0 0
752 5 1 1 0 0 0 1 0 0
848 1 0 0 0 0 0 1 1 1
849 1 0 0 0 0 0 1 0 0
850 1 0 0 0 0 0 1 0 0
851 2 1 1 1 0 0 1 0 0
852 2 0 0 1 0 0 1 0 0
853 2 0 0 1 0 0 1 0 0
854 2 0 0 1 0 0 1 1 1
855 2 1 1 1 0 0 1 0 0
856 2 0 0 1 0 0 1 0 0
857 1 0 0 0 0 0 1 0 0
858 1 1 1 0 0 0 1 0 0
859 1 0 0 0 0 0 1 0 0
873 10 0 0 3 0 0 0 0 0
878 1 0 0 0 0 0 0 0 0
879 6 1 1 2 0 0 0 0 0
887 1 0 0 1 0 0 0 0 0
888 2 0 0 0 0 0 0 0 0
899 7 1 1 1 0 0 0 0 0
910 2 0 0 0 0 0 0 0 0
911 1 0 0 1 0 0 0 0 0
918 10 1 1 0 0 0 0 0 0
936 3 0 0 1 0 0 0 0 0
944 6 1 1 1 0 0 2 0 0
946 2 0 0 0 0 0 0 0 0
949 5 0 0 1 0 0 1 0 0
951 2 0 0 0 0 0 0 0 0
954 5 1 1 1 0 0 1 0 0
955 5 0 0 0 0 0 0 0 0
959 7 0 0 1 0 0 3 0 0
961 2 1 1 0 0 0 0 0 0
966 6 0 0 1 0 0 2 0 0
969 9 1 1 1 0 0 4 0 0
970 8 0 0 1 0 0 4 0 0
971 11 1 1 2 0 0 4 0 0
974 10 1 1 1 0 0 4 0 0
976 9 1 1 1 0 0 4 0 0
986 4 0 0 3 0 0 0 0 0
992 1 0 0 0 0 0 1 0 0
993 1 0 0 0 0 0 1 0 0
994 1 0 0 0 0 0 1 0 0
995 2 1 1 0 0 0 1 0 0
996 2 1 1 1 0 0 1 0 0
997 1 0 0 0 0 0 1 0 0
fn=intel_check_word.constprop.0
110 690 1 1 345 8 8 0 0 0
113 345 0 0 0 0 0 0 0 0
119 104 0 0 0 0 0 78 0 0
123 78 1 1 0 0 0 0 0 0
125 15 0 0 0 0 0 0 0 0
129 156 0 0 0 0 0 0 0 0
131 154 0 0 0 0 0 0 0 0
133 63 0 0 0 0 0 0 0 0
135 126 0 0 0 0 0 0 0 0
143 126 1 1 0 0 0 0 0 0
152 12 0 0 0 0 0 0 0 0
155 123 0 0 0 0 0 0 0 0
158 99 0 0 0 0 0 0 0 0
162 64 1 1 0 0 0 0 0 0
164 192 0 0 0 0 0 0 0 0
165 24 0 0 0 0 0 0 0 0
167 120 0 0 0 0 0 0 0 0
168 72 1 1 0 0 0 0 0 0
169 60 0 0 0 0 0 0 0 0
170 48 0 0 0 0 0 0 0 0
172 11 1 1 0 0 0 0 0 0
174 22 0 0 0 0 0 0 0 0
176 12 1 1 0 0 0 0 0 0
177 16 0 0 0 0 0 0 0 0
178 12 1 1 0 0 0 0 0 0
179 20 0 0 0 0 0 0 0 0
180 14 0 0 0 0 0 0 0 0
181 12 0 0 0 0 0 0 0 0
183 8 0 0 0 0 0 0 0 0
184 12 0 0 0 0 0 0 0 0
187 21 0 0 0 0 0 0 0 0
194 204 0 0 0 0 0 0 0 0
202 175 0 0 50 0 0 0 0 0
216 51 0 0 0 0 0 0 0 0
246 104 0 0 104 0 0 0 0 0
fl=./elf/../sysdeps/x86/dl-get-cpu-features.c
fn=__x86_cpu_features
39 3 1 1 1 1 0 0 0 0
71 2 0 0 1 0 0 0 0 0
fn=_dl_x86_init_cpu_features
39 3 1 1 1 0 0 0 0 0
41 1 0 0 0 0 0 0 0 0
fl=./elf/../sysdeps/x86/dl-hwcap.h
fn=_dl_important_hwcaps
57 6 0 0 1 0 0 0 0 0
fl=./elf/../sysdeps/x86/dl-procinfo.h
fn=search_cache
39 8 0 0 0 0 0 0 0 0
42 28 1 1 0 0 0 8 0 0
fl=./elf/../sysdeps/x86/dl-prop.h
fn=_dl_map_object_from_fd
95 28 1 1 14 0 0 0 0 0
100 4 1 1 0 0 0 2 0 0
101 2 0 0 0 0 0 2 0 0
102 2 0 0 0 0 0 0 0 0
103 2 0 0 0 0 0 0 0 0
105 18 0 0 0 0 0 0 0 0
108 6 0 0 2 0 0 0 0 0
109 4 0 0 2 0 0 0 0 0
110 4 1 1 2 0 0 0 0 0
114 6 0 0 2 0 0 0 0 0
118 6 0 0 0 0 0 2 0 0
121 6 0 0 2 0 0 0 0 0
122 4 0 0 0 0 0 0 0 0
126 2 0 0 0 0 0 0 0 0
127 8 1 1 0 0 0 4 0 0
131 4 1 1 2 0 0 0 0 0
132 2 0 0 2 0 0 0 0 0
135 4 0 0 0 0 0 0 0 0
138 2 0 0 0 0 0 0 0 0
139 8 0 0 0 0 0 0 0 0
144 8 0 0 0 0 0 0 0 0
151 4 1 1 0 0 0 0 0 0
164 4 0 0 0 0 0 0 0 0
167 8 0 0 4 1 1 0 0 0
192 2 0 0 0 0 0 0 0 0
193 8 0 0 0 0 0 0 0 0
198 16 1 1 4 0 0 0 0 0
200 8 0 0 2 0 0 2 0 0
201 2 0 0 0 0 0 2 0 0
202 2 0 0 0 0 0 2 0 0
203 4 0 0 0 0 0 2 0 0
212 16 0 0 14 0 0 0 0 0
213 7 0 0 7 0 0 0 0 0
fn=dl_main
36 2 1 1 2 0 0 0 0 0
37 24 0 0 0 0 0 0 0 0
40 10 0 0 10 0 0 0 0 0
49 40 1 1 13 1 0 0 0 0
53 39 0 0 7 2 0 0 0 0
95 8 0 0 4 0 0 0 0 0
100 2 0 0 0 0 0 1 0 0
101 1 0 0 0 0 0 1 0 0
102 1 1 1 0 0 0 0 0 0
103 1 0 0 0 0 0 0 0 0
105 10 0 0 0 0 0 0 0 0
108 3 1 1 1 0 0 0 0 0
109 2 0 0 1 0 0 0 0 0
110 2 0 0 1 0 0 0 0 0
114 3 0 0 1 0 0 0 0 0
118 3 0 0 0 0 0 1 0 0
121 3 1 1 1 0 0 0 0 0
122 2 0 0 0 0 0 0 0 0
126 1 0 0 0 0 0 0 0 0
127 5 0 0 0 0 0 3 0 0
131 2 1 1 1 0 0 0 0 0
132 1 0 0 1 0 0 0 0 0
135 2 1 1 0 0 0 0 0 0
138 1 0 0 0 0 0 0 0 0
139 4 0 0 0 0 0 0 0 0
144 4 0 0 0 0 0 0 0 0
151 2 0 0 0 0 0 0 0 0
164 2 1 1 0 0 0 0 0 0
167 1 0 0 1 0 0 0 0 0
170 4 0 0 2 0 0 0 0 0
192 1 0 0 0 0 0 0 0 0
193 4 0 0 0 0 0 0 0 0
198 9 1 1 2 0 0 0 0 0
200 4 1 1 1 0 0 1 0 0
201 1 0 0 0 0 0 1 0 0
202 1 0 0 0 0 0 1 0 0
203 2 0 0 0 0 0 1 0 0
212 5 0 0 4 0 0 0 0 0
213 2 0 0 2 0 0 0 0 0
fl=./elf/../sysdeps/x86/get-isa-level.h
fn=_dl_hwcaps_subdirs_active
30 2 0 0 0 0 0 0 0 0
31 3 1 1 1 0 0 0 0 0
32 3 0 0 1 0 0 0 0 0
36 3 1 1 0 0 0 0 0 0
39 4 0 0 1 0 0 0 0 0
40 4 0 0 1 0 0 0 0 0
45 4 0 0 0 0 0 0 0 0
48 2 1 1 0 0 0 0 0 0
51 5 0 0 1 0 0 0 0 0
53 4 0 0 0 0 0 0 0 0
54 2 0 0 0 0 0 0 0 0
55 2 0 0 0 0 0 0 0 0
58 2 0 0 0 0 0 0 0 0
61 2 0 0 0 0 0 0 0 0
fn=update_active.constprop.0
28 1 0 0 0 0 0 0 0 0
30 2 0 0 0 0 0 0 0 0
31 2 0 0 0 0 0 0 0 0
32 3 1 1 0 0 0 0 0 0
36 3 0 0 0 0 0 0 0 0
38 1 0 0 0 0 0 0 0 0
39 3 2 2 1 0 0 0 0 0
40 4 0 0 1 0 0 0 0 0
45 4 0 0 0 0 0 0 0 0
47 1 0 0 0 0 0 0 0 0
48 2 0 0 0 0 0 0 0 0
51 5 1 1 1 0 0 0 0 0
53 4 0 0 0 0 0 0 0 0
54 2 0 0 0 0 0 0 0 0
55 2 1 1 0 0 0 0 0 0
57 1 0 0 0 0 0 0 0 0
58 2 0 0 0 0 0 0 0 0
61 2 0 0 0 0 0 0 0 0
fl=./elf/../sysdeps/x86_64/dl-hwcaps-subdirs.c
fn=_dl_hwcaps_subdirs_active
38 3 0 0 0 0 0 0 0 0
43 1 0 0 0 0 0 0 0 0
48 1 1 1 0 0 0 0 0 0
52 1 0 0 1 0 0 0 0 0
fl=./elf/../sysdeps/x86_64/dl-irel.h
fn=_dl_fixup
32 9 4 1 0 0 0 9 0 0
fl=./elf/../sysdeps/x86_64/dl-machine.h
fn=_dl_fixup
220 122 2 2 0 0 0 122 0 0
fn=_dl_relocate_object
72 28 0 0 7 0 0 0 0 0
78 20 0 0 15 4 0 0 0 0
82 15 1 1 5 5 5 0 0 0
88 5 0 0 0 0 0 5 0 0
98 10 0 0 0 0 0 0 0 0
118 10 0 0 5 1 0 0 0 0
121 10 0 0 0 0 0 5 0 0
123 20 2 2 5 3 0 0 0 0
126 5 0 0 0 0 0 0 0 0
253 6782 1 1 0 0 0 0 0 0
260 6782 0 0 0 0 0 0 0 0
264 6782 0 0 0 0 0 0 0 0
273 27050 6 6 10134 7 0 0 0 0
276 13489 0 0 3359 0 0 0 0 0
277 6760 1 1 0 0 0 0 0 0
278 6752 0 0 0 0 0 0 0 0
303 20346 1 1 3391 8 3 0 0 0
330 6 1 1 0 0 0 0 0 0
331 9 0 0 6 2 0 3 2 1
336 6 0 0 2 0 0 0 0 0
338 4 0 0 4 0 0 0 0 0
347 4 0 0 2 0 0 2 0 0
384 54 1 1 18 0 0 0 0 0
386 72 0 0 18 0 0 0 0 0
390 54 0 0 36 2 2 0 0 0
399 36 0 0 18 0 0 18 6 6
407 9446 0 0 6081 350 350 3365 1180 433
444 9 1 1 3 0 0 0 0 0
448 12 0 0 3 0 0 6 0 0
449 12 0 0 6 0 0 0 0 0
450 15 1 1 9 0 0 0 0 0
451 6 0 0 0 0 0 0 0 0
460 4 0 0 4 0 0 0 0 0
461 6 0 0 2 0 0 0 0 0
462 2 0 0 0 0 0 2 0 0
463 2 0 0 0 0 0 2 2 1
482 2709 0 0 903 112 112 0 0 0
483 903 0 0 0 0 0 903 250 244
487 1806 0 0 0 0 0 0 0 0
488 1806 0 0 903 114 114 0 0 0
498 2400 0 0 1200 0 0 0 0 0
502 2286 0 0 0 0 0 0 0 0
505 3429 0 0 1143 0 0 0 0 0
506 1143 0 0 1143 150 150 0 0 0
532 114 0 0 114 0 0 0 0 0
533 171 0 0 57 0 0 0 0 0
534 57 0 0 0 0 0 57 0 0
535 57 0 0 0 0 0 57 0 0
fn=_dl_start
72 1 0 0 1 0 0 0 0 0
264 21 1 1 0 0 0 0 0 0
273 59 1 1 21 7 7 1 1 1
276 14 0 0 7 0 0 0 0 0
277 28 0 0 0 0 0 0 0 0
303 21 0 0 0 0 0 0 0 0
307 6 0 0 0 0 0 6 2 2
fn=_dl_sysdep_start
206 1 0 0 0 0 0 1 0 0
fl=./elf/../sysdeps/x86_64/dl-runtime.h
fn=_dl_fixup
28 122 0 0 0 0 0 0 0 0
fl=./elf/../sysdeps/x86_64/dl-trampoline.h
fn=_dl_runtime_resolve_xsave
76 122 3 2 0 0 0 122 0 0
79 122 0 0 0 0 0 0 0 0
81 122 0 0 0 0 0 0 0 0
91 122 0 0 122 5 1 0 0 0
97 122 0 0 0 0 0 122 5 1
98 122 0 0 0 0 0 122 0 0
99 122 0 0 0 0 0 122 0 0
100 122 3 2 0 0 0 122 0 0
101 122 0 0 0 0 0 122 0 0
102 122 0 0 0 0 0 122 0 0
103 122 0 0 0 0 0 122 0 0
107 122 0 0 0 0 0 0 0 0
108 122 0 0 0 0 0 0 0 0
111 122 0 0 0 0 0 122 3 1
112 122 0 0 0 0 0 122 0 0
114 122 0 0 0 0 0 122 0 0
115 122 0 0 0 0 0 122 0 0
116 122 0 0 0 0 0 122 0 0
117 122 3 2 0 0 0 122 0 0
118 122 0 0 0 0 0 122 0 0
119 122 0 0 0 0 0 122 0 0
121 122 0 0 122 0 0 4026 33 9
128 122 0 0 122 0 0 0 0 0
129 122 0 0 122 0 0 0 0 0
130 122 0 0 0 0 0 122 5 0
131 122 0 0 0 0 0 0 0 0
136 122 0 0 0 0 0 0 0 0
137 122 0 0 0 0 0 0 0 0
138 122 0 0 4392 0 0 0 0 0
140 122 0 0 122 0 0 0 0 0
141 122 3 2 122 0 0 0 0 0
142 122 0 0 122 0 0 0 0 0
143 122 0 0 122 0 0 0 0 0
144 122 0 0 122 0 0 0 0 0
145 122 0 0 122 0 0 0 0 0
146 122 0 0 122 0 0 0 0 0
148 122 0 0 0 0 0 0 0 0
150 122 0 0 122 0 0 0 0 0
154 122 0 0 0 0 0 0 0 0
156 122 0 0 0 0 0 0 0 0
fl=./elf/../sysdeps/x86_64/tls_get_addr.S
fn=__tls_get_addr
30 79 2 1 79 0 0 0 0 0
31 79 0 0 79 7 1 0 0 0
33 79 0 0 79 7 1 0 0 0
34 79 0 0 0 0 0 0 0 0
35 79 0 0 79 7 1 0 0 0
38 79 0 0 0 0 0 0 0 0
39 79 0 0 79 0 0 0 0 0
43 79 0 0 0 0 0 0 0 0
44 79 0 0 0 0 0 0 0 0
45 79 0 0 79 0 0 0 0 0
46 79 0 0 79 0 0 0 0 0
fl=./elf/./dl-find_object.h
fn=_dl_find_object_from_map
95 14 1 1 7 4 0 7 2 2
96 14 0 0 7 0 0 7 0 0
97 7 0 0 0 0 0 7 3 3
103 35 0 0 14 6 0 0 0 0
104 176 0 0 0 0 0 0 0 0
105 122 1 1 61 52 6 0 0 0
107 21 0 0 14 2 0 7 0 0
112 7 0 0 7 0 0 0 0 0
fl=./elf/./dl-hwcaps.h
fn=_dl_important_hwcaps
54 9 0 0 1 0 0 4 0 0
56 7 0 0 0 0 0 4 0 0
57 1 0 0 0 0 0 0 0 0
88 5 1 1 2 0 0 3 0 0
89 8 0 0 2 0 0 3 0 0
90 3 0 0 0 0 0 0 0 0
fn=copy_hwcaps
54 2 0 0 0 0 0 2 1 1
56 4 0 0 0 0 0 2 0 0
88 2 0 0 0 0 0 2 0 0
89 2 0 0 0 0 0 2 0 0
90 2 0 0 0 0 0 0 0 0
fl=./elf/./dl-load.h
fn=_dl_map_object_from_fd
91 40 0 0 0 0 0 0 0 0
92 15 0 0 10 0 0 5 0 0
94 40 1 1 20 0 0 0 0 0
95 16 1 1 8 0 0 0 0 0
96 24 1 1 8 0 0 0 0 0
97 16 0 0 4 0 0 0 0 0
99 16 0 0 0 0 0 4 0 0
fl=./elf/./dl-main.h
fn=dl_main
112 5 2 2 4 0 0 1 0 0
fl=./elf/./dl-map-segments.h
fn=_dl_map_object_from_fd
28 15 1 1 5 0 0 0 0 0
29 50 1 1 25 0 0 10 0 0
101 5 0 0 0 0 0 5 0 0
102 15 0 0 5 0 0 0 0 0
105 15 1 1 5 0 0 5 0 0
106 10 0 0 0 0 0 5 0 0
108 10 0 0 5 0 0 0 0 0
125 5 1 1 5 0 0 0 0 0
127 5 0 0 5 0 0 0 0 0
135 120 0 0 20 0 0 0 0 0
137 60 1 1 30 0 0 0 0 0
139 165 0 0 60 0 0 30 0 0
140 15 0 0 15 0 0 0 0 0
149 80 0 0 40 0 0 0 0 0
155 10 0 0 5 0 0 0 0 0
156 5 0 0 0 0 0 0 0 0
157 25 1 1 5 0 0 0 0 0
158 10 0 0 0 0 0 0 0 0
165 10 0 0 0 0 0 0 0 0
168 10 0 0 0 0 0 0 0 0
176 45 0 0 10 0 0 15 0 0
182 10 0 0 0 0 0 0 0 0
186 16 1 1 0 0 0 2 0 0
189 4 1 1 0 0 0 0 0 0
194 20 1 1 0 0 0 0 0 0
fl=./elf/./dl-sym-post.h
fn=lookup_malloc_symbol
41 8 0 0 0 0 0 0 0 0
53 12 0 0 4 0 0 0 0 0
fl=./elf/./dl-tunable-types.h
fn=do_tunable_update_val
90 10 1 1 0 0 0 0 0 0
fl=./elf/./elf/dl-audit.c
fn=_dl_audit_activity_map
29 7 0 0 0 0 0 6 0 0
30 1 0 0 1 0 0 0 0 0
31 3 1 1 1 0 0 0 0 0
37 8 1 1 7 0 0 0 0 0
fn=_dl_audit_activity_nsid
45 4 1 1 1 0 0 0 0 0
47 3 0 0 1 0 0 0 0 0
51 1 0 0 1 0 0 0 0 0
fn=_dl_audit_objopen
78 20 1 1 10 0 0 0 0 0
fn=_dl_audit_preinit
119 4 1 1 2 1 0 0 0 0
fl=./elf/./elf/dl-cache.c
fn=_dl_cache_libcmp
367 42 1 1 0 0 0 0 0 0
368 702 0 0 234 0 0 0 0 0
370 690 0 0 0 0 0 0 0 0
372 468 0 0 230 35 35 0 0 0
378 12 0 0 0 0 0 0 0 0
379 12 0 0 0 0 0 0 0 0
380 16 1 1 4 0 0 0 0 0
382 16 0 0 4 0 0 0 0 0
384 8 0 0 0 0 0 0 0 0
390 452 0 0 0 0 0 0 0 0
392 452 0 0 0 0 0 0 0 0
393 114 0 0 38 0 0 0 0 0
396 188 1 1 0 0 0 0 0 0
397 188 0 0 0 0 0 0 0 0
400 12 0 0 8 0 0 0 0 0
fn=_dl_load_cache_lookup
413 20 1 1 0 0 0 8 0 0
415 8 0 0 4 0 0 0 0 0
418 12 1 1 4 0 0 0 0 0
421 6 2 2 0 0 0 2 0 0
429 6 0 0 2 0 0 0 0 0
430 8 1 1 3 1 1 0 0 0
433 6 0 0 0 0 0 0 0 0
434 1 0 0 1 0 0 0 0 0
441 1 1 1 0 0 0 1 0 0
442 2 0 0 0 0 0 1 0 0
487 9 0 0 3 0 0 0 0 0
492 12 0 0 4 0 0 0 0 0
495 24 0 0 4 0 0 4 0 0
510 8 1 1 4 0 0 0 0 0
514 8 0 0 0 0 0 0 0 0
522 12 0 0 0 0 0 4 0 0
523 20 0 0 0 0 0 0 0 0
524 12 0 0 0 0 0 4 0 0
525 4 1 1 0 0 0 4 0 0
526 12 0 0 12 0 0 0 0 0
fn=_dl_unload_cache
535 1 1 0 0 0 0 0 0 0
536 4 1 1 1 1 0 0 0 0
538 2 0 0 1 1 0 1 0 0
539 1 0 0 0 0 0 1 0 0
543 1 0 0 0 0 0 1 0 0
545 2 0 0 1 0 0 0 0 0
fn=search_cache
194 76 0 0 0 0 0 0 0 0
206 52 2 2 0 0 0 40 1 1
208 4 0 0 4 0 0 0 0 0
211 24 1 1 4 0 0 8 0 0
213 76 2 2 20 0 0 16 0 0
214 8 0 0 0 0 0 0 0 0
216 24 0 0 8 0 0 4 0 0
228 76 0 0 0 0 0 0 0 0
230 190 1 1 0 0 0 0 0 0
231 80 0 0 42 30 30 0 0 0
235 76 0 0 0 0 0 0 0 0
236 44 1 1 12 0 0 4 0 0
239 114 0 0 38 0 0 38 0 0
240 76 0 0 0 0 0 0 0 0
248 16 0 0 0 0 0 0 0 0
250 8 0 0 4 0 0 0 0 0
253 8 0 0 0 0 0 0 0 0
255 24 0 0 0 0 0 4 0 0
257 4 0 0 0 0 0 0 0 0
267 8 0 0 0 0 0 0 0 0
277 8 1 1 4 0 0 0 0 0
278 12 0 0 4 0 0 0 0 0
285 8 0 0 4 0 0 0 0 0
294 8 1 1 0 0 0 0 0 0
303 8 0 0 4 0 0 0 0 0
306 8 0 0 4 0 0 0 0 0
311 4 0 0 0 0 0 0 0 0
312 12 0 0 4 0 0 0 0 0
340 8 0 0 0 0 0 4 0 0
356 34 0 0 0 0 0 0 0 0
357 19 1 1 0 0 0 0 0 0
359 15 0 0 0 0 0 0 0 0
363 36 1 1 32 0 0 0 0 0
fl=./elf/./elf/dl-call-libc-early-init.c
fn=_dl_call_libc_early_init
27 3 0 0 0 0 0 2 0 0
29 2 0 0 0 0 0 0 0 0
33 7 1 1 0 0 0 1 0 0
37 2 0 0 0 0 0 0 0 0
39 4 0 0 3 0 0 0 0 0
40 2 0 0 0 0 0 0 0 0
41 3 0 0 2 0 0 0 0 0
fl=./elf/./elf/dl-debug.c
fn=_dl_debug_initialize
56 1 1 1 0 0 0 0 0 0
57 3 1 1 0 0 0 0 0 0
59 2 0 0 0 0 0 0 0 0
63 3 0 0 1 1 1 0 0 0
64 1 0 0 0 0 0 1 0 0
85 3 0 0 1 0 0 0 0 0
90 3 2 2 1 0 0 1 0 0
91 2 0 0 0 0 0 1 0 0
92 1 0 0 0 0 0 1 0 0
95 3 0 0 2 0 0 0 0 0
96 6 1 1 1 0 0 1 0 0
99 2 0 0 0 0 0 0 0 0
107 2 0 0 1 0 0 0 0 0
fn=_dl_debug_state
117 2 1 1 2 0 0 0 0 0
fn=_dl_debug_update
40 12 0 0 0 0 0 0 0 0
41 6 0 0 0 0 0 0 0 0
44 12 1 1 6 1 0 0 0 0
48 6 0 0 6 0 0 0 0 0
fl=./elf/./elf/dl-deps.c
fn=_dl_map_object_deps
128 6 0 0 0 0 0 3 2 2
129 5 0 0 0 0 0 2 0 0
130 6 1 1 0 0 0 1 0 0
132 2 0 0 0 0 0 1 0 0
136 8 1 1 2 0 0 2 0 0
143 13 1 1 0 0 0 7 1 1
144 9 2 2 0 0 0 0 0 0
160 8 0 0 0 0 0 0 0 0
161 1 0 0 1 0 0 0 0 0
164 2 1 1 1 0 0 1 0 0
182 1 0 0 1 0 0 0 0 0
183 6 1 1 4 0 0 0 0 0
184 1 0 0 0 0 0 1 0 0
188 13 0 0 7 0 0 0 0 0
190 37 1 1 0 0 0 20 0 0
193 7 1 1 0 0 0 7 0 0
197 21 0 0 7 2 0 0 0 0
198 53 2 2 20 0 0 0 0 0
201 15 0 0 0 0 0 0 0 0
205 10 0 0 5 0 0 0 0 0
208 22 0 0 11 3 2 0 0 0
210 20 1 1 15 0 0 0 0 0
215 5 1 1 0 0 0 5 0 0
216 5 0 0 0 0 0 5 0 0
217 5 0 0 0 0 0 5 0 0
218 10 0 0 5 0 0 5 0 0
221 606 1 1 164 5 0 5 0 0
222 278 1 1 0 0 0 0 0 0
228 104 1 1 22 0 0 15 1 1
230 11 0 0 0 0 0 11 0 0
232 44 2 2 0 0 0 11 0 0
233 22 0 0 11 0 0 0 0 0
242 11 0 0 11 0 0 0 0 0
244 22 0 0 11 0 0 0 0 0
249 15 1 1 0 0 0 0 0 0
252 5 0 0 0 0 0 5 0 0
253 5 0 0 0 0 0 5 0 0
254 5 0 0 0 0 0 5 0 0
255 10 0 0 5 0 0 5 0 0
257 5 0 0 5 0 0 0 0 0
259 25 0 0 5 0 0 10 0 0
263 33 0 0 11 0 0 0 0 0
264 24 0 0 0 0 0 8 1 1
266 384 1 1 0 0 0 0 0 0
417 14 0 0 0 0 0 0 0 0
419 20 1 1 0 0 0 10 0 0
422 15 0 0 0 0 0 5 0 0
423 20 1 1 10 0 0 0 0 0
429 5 0 0 0 0 0 5 1 1
430 25 0 0 0 0 0 10 0 0
431 30 0 0 5 0 0 5 0 0
434 5 0 0 0 0 0 5 0 0
435 5 0 0 5 0 0 0 0 0
439 21 0 0 7 0 0 0 0 0
441 7 1 1 7 0 0 0 0 0
442 32 0 0 6 0 0 0 0 0
448 5 1 1 1 0 0 0 0 0
449 2 0 0 0 0 0 1 0 0
452 4 0 0 1 0 0 1 0 0
463 5 1 1 1 0 0 2 0 0
465 4 1 1 2 0 0 0 0 0
470 4 0 0 1 0 0 1 0 0
471 1 0 0 0 0 0 1 0 0
472 1 0 0 0 0 0 0 0 0
474 23 0 0 7 0 0 0 0 0
478 21 1 1 7 0 0 0 0 0
483 14 0 0 0 0 0 0 0 0
485 21 0 0 0 0 0 7 2 2
490 7 0 0 7 0 0 0 0 0
495 3 0 0 1 0 0 0 0 0
532 2 1 1 0 0 0 0 0 0
533 2 0 0 0 0 0 0 0 0
536 1 0 0 1 0 0 0 0 0
547 9 2 2 2 0 0 3 0 0
552 9 1 1 1 0 0 2 0 0
553 5 1 1 2 0 0 1 0 0
557 1 0 0 0 0 0 1 0 0
559 2 0 0 1 0 0 1 0 0
560 1 0 0 1 0 0 0 0 0
561 3 0 0 1 0 0 0 0 0
568 3 1 1 1 0 0 0 0 0
571 2 0 0 0 0 0 0 0 0
574 8 0 0 7 0 0 0 0 0
fn=openaux
61 22 0 0 0 0 0 11 0 0
64 121 0 0 44 0 0 22 0 0
65 11 0 0 11 0 0 0 0 0
68 11 0 0 11 0 0 0 0 0
69 22 0 0 22 0 0 0 0 0
fl=./elf/./elf/dl-environ.c
fn=_dl_next_ld_env_entry
29 3 1 1 3 0 0 0 0 0
32 190 0 0 63 0 0 0 0 0
34 124 1 1 62 0 0 0 0 0
35 14 0 0 7 0 0 0 0 0
37 2 0 0 0 0 0 0 0 0
40 4 0 0 0 0 0 2 0 0
42 2 0 0 2 0 0 0 0 0
45 60 0 0 0 0 0 0 0 0
49 1 0 0 1 0 0 0 0 0
fl=./elf/./elf/dl-error-skeleton.c
fn=_dl_catch_error
225 9 1 1 0 0 0 3 0 0
227 2 0 0 0 0 0 1 0 0
228 2 0 0 1 0 0 1 0 0
229 2 0 0 1 0 0 1 0 0
230 2 1 1 1 0 0 1 0 0
232 5 0 0 4 0 0 0 0 0
fn=_dl_catch_exception
175 48 1 1 0 0 0 36 4 4
178 24 0 0 0 0 0 0 0 0
180 24 0 0 12 0 0 12 0 0
185 12 1 1 0 0 0 0 0 0
199 24 0 0 12 0 0 12 0 0
200 24 0 0 0 0 0 12 0 0
203 24 1 1 0 0 0 12 0 0
206 60 0 0 0 0 0 12 0 0
208 36 0 0 24 0 0 12 0 0
209 24 0 0 12 0 0 12 0 0
210 48 0 0 12 0 0 24 0 0
219 24 0 0 12 0 0 0 0 0
fn=_dl_receive_error
238 5 0 0 0 0 0 2 0 0
239 1 0 0 1 0 0 0 0 0
240 1 0 0 1 0 0 0 0 0
243 1 1 1 0 0 0 1 0 0
244 1 0 0 0 0 0 1 0 0
246 1 0 0 0 0 0 1 0 0
248 1 0 0 0 0 0 1 0 0
249 1 0 0 0 0 0 1 0 0
250 4 0 0 3 0 0 0 0 0
fl=./elf/./elf/dl-find_object.c
fn=_dl_find_object_init
561 3 1 1 0 0 0 2 0 0
564 1 0 0 1 1 0 0 0 0
566 2 0 0 1 0 0 0 0 0
567 3 2 2 0 0 0 1 0 0
579 2 1 1 0 0 0 1 0 0
580 3 0 0 1 0 0 1 0 0
582 2 0 0 0 0 0 0 0 0
585 2 0 0 0 0 0 0 0 0
590 1 1 1 0 0 0 1 0 0
591 1 0 0 0 0 0 1 0 0
594 3 0 0 1 0 0 0 0 0
596 2 0 0 0 0 0 1 0 0
599 6 0 0 3 0 0 1 0 0
601 1 0 0 0 0 0 0 0 0
604 4 0 0 3 0 0 0 0 0
fn=_dlfo_process_initial
474 4 0 0 0 0 0 2 0 0
475 2 0 0 2 0 0 0 0 0
477 2 0 0 0 0 0 0 0 0
478 4 1 1 2 0 0 0 0 0
504 22 1 1 4 1 0 0 0 0
505 34 0 0 2 0 0 0 0 0
506 14 0 0 14 1 0 0 0 0
508 52 1 1 12 0 0 0 0 0
511 48 0 0 12 0 0 0 0 0
513 36 1 1 12 0 0 0 0 0
515 12 0 0 0 0 0 6 0 0
516 12 0 0 0 0 0 0 0 0
517 24 0 0 0 0 0 0 0 0
529 2 0 0 0 0 0 2 0 0
531 8 0 0 4 0 0 0 0 0
fn=_dlfo_sort_mappings
537 2 1 1 0 0 0 0 0 0
540 24 0 0 5 0 0 0 0 0
544 10 0 0 5 0 0 0 0 0
545 70 1 1 0 0 0 0 0 0
546 85 0 0 15 0 0 0 0 0
553 20 0 0 10 0 0 0 0 0
554 25 0 0 10 0 0 10 0 0
555 10 0 0 0 0 0 10 0 0
557 1 0 0 1 0 0 0 0 0
fl=./elf/./elf/dl-hwcaps.c
fn=_dl_important_hwcaps
55 16 2 2 0 0 0 4 0 0
57 2 0 0 0 0 0 0 0 0
58 6 0 0 2 0 0 0 0 0
59 2 0 0 0 0 0 0 0 0
103 4 0 0 0 0 0 2 0 0
105 3 1 1 1 0 0 0 0 0
108 1 0 0 0 0 0 1 0 0
111 2 0 0 0 0 0 1 0 0
115 4 1 1 0 0 0 1 0 0
117 1 0 0 0 0 0 0 0 0
128 12 1 1 0 0 0 3 0 0
130 10 0 0 4 0 0 2 1 1
131 4 0 0 2 0 0 2 0 0
132 4 0 0 0 0 0 2 0 0
133 2 0 0 0 0 0 0 0 0
136 5 0 0 1 0 0 0 0 0
145 14 0 0 7 0 0 1 0 0
146 10 0 0 0 0 0 1 0 0
148 8 1 1 1 0 0 5 0 0
154 2 1 1 2 0 0 0 0 0
158 7 1 1 2 0 0 1 0 0
159 3 0 0 1 0 0 0 0 0
160 3 0 0 0 0 0 0 0 0
164 1 0 0 1 0 0 0 0 0
165 3 0 0 1 0 0 1 0 0
166 2 0 0 0 0 0 2 0 0
175 13 2 2 0 0 0 10 3 3
176 6 0 0 1 0 0 1 1 1
178 2 0 0 1 0 0 1 0 0
179 4 0 0 1 0 0 1 0 0
187 2 0 0 0 0 0 2 0 0
188 4 1 1 1 0 0 0 0 0
198 2 1 1 0 0 0 1 0 0
199 4 0 0 0 0 0 1 0 0
203 17 0 0 1 0 0 0 0 0
204 6 0 0 0 0 0 0 0 0
205 4 1 1 0 0 0 0 0 0
208 1 0 0 0 0 0 0 0 0
228 6 0 0 0 0 0 2 0 0
230 8 0 0 3 0 0 0 0 0
231 4 0 0 2 0 0 2 1 1
233 1 0 0 0 0 0 1 0 0
234 2 0 0 0 0 0 2 0 0
235 9 1 1 0 0 0 3 0 0
236 3 1 1 0 0 0 0 0 0
238 3 0 0 1 0 0 0 0 0
240 2 1 1 0 0 0 1 0 0
241 2 0 0 1 0 0 1 0 0
242 3 0 0 0 0 0 0 0 0
245 5 0 0 0 0 0 1 0 0
246 1 0 0 0 0 0 1 0 0
249 3 1 1 1 0 0 0 0 0
253 2 0 0 0 0 0 0 0 0
254 4 1 1 1 0 0 2 0 0
257 4 0 0 2 0 0 1 0 0
258 2 0 0 0 0 0 0 0 0
260 3 1 1 0 0 0 0 0 0
261 4 0 0 0 0 0 0 0 0
262 4 0 0 1 0 0 0 0 0
263 2 1 1 0 0 0 0 0 0
270 4 0 0 1 0 0 0 0 0
274 9 0 0 2 0 0 2 1 1
281 5 1 1 1 0 0 1 0 0
282 2 0 0 0 0 0 0 0 0
289 1 1 1 0 0 0 1 0 0
290 6 0 0 2 0 0 2 0 0
291 5 0 0 1 0 0 1 0 0
292 5 1 1 2 0 0 1 0 0
295 1 0 0 1 0 0 0 0 0
296 1 0 0 1 0 0 0 0 0
303 4 0 0 2 0 0 0 0 0
305 1 0 0 0 0 0 1 0 0
314 2 0 0 1 0 0 1 0 0
327 1 0 0 0 0 0 1 1 1
330 2 1 1 0 0 0 0 0 0
337 7 0 0 3 0 0 1 0 0
340 2 0 0 0 0 0 0 0 0
343 17 0 0 7 0 0 5 0 0
346 13 1 1 2 0 0 1 0 0
347 22 1 1 0 0 0 6 0 0
348 5 1 1 2 0 0 2 0 0
351 10 0 0 4 0 0 4 0 0
353 16 1 1 7 0 0 0 0 0
358 25 0 0 0 0 0 0 0 0
359 8 0 0 0 0 0 8 0 0
363 17 1 1 0 0 0 0 0 0
366 66 0 0 0 0 0 0 0 0
367 72 0 0 0 0 0 0 0 0
368 36 0 0 24 0 0 0 0 0
370 9 1 1 0 0 0 0 0 0
373 6 0 0 2 0 0 0 0 0
374 2 0 0 0 0 0 0 0 0
375 9 0 0 0 0 0 0 0 0
377 6 1 1 0 0 0 0 0 0
378 2 0 0 2 0 0 0 0 0
380 1 0 0 1 0 0 0 0 0
381 7 0 0 0 0 0 2 0 0
388 18 1 1 5 0 0 4 0 0
389 4 0 0 0 0 0 0 0 0
391 8 0 0 0 0 0 0 0 0
394 3 0 0 2 0 0 0 0 0
400 9 0 0 7 0 0 0 0 0
fn=copy_hwcaps
77 12 1 1 0 0 0 8 0 0
80 16 0 0 0 0 0 4 0 0
82 6 1 1 4 0 0 2 0 0
83 16 0 0 4 0 0 6 1 1
87 2 0 0 0 0 0 2 0 0
88 2 0 0 2 0 0 0 0 0
89 6 0 0 2 0 0 2 0 0
90 4 0 0 0 0 0 2 0 0
91 4 0 0 0 0 0 2 0 0
93 12 0 0 10 0 0 0 0 0
fl=./elf/./elf/dl-hwcaps_split.c
fn=_dl_hwcaps_contains
67 12 1 1 0 0 0 0 0 0
68 6 1 1 0 0 0 0 0 0
77 6 0 0 6 0 0 0 0 0
fn=_dl_hwcaps_split
25 45 0 0 0 0 0 30 0 0
26 45 0 0 15 0 0 0 0 0
27 6 0 0 0 0 0 0 0 0
30 36 1 1 12 0 0 12 0 0
34 72 0 0 18 1 1 0 0 0
35 12 0 0 0 0 0 6 0 0
36 24 0 0 0 0 0 0 0 0
41 27 0 0 0 0 0 9 2 2
42 18 0 0 0 0 0 0 0 0
43 21 0 0 0 0 0 12 0 0
45 18 0 0 0 0 0 0 0 0
46 9 0 0 0 0 0 0 0 0
47 60 1 1 45 0 0 0 0 0
fn=_dl_hwcaps_split_masked
51 33 1 1 0 0 0 11 0 0
54 56 0 0 0 0 0 14 0 0
56 9 0 0 9 0 0 0 0 0
57 27 0 0 0 0 0 9 0 0
58 54 0 0 18 0 0 6 0 0
62 22 0 0 22 0 0 0 0 0
fl=./elf/./elf/dl-init.c
fn=_dl_init
81 11 1 1 0 0 0 6 0 0
82 1 0 0 1 1 0 0 0 0
83 1 0 0 1 0 0 0 0 0
86 3 0 0 1 0 0 0 0 0
88 1 1 1 0 0 0 1 0 0
89 2 0 0 0 0 0 1 0 0
94 2 0 0 0 0 0 0 0 0
119 1 1 1 1 0 0 0 0 0
120 26 0 0 0 0 0 0 0 0
121 42 0 0 14 1 0 7 0 0
127 8 1 1 7 0 0 0 0 0
fn=call_init
27 64 0 0 0 0 0 40 1 0
29 16 1 1 8 0 0 0 0 0
35 48 0 0 8 0 0 0 0 0
37 16 0 0 0 0 0 0 0 0
43 21 1 1 7 0 0 7 0 0
46 21 0 0 14 4 0 0 0 0
47 2 0 0 0 0 0 0 0 0
51 12 0 0 6 0 0 0 0 0
59 18 0 0 6 5 0 0 0 0
60 24 1 1 8 3 0 4 0 0
63 6 0 0 6 4 0 0 0 0
64 12 0 0 0 0 0 0 0 0
70 15 0 0 10 6 0 0 0 0
72 10 0 0 10 0 0 0 0 0
73 105 0 0 0 0 0 0 0 0
74 80 1 1 20 5 0 20 0 0
76 48 0 0 48 0 0 0 0 0
fl=./elf/./elf/dl-load.c
fn=_dl_dst_count
238 65 1 1 0 0 0 65 1 1
241 26 0 0 0 0 0 13 2 2
244 26 0 0 0 0 0 0 0 0
245 13 0 0 0 0 0 0 0 0
264 91 1 1 78 0 0 0 0 0
fn=_dl_init_paths
706 12 2 2 0 0 0 8 0 0
720 4 0 0 0 0 0 2 0 0
725 1 0 0 0 0 0 1 0 0
727 3 0 0 0 0 0 0 0 0
734 3 0 0 0 0 0 0 0 0
735 2 1 1 1 0 0 0 0 0
739 4 0 0 0 0 0 1 1 1
741 4 0 0 2 0 0 0 0 0
747 1 0 0 0 0 0 1 0 0
748 1 0 0 0 0 0 1 0 0
756 9 0 0 0 0 0 4 0 0
758 8 1 1 0 0 0 4 1 1
759 4 1 1 0 0 0 4 0 0
761 5 0 0 0 0 0 4 1 1
762 7 0 0 3 1 1 4 1 1
763 7 0 0 0 0 0 0 0 0
766 9 0 0 3 1 1 0 0 0
767 9 0 0 1 0 0 0 0 0
768 18 1 1 4 0 0 5 0 0
770 29 2 2 6 0 0 6 0 0
776 1 0 0 0 0 0 1 0 0
777 1 0 0 0 0 0 1 0 0
782 1 0 0 1 0 0 0 0 0
785 3 0 0 0 0 0 0 0 0
787 4 0 0 1 0 0 0 0 0
789 3 1 1 1 0 0 0 0 0
806 1 0 0 0 0 0 1 0 0
808 3 2 2 1 0 0 0 0 0
822 2 1 1 0 0 0 1 0 0
825 5 1 1 2 0 0 0 0 0
827 12 1 1 0 0 0 2 0 0
831 2 0 0 0 0 0 0 0 0
832 60 0 0 15 0 0 0 0 0
833 14 0 0 0 0 0 0 0 0
834 28 1 1 0 0 0 0 0 0
836 1 0 0 0 0 0 1 0 0
837 1 0 0 0 0 0 0 0 0
838 2 0 0 0 0 0 0 0 0
844 6 0 0 1 0 0 1 0 0
847 3 0 0 2 0 0 0 0 0
853 1 0 0 0 0 0 1 0 0
857 8 0 0 7 0 0 0 0 0
fn=_dl_map_object
1971 120 1 1 0 0 0 108 6 6
1973 5 0 0 0 0 0 5 0 0
1979 24 1 1 0 0 0 0 0 0
1980 48 0 0 12 1 1 0 0 0
1983 234 1 1 54 0 0 12 0 0
1988 343 0 0 98 0 0 0 0 0
1990 245 1 1 0 0 0 49 0 0
1994 84 0 0 42 0 0 0 0 0
1995 126 0 0 42 0 0 0 0 0
1998 110 0 0 66 0 0 0 0 0
1999 66 1 1 22 0 0 0 0 0
2000 110 0 0 0 0 0 22 0 0
2014 30 0 0 5 0 0 0 0 0
2015 15 1 1 5 0 0 5 2 2
2023 15 0 0 5 0 0 0 0 0
2038 5 0 0 0 0 0 5 0 0
2040 25 1 1 0 0 0 5 0 0
2044 16 1 1 0 0 0 8 0 0
2046 8 0 0 4 0 0 0 0 0
2053 16 0 0 4 0 0 0 0 0
2057 4 1 1 4 0 0 0 0 0
2058 4 1 1 0 0 0 0 0 0
2062 15 0 0 5 0 0 0 0 0
2063 40 1 1 0 0 0 5 0 0
2065 36 0 0 0 0 0 16 0 0
2072 16 1 1 16 0 0 0 0 0
2077 8 0 0 0 0 0 0 0 0
2078 24 2 2 4 0 0 0 0 0
2079 52 1 1 12 0 0 12 0 0
2088 8 0 0 0 0 0 0 0 0
2103 8 0 0 4 0 0 0 0 0
2104 68 1 1 8 0 0 20 0 0
2110 20 0 0 0 0 0 0 0 0
2111 32 1 1 0 0 0 4 0 0
2119 4 0 0 0 0 0 4 0 0
2133 8 0 0 4 0 0 0 0 0
2135 12 1 1 4 0 0 0 0 0
2139 12 0 0 0 0 0 4 0 0
2141 8 0 0 0 0 0 0 0 0
2145 8 0 0 0 0 0 0 0 0
2153 12 0 0 4 0 0 0 0 0
2176 36 1 1 0 0 0 8 0 0
2180 8 0 0 0 0 0 0 0 0
2181 4 0 0 0 0 0 4 0 0
2198 8 0 0 4 0 0 0 0 0
2204 1 0 0 0 0 0 1 0 0
2205 4 0 0 0 0 0 1 0 0
2206 2 0 0 0 0 0 0 0 0
2207 3 1 1 0 0 0 0 0 0
2211 9 0 0 0 0 0 2 0 0
2214 2 0 0 0 0 0 0 0 0
2226 20 0 0 5 0 0 0 0 0
2271 10 1 1 5 0 0 5 0 0
2272 80 1 1 25 0 0 25 0 0
2274 108 0 0 84 0 0 0 0 0
fn=_dl_map_object_from_fd
944 70 1 1 0 0 0 50 2 2
954 15 1 1 5 0 0 10 1 1
961 20 0 0 5 0 0 5 0 0
999 95 0 0 30 0 0 0 0 0
1000 40 1 1 20 0 0 0 0 0
1018 10 1 1 5 0 0 0 0 0
1046 20 1 1 5 0 0 5 0 0
1056 10 0 0 5 0 0 0 0 0
1063 40 0 0 25 0 0 5 0 0
1064 10 0 0 0 0 0 0 0 0
1075 10 0 0 5 0 0 5 4 4
1076 15 0 0 5 0 0 5 0 0
1077 10 0 0 5 0 0 5 0 0
1079 15 0 0 0 0 0 0 0 0
1080 20 1 1 10 0 0 0 0 0
1081 8 1 1 0 0 0 4 0 0
1084 6 0 0 0 0 0 1 0 0
1085 6 1 1 1 0 0 1 1 1
1096 5 1 1 0 0 0 5 0 0
1098 5 0 0 0 0 0 5 0 0
1100 60 0 0 5 0 0 5 0 0
1101 5 0 0 0 0 0 0 0 0
1102 5 0 0 0 0 0 5 0 0
1103 5 0 0 0 0 0 5 0 0
1104 5 0 0 0 0 0 0 0 0
1110 189 1 1 10 0 0 0 0 0
1111 450 3 3 53 10 10 0 0 0
1117 10 0 0 5 2 2 0 0 0
1124 12 0 0 7 0 0 5 0 0
1125 15 0 0 5 0 0 5 0 0
1126 50 1 1 10 0 0 5 0 0
1131 2 0 0 1 0 0 1 0 0
1132 1 0 0 0 0 0 0 0 0
1137 155 0 0 65 1 1 5 0 0
1145 80 1 1 20 0 0 0 0 0
1146 130 0 0 0 0 0 20 3 3
1147 100 1 1 20 1 1 20 0 0
1148 40 0 0 0 0 0 20 0 0
1149 40 0 0 20 2 2 20 2 2
1151 120 0 0 20 2 2 0 0 0
1153 40 0 0 0 0 0 20 4 4
1166 40 0 0 0 0 0 0 0 0
1167 75 0 0 30 0 0 15 0 0
1172 20 0 0 0 0 0 0 0 0
1173 205 1 1 40 0 0 40 1 1
1183 20 0 0 0 0 0 0 0 0
1186 6 1 1 2 1 1 0 0 0
1190 8 0 0 0 0 0 2 2 2
1191 2 0 0 2 0 0 0 0 0
1195 10 0 0 0 0 0 2 0 0
1196 4 1 1 2 0 0 2 0 0
1199 2 0 0 0 0 0 2 1 1
1204 8 0 0 2 0 0 0 0 0
1219 10 1 1 5 0 0 5 0 0
1220 5 0 0 0 0 0 0 0 0
1223 20 0 0 10 1 1 5 1 1
1228 35 1 1 25 0 0 0 0 0
1238 95 0 0 0 0 0 0 0 0
1239 40 0 0 0 0 0 20 0 0
1245 10 1 1 0 0 0 0 0 0
1255 20 0 0 10 0 0 0 0 0
1262 35 0 0 15 0 0 5 0 0
1278 20 1 1 10 0 0 0 0 0
1279 15 0 0 5 0 0 5 0 0
1285 18 1 1 4 0 0 0 0 0
1286 10 0 0 0 0 0 0 0 0
1288 10 0 0 0 0 0 0 0 0
1298 15 1 1 5 0 0 0 0 0
1317 10 0 0 5 0 0 5 0 0
1319 30 0 0 10 0 0 0 0 0
1371 15 0 0 5 3 3 0 0 0
1372 4 0 0 2 0 0 2 0 0
1378 146 1 1 68 0 0 0 0 0
1379 251 1 1 53 45 45 0 0 0
1385 61 0 0 0 0 0 2 0 0
1390 20 1 1 5 0 0 5 0 0
1403 10 0 0 5 0 0 0 0 0
1405 20 1 1 10 0 0 5 0 0
1407 10 0 0 5 0 0 0 0 0
1423 10 0 0 0 0 0 5 0 0
1427 10 0 0 5 0 0 0 0 0
1428 10 0 0 5 0 0 0 0 0
1445 10 0 0 5 0 0 0 0 0
1446 1 0 0 0 0 0 1 0 0
1449 10 1 1 5 0 0 5 1 1
1454 10 0 0 5 0 0 0 0 0
1464 10 0 0 5 0 0 0 0 0
1471 40 1 1 15 1 1 0 0 0
1472 12 2 2 4 0 0 0 0 0
1473 27 0 0 9 0 0 3 0 0
1474 9 0 0 3 0 0 0 0 0
1475 5 0 0 1 0 0 1 0 0
1481 10 0 0 5 0 0 0 0 0
1482 8 0 0 2 0 0 0 0 0
1487 4 0 0 0 0 0 2 0 0
1494 15 1 1 5 0 0 5 0 0
1497 20 0 0 10 0 0 0 0 0
1516 10 1 1 0 0 0 0 0 0
1520 35 1 1 15 0 0 0 0 0
1521 20 0 0 5 0 0 5 0 0
1525 45 1 1 35 0 0 0 0 0
fn=_dl_process_pt_gnu_property
868 3 0 0 0 0 0 0 0 0
869 6 0 0 6 0 0 0 0 0
870 3 0 0 3 0 0 0 0 0
876 6 2 1 3 0 0 0 0 0
882 15 1 1 0 0 0 0 0 0
885 9 0 0 3 2 2 0 0 0
886 6 0 0 3 1 1 0 0 0
887 6 0 0 3 0 0 0 0 0
930 3 0 0 3 0 0 0 0 0
fn=cache_rpath
681 26 1 1 0 0 0 0 0 0
682 39 0 0 13 0 0 0 0 0
683 26 0 0 0 0 0 0 0 0
685 4 0 0 0 0 0 0 0 0
686 2 0 0 0 0 0 0 0 0
688 8 0 0 2 0 0 0 0 0
691 2 0 0 0 0 0 2 0 0
699 26 1 1 13 0 0 0 0 0
fn=expand_dynamic_string_token
385 14 2 2 0 0 0 8 0 0
395 4 0 0 0 0 0 2 0 0
398 4 0 0 0 0 0 0 0 0
399 4 0 0 0 0 0 0 0 0
410 10 0 0 8 0 0 0 0 0
fn=fillin_rpath.isra.0
468 16 1 1 0 0 0 12 0 0
472 1 0 0 0 0 0 0 0 0
474 12 1 1 4 0 0 2 0 0
481 2 0 0 1 0 0 0 0 0
483 4 0 0 1 0 0 1 0 0
487 2 0 0 0 0 0 0 0 0
492 3 1 1 0 0 0 1 0 0
493 2 0 0 0 0 0 0 0 0
500 5 0 0 1 0 0 0 0 0
505 4 1 1 0 0 0 1 0 0
509 15 1 1 5 0 0 0 0 0
510 8 0 0 4 0 0 0 0 0
528 4 1 1 1 0 0 1 0 0
532 4 1 1 2 0 0 0 0 0
534 2 0 0 0 0 0 0 0 0
538 1 0 0 0 0 0 1 0 0
539 2 0 0 1 0 0 0 0 0
540 4 0 0 0 0 0 2 0 0
541 1 1 1 0 0 0 1 0 0
543 2 0 0 1 0 0 0 0 0
549 4 0 0 1 0 0 0 0 0
550 35 0 0 1 0 0 0 0 0
551 10 0 0 0 0 0 10 0 0
553 2 1 1 1 0 0 1 0 0
554 3 0 0 1 0 0 0 0 0
555 1 0 0 0 0 0 1 0 0
561 2 0 0 1 0 0 1 0 0
562 1 0 0 0 0 0 1 0 0
565 3 0 0 0 0 0 1 0 0
571 1 0 0 0 0 0 1 0 0
574 10 0 0 7 0 0 0 0 0
fn=open_path
1819 44 2 2 0 0 0 36 1 1
1820 8 0 0 4 0 0 4 1 1
1823 4 0 0 0 0 0 4 0 0
1824 4 0 0 0 0 0 0 0 0
1826 8 0 0 0 0 0 0 0 0
1829 8 0 0 0 0 0 0 0 0
1831 32 1 1 8 0 0 4 0 0
1834 8 0 0 8 0 0 0 0 0
1838 4 0 0 0 0 0 0 0 0
1843 24 1 1 4 0 0 4 0 0
1850 20 0 0 12 0 0 4 1 1
1851 142 2 2 44 0 0 0 0 0
1854 80 0 0 40 0 0 0 0 0
1859 143 1 1 65 0 0 26 0 0
1862 39 0 0 13 0 0 0 0 0
1868 39 0 0 13 0 0 0 0 0
1869 12 0 0 0 0 0 12 0 0
1871 104 1 1 65 0 0 13 0 0
1873 39 0 0 13 0 0 0 0 0
1875 20 0 0 0 0 0 0 0 0
1880 20 1 1 10 0 0 0 0 0
1881 80 1 1 40 0 0 0 0 0
1887 40 1 1 20 0 0 10 0 0
1889 59 1 1 0 0 0 19 0 0
1890 2 0 0 1 1 1 0 0 0
1892 18 0 0 0 0 0 1 0 0
1899 12 0 0 0 0 0 0 0 0
1901 14 0 0 0 0 0 4 0 0
1940 28 1 1 4 0 0 0 0 0
1945 4 0 0 4 0 0 0 0 0
1947 16 1 1 12 0 0 0 0 0
1950 16 0 0 8 0 0 0 0 0
1964 36 1 1 28 0 0 0 0 0
fn=open_verify.constprop.0
1578 216 1 1 0 0 0 144 1 1
1610 54 0 0 18 0 0 0 0 0
1615 26 1 1 0 0 0 0 0 0
1629 90 0 0 0 0 0 18 0 0
1631 36 1 1 0 0 0 0 0 0
1639 5 0 0 0 0 0 5 0 0
1640 5 0 0 0 0 0 5 2 2
1645 40 0 0 0 0 0 5 0 0
1647 10 1 1 0 0 0 0 0 0
1649 10 0 0 5 0 0 5 0 0
1651 10 0 0 0 0 0 0 0 0
1657 10 0 0 0 0 0 0 0 0
1674 74 3 3 23 0 0 0 0 0
1755 10 0 0 5 0 0 0 0 0
1760 10 1 1 5 0 0 0 0 0
1766 20 0 0 5 0 0 0 0 0
1772 10 0 0 5 2 2 0 0 0
1778 20 0 0 5 0 0 0 0 0
1779 20 1 1 5 0 0 0 0 0
1783 5 1 1 0 0 0 0 0 0
1784 5 0 0 0 0 0 1 0 0
1805 162 0 0 126 0 0 0 0 0
fl=./elf/./elf/dl-lookup-direct.c
fn=_dl_lookup_direct
74 33 2 2 0 0 0 24 0 0
75 3 0 0 3 0 0 0 0 0
76 6 0 0 0 0 0 0 0 0
78 21 0 0 9 2 0 0 0 0
79 6 0 0 0 0 0 0 0 0
81 9 1 1 3 0 0 0 0 0
84 25 0 0 5 3 1 0 0 0
86 9 0 0 0 0 0 0 0 0
87 18 0 0 6 0 0 3 0 0
90 6 0 0 0 0 0 0 0 0
93 6 1 1 0 0 0 0 0 0
115 3 0 0 0 0 0 0 0 0
116 27 0 0 21 0 0 0 0 0
fn=check_match
31 27 1 1 0 0 0 15 0 0
32 12 1 1 9 0 0 0 0 0
33 9 0 0 0 0 0 0 0 0
35 6 0 0 3 3 3 0 0 0
36 6 0 0 3 0 0 0 0 0
40 9 0 0 0 0 0 0 0 0
48 9 0 0 3 0 0 3 0 0
51 6 0 0 6 0 0 0 0 0
53 15 1 1 3 0 0 3 0 0
57 6 0 0 6 2 1 0 0 0
58 18 0 0 6 0 0 0 0 0
59 9 0 0 3 0 0 3 0 0
64 21 0 0 18 0 0 0 0 0
fl=./elf/./elf/dl-lookup.c
fn=_dl_lookup_symbol_x
756 24596 4 4 0 0 0 15136 16 0
758 3784 0 0 0 0 0 1892 0 0
759 3784 0 0 0 0 0 1892 0 0
762 1892 0 0 1892 8 1 0 0 0
766 7532 0 0 1874 0 0 0 0 0
768 22704 2 2 1892 0 0 5676 4 0
769 3784 0 0 1892 0 0 0 0 0
771 3784 2 2 3784 10 2 0 0 0
775 3859 0 0 15 1 0 0 0 0
776 32164 2 2 11352 0 0 13244 7 0
781 9460 0 0 3784 0 0 0 0 0
783 90 1 1 15 0 0 0 0 0
800 1892 0 0 0 0 0 1892 0 0
801 45 1 1 0 0 0 0 0 0
804 3784 0 0 1892 0 0 0 0 0
805 13123 0 0 1873 0 0 0 0 0
812 1877 2 2 1877 0 0 0 0 0
840 7508 0 0 1877 0 0 0 0 0
854 5631 0 0 1877 21 3 0 0 0
855 2 1 1 0 0 0 1 0 0
857 3754 0 0 1877 0 0 0 0 0
874 1877 0 0 1877 0 0 0 0 0
876 17028 2 2 13244 0 0 0 0 0
fn=check_match
71 24518 4 4 3772 0 0 9430 15 0
74 13202 1 1 3772 318 222 0 0 0
79 1896 0 0 0 0 0 0 0 0
87 9405 2 2 0 0 0 0 0 0
90 4290 0 0 176 0 0 88 1 0
94 1881 0 0 1881 16 1 0 0 0
95 3762 0 0 0 0 0 0 0 0
97 3756 0 0 0 0 0 0 0 0
116 3756 0 0 3756 67 17 0 0 0
117 15024 2 2 5634 32 1 0 0 0
118 9365 2 2 3746 9 0 1873 2 1
119 10 0 0 5 0 0 0 0 0
120 10 0 0 0 0 0 0 0 0
145 6 1 1 0 0 0 0 0 0
147 18 0 0 6 3 0 0 0 0
148 12 0 0 0 0 0 0 0 0
151 2 0 0 0 0 0 0 0 0
152 7 0 0 3 0 0 1 0 0
154 3 0 0 1 0 0 1 0 0
163 11316 0 0 11316 0 0 0 0 0
fn=do_lookup_x
171 300 0 0 2 0 0 0 0 0
172 888 2 2 510 0 0 2 0 0
173 940 0 0 250 47 47 0 0 0
175 98 0 0 0 0 0 0 0 0
176 294 0 0 0 0 0 0 0 0
177 528 1 1 0 0 0 0 0 0
180 152 0 0 0 0 0 152 0 0
181 152 1 1 0 0 0 152 0 0
182 82 0 0 0 0 0 82 19 11
183 152 0 0 0 0 0 152 24 24
223 492 1 1 82 0 0 328 0 0
225 738 1 1 82 2 0 246 0 0
227 164 0 0 82 2 0 0 0 0
228 82 0 0 82 0 0 0 0 0
229 328 0 0 164 0 0 0 0 0
231 2521 1 1 127 0 0 405 0 0
232 486 1 1 0 0 0 0 0 0
235 352 0 0 176 0 0 0 0 0
236 176 1 1 176 68 25 0 0 0
255 352 0 0 0 0 0 0 0 0
258 95 0 0 0 0 0 0 0 0
259 285 0 0 0 0 0 0 0 0
260 276 1 1 0 0 0 0 0 0
263 1458 0 0 648 1 0 0 0 0
270 12 1 1 0 0 0 6 0 0
273 4 0 0 0 0 0 0 0 0
280 290 2 2 4 0 0 0 0 0
281 276 0 0 92 4 1 0 0 0
282 350 1 1 210 10 0 0 0 0
286 18 1 1 6 0 0 4 0 0
287 2 0 0 0 0 0 2 0 0
289 4 0 0 2 0 0 2 0 0
290 8 0 0 6 0 0 2 0 0
301 3 1 1 2 0 0 0 0 0
303 2 0 0 0 0 0 0 0 0
306 1 0 0 0 0 0 1 0 0
307 1 0 0 0 0 0 1 0 0
308 2 0 0 1 0 0 1 1 1
311 164 0 0 0 0 0 0 0 0
312 492 2 2 164 0 0 0 0 0
319 328 0 0 82 0 0 0 0 0
330 574 1 1 246 0 0 82 0 0
332 164 0 0 164 0 0 82 0 0
334 246 0 0 164 0 0 82 0 0
335 164 0 0 0 0 0 82 0 0
348 26488 4 4 3784 0 0 18920 12 2
349 1892 0 0 1892 3 1 0 0 0
354 1892 0 0 0 0 0 0 0 0
355 1892 0 0 1892 7 1 0 0 0
359 11998 3 2 11998 59 7 0 0 0
362 11998 0 0 0 0 0 0 0 0
366 23368 0 0 1901 0 0 0 0 0
370 11992 0 0 5996 37 4 0 0 0
374 11992 0 0 5996 6 1 0 0 0
380 17988 2 2 5996 29 2 0 0 0
384 5996 0 0 0 0 0 5996 5 0
385 5996 0 0 0 0 0 5996 0 0
388 29980 0 0 17988 87 8 0 0 0
389 17988 0 0 11992 3 0 0 0 0
392 5996 0 0 5996 0 0 0 0 0
393 11992 3 2 0 0 0 0 0 0
395 5996 0 0 5996 906 113 0 0 0
396 3784 0 0 0 0 0 0 0 0
397 11992 0 0 5996 0 0 0 0 0
400 23984 0 0 5996 0 0 0 0 0
403 41972 0 0 0 0 0 0 0 0
406 3908 0 0 3908 1185 194 0 0 0
407 5862 4 2 0 0 0 0 0 0
408 3908 0 0 0 0 0 0 0 0
410 3896 0 0 1948 0 0 0 0 0
413 24130 0 0 4826 1697 470 0 0 0
415 5658 3 2 1886 0 0 0 0 0
416 47832 6 4 9430 0 0 23004 14 1
417 3772 0 0 0 0 0 0 0 0
420 5658 0 0 0 0 0 0 0 0
423 8870 0 0 10 0 0 0 0 0
432 1 1 1 0 0 0 1 0 0
437 16884 6 4 11256 0 0 0 0 0
454 145 2 1 73 0 0 0 0 0
456 2 0 0 0 0 0 0 0 0
460 3754 0 0 0 0 0 0 0 0
467 9884 0 0 1877 0 0 0 0 0
471 3726 4 2 1242 4 1 0 0 0
483 3590 0 0 1795 0 0 1795 0 0
484 1795 0 0 0 0 0 1795 0 0
485 3754 0 0 0 0 0 0 0 0
502 12366 0 0 0 0 0 0 0 0
505 15 0 0 0 0 0 0 0 0
506 15136 0 0 13244 0 0 0 0 0
fl=./elf/./elf/dl-minimal-malloc.c
fn=__minimal_calloc
78 68 0 0 0 0 0 0 0 0
82 17 1 1 0 0 0 0 0 0
85 17 1 1 0 0 0 0 0 0
86 51 0 0 0 0 0 0 0 0
fn=__minimal_free
97 12 0 0 6 0 0 0 0 0
fn=__minimal_malloc
35 168 1 1 0 0 0 84 0 0
36 126 0 0 42 4 1 0 0 0
41 3 0 0 0 0 0 1 0 0
42 2 1 1 1 0 0 0 0 0
43 2 0 0 0 0 0 0 0 0
47 167 1 1 41 0 0 42 0 0
50 282 0 0 0 0 0 0 0 0
55 12 1 1 3 0 0 0 0 0
56 12 0 0 0 0 0 0 0 0
58 3 0 0 0 0 0 0 0 0
59 24 0 0 0 0 0 3 0 0
61 6 0 0 0 0 0 0 0 0
63 6 0 0 3 0 0 0 0 0
65 8 0 0 0 0 0 3 0 0
68 43 0 0 1 0 0 42 4 1
69 46 0 0 0 0 0 42 0 0
71 168 0 0 126 0 0 0 0 0
fl=./elf/./elf/dl-minimal.c
fn=__rtld_malloc_init_real
76 7 1 1 0 0 0 5 0 0
86 2 0 0 0 0 0 1 0 0
87 1 0 0 0 0 0 1 0 0
89 1 0 0 0 0 0 1 0 0
91 6 0 0 0 0 0 1 0 0
92 5 1 1 0 0 0 1 0 0
93 5 0 0 0 0 0 1 0 0
94 4 0 0 0 0 0 1 0 0
99 1 0 0 0 0 0 1 0 0
100 1 1 1 0 0 0 1 0 0
101 1 0 0 0 0 0 1 0 0
102 1 0 0 0 0 0 1 0 0
103 7 0 0 6 0 0 0 0 0
fn=__rtld_malloc_init_stubs
43 2 1 1 0 0 0 1 1 1
44 2 0 0 0 0 0 1 0 0
45 2 0 0 0 0 0 1 0 0
46 2 1 1 0 0 0 1 0 0
47 1 0 0 1 0 0 0 0 0
fn=lookup_malloc_symbol
61 28 1 1 0 0 0 12 0 0
63 4 0 0 0 0 0 4 0 0
64 28 1 1 4 0 0 12 0 0
68 28 0 0 16 0 0 0 0 0
69 28 1 1 12 0 0 0 0 0
71 4 0 0 0 0 0 4 0 0
72 24 0 0 20 0 0 0 0 0
fn=strsep
242 6 1 1 2 1 1 0 0 0
244 2 0 0 2 0 0 0 0 0
245 4 1 1 0 0 0 0 0 0
249 91 1 1 15 0 0 0 0 0
254 56 0 0 0 0 0 0 0 0
256 112 0 0 28 0 0 0 0 0
260 14 0 0 0 0 0 0 0 0
267 1 0 0 0 0 0 1 0 0
271 4 0 0 2 0 0 0 0 0
fl=./elf/./elf/dl-misc.c
fn=_dl_higher_prime_number
124 2 0 0 0 0 0 0 0 0
125 2 0 0 0 0 0 0 0 0
127 26 1 1 0 0 0 0 0 0
129 87 0 0 0 0 0 0 0 0
130 30 0 0 10 4 2 0 0 0
131 6 0 0 0 0 0 0 0 0
145 2 0 0 2 0 0 0 0 0
146 2 0 0 2 0 0 0 0 0
fn=_dl_name_match_p
68 535 1 1 0 0 0 214 0 0
69 428 0 0 107 0 0 107 2 2
70 18 0 0 0 0 0 0 0 0
72 107 0 0 107 0 0 0 0 0
74 422 0 0 0 0 0 0 0 0
75 610 1 1 122 0 0 122 0 0
80 104 0 0 104 0 0 0 0 0
82 89 0 0 0 0 0 0 0 0
83 428 0 0 321 0 0 0 0 0
fn=_dl_sysdep_read_whole_file
36 8 1 1 0 0 0 4 0 0
39 3 0 0 0 0 0 1 0 0
40 2 0 0 0 0 0 0 0 0
42 6 1 1 0 0 0 1 0 0
44 2 0 0 1 0 0 1 1 1
47 2 0 0 0 0 0 0 0 0
49 8 0 0 0 0 0 1 0 0
60 3 0 0 0 0 0 1 0 0
63 7 0 0 5 0 0 0 0 0
fl=./elf/./elf/dl-object.c
fn=_dl_add_to_namespace_list
31 30 1 1 0 0 0 18 0 0
33 18 0 0 6 0 0 6 0 0
35 53 1 1 6 0 0 0 0 0
38 80 0 0 20 0 0 0 0 0
40 5 0 0 0 0 0 5 0 0
42 5 0 0 0 0 0 5 0 0
45 2 1 1 0 0 0 1 0 0
46 18 0 0 6 0 0 0 0 0
47 12 0 0 6 1 1 6 0 0
48 12 0 0 0 0 0 6 0 0
50 12 0 0 6 0 0 0 0 0
51 18 0 0 18 0 0 0 0 0
fn=_dl_new_object
59 78 1 1 0 0 0 54 2 2
62 12 0 0 0 0 0 0 0 0
64 2 1 1 0 0 0 0 0 0
66 3 1 1 1 0 0 0 0 0
67 2 0 0 0 0 0 0 0 0
71 6 1 1 0 0 0 2 0 0
77 2 0 0 0 0 0 0 0 0
80 5 0 0 5 0 0 0 0 0
83 31 1 1 5 0 0 16 1 1
87 10 0 0 0 0 0 0 0 0
92 5 0 0 0 0 0 0 0 0
95 12 0 0 0 0 0 0 0 0
98 6 1 1 0 0 0 6 6 6
99 6 0 0 0 0 0 6 6 6
100 12 0 0 6 0 0 0 0 0
103 12 0 0 0 0 0 6 0 0
104 42 0 0 18 0 0 18 1 1
106 6 0 0 0 0 0 6 0 0
119 22 1 1 11 0 0 0 0 0
123 5 0 0 0 0 0 0 0 0
125 1 0 0 0 0 0 0 0 0
127 42 0 0 12 6 6 12 0 0
130 12 0 0 6 0 0 0 0 0
131 12 1 1 0 0 0 6 6 6
132 6 0 0 0 0 0 6 0 0
136 6 1 1 0 0 0 6 0 0
139 82 1 1 0 0 0 0 0 0
141 16 0 0 0 0 0 16 4 4
149 12 0 0 0 0 0 6 0 0
150 6 0 0 0 0 0 6 6 6
153 1 1 1 0 0 0 0 0 0
155 36 0 0 6 0 0 0 0 0
157 20 0 0 0 0 0 5 4 4
160 14 0 0 0 0 0 0 0 0
164 24 0 0 6 0 0 0 0 0
168 30 1 1 5 0 0 0 0 0
176 1 1 1 0 0 0 1 1 1
179 12 1 1 0 0 0 6 0 0
189 18 0 0 6 0 0 0 0 0
191 25 0 0 0 0 0 10 0 0
195 15 0 0 0 0 0 0 0 0
200 20 0 0 0 0 0 0 0 0
208 5 0 0 0 0 0 0 0 0
212 5 0 0 0 0 0 0 0 0
245 20 1 1 5 0 0 5 0 0
250 168 0 0 0 0 0 0 0 0
251 168 0 0 84 0 0 0 0 0
253 10 0 0 0 0 0 0 0 0
256 5 0 0 0 0 0 5 0 0
259 5 0 0 0 0 0 5 1 1
263 54 0 0 42 0 0 0 0 0
fl=./elf/./elf/dl-profstub.c
fn=_dl_mcount_wrapper_check
36 128 0 0 0 0 0 0 0 0
37 384 1 1 256 0 0 0 0 0
39 128 1 1 128 0 0 0 0 0
fl=./elf/./elf/dl-reloc.c
fn=_dl_protect_relro
355 14 0 0 0 0 0 7 0 0
356 42 1 1 21 2 0 0 0 0
359 14 1 1 7 0 0 0 0 0
363 14 0 0 0 0 0 0 0 0
364 35 0 0 0 0 0 7 0 0
370 14 0 0 14 0 0 0 0 0
fn=_dl_relocate_object
170 13564 1 1 3391 1693 1319 0 0 0
171 6748 0 0 0 0 0 0 0 0
174 15420 1 1 3374 6 2 0 0 0
175 12219 1 1 2250 6 0 0 0 0
177 1608 1 1 1608 3 0 0 0 0
178 4824 0 0 1608 0 0 1608 0 0
182 1685 1 1 662 4 2 18 1 0
183 1766 1 1 0 0 0 1766 0 0
184 1766 0 0 0 0 0 1766 0 0
186 14169 1 1 7064 2 0 27 0 0
187 1760 0 0 0 0 0 0 0 0
188 10560 0 0 1760 59 0 1760 0 0
190 12368 1 1 1766 0 0 5298 0 0
193 1766 0 0 1766 0 0 0 0 0
194 12362 1 1 5298 0 0 1766 1 0
196 1608 0 0 1608 0 0 0 0 0
207 84 1 1 0 0 0 49 0 0
217 14 0 0 0 0 0 0 0 0
218 21 0 0 0 0 0 7 0 0
221 7 0 0 0 0 0 0 0 0
223 14 0 0 0 0 0 0 0 0
225 7 0 0 7 0 0 0 0 0
226 21 1 1 7 2 0 0 0 0
245 14 1 1 7 0 0 0 0 0
251 28 0 0 7 0 0 0 0 0
252 14 1 1 7 7 0 0 0 0
255 14 0 0 0 0 0 0 0 0
262 28 1 1 7 1 0 7 0 0
301 11653 8 8 1358 264 227 56 0 0
304 42 0 0 7 0 0 0 0 0
328 7 0 0 7 1 0 0 0 0
331 14 0 0 7 0 0 0 0 0
348 14 0 0 7 4 0 0 0 0
349 14 1 1 0 0 0 7 0 0
350 56 0 0 49 3 0 0 0 0
fl=./elf/./elf/dl-runtime.c
fn=_dl_fixup
46 854 3 2 0 0 0 488 0 0
48 610 0 0 488 21 5 0 0 0
49 366 0 0 244 0 0 0 0 0
54 122 0 0 122 12 3 0 0 0
55 488 3 2 122 15 3 0 0 0
56 854 0 0 122 119 3 122 0 0
58 244 0 0 122 9 0 0 0 0
63 244 0 0 0 0 0 0 0 0
67 244 2 2 122 119 72 0 0 0
71 366 0 0 122 13 3 0 0 0
75 366 0 0 244 108 7 0 0 0
76 488 0 0 122 5 1 0 0 0
77 366 0 0 122 31 2 0 0 0
84 122 0 0 0 0 0 0 0 0
85 366 3 2 122 2 0 0 0 0
95 1342 3 2 244 14 3 366 4 0
99 610 0 0 366 0 0 0 0 0
109 1220 2 2 488 8 1 122 0 0
124 488 0 0 122 0 0 0 0 0
125 18 0 0 0 0 0 9 0 0
133 366 0 0 122 0 0 0 0 0
159 366 0 0 122 3 0 0 0 0
162 244 3 2 122 0 0 0 0 0
163 732 0 0 610 0 0 0 0 0
fl=./elf/./elf/dl-setup_hash.c
fn=_dl_setup_hash
25 7 0 0 0 0 0 0 0 0
28 21 1 1 7 0 0 0 0 0
31 21 0 0 14 0 0 0 0 0
32 14 1 1 7 7 7 7 1 1
33 7 0 0 7 0 0 0 0 0
34 7 0 0 7 0 0 0 0 0
36 21 0 0 0 0 0 0 0 0
37 7 0 0 0 0 0 7 0 0
38 21 0 0 7 0 0 7 0 0
40 7 0 0 0 0 0 7 0 0
41 14 0 0 0 0 0 0 0 0
43 7 0 0 0 0 0 7 0 0
45 21 1 1 0 0 0 7 0 0
50 7 0 0 7 0 0 0 0 0
fl=./elf/./elf/dl-sort-maps.c
fn=_dl_sort_maps
145 32 0 0 7 0 0 6 0 0
186 1 0 0 0 0 0 1 0 0
187 2 0 0 1 0 0 0 0 0
188 26 1 1 0 0 0 0 0 0
189 14 0 0 14 0 0 0 0 0
216 9 2 2 0 0 0 0 0 0
221 2 0 0 0 0 0 1 0 0
223 1 0 0 0 0 0 1 0 0
224 5 0 0 0 0 0 0 0 0
226 19 0 0 0 0 0 0 0 0
228 7 0 0 7 0 0 0 0 0
231 21 1 1 7 0 0 0 0 0
249 4 0 0 1 0 0 0 0 0
262 1 1 1 0 0 0 0 0 0
269 4 1 1 0 0 0 1 0 0
282 4 0 0 1 0 0 0 0 0
304 12 2 1 0 0 0 7 0 0
312 3 0 0 1 1 0 0 0 0
316 9 0 0 7 0 0 0 0 0
fn=_dl_sort_maps_init
295 1 1 1 0 0 0 0 0 0
296 4 0 0 0 0 0 1 0 0
297 1 0 0 0 0 0 1 0 0
298 3 0 0 1 0 0 0 0 0
299 2 0 0 1 0 0 0 0 0
fn=dfs_traversal.part.0
140 56 2 2 0 0 0 28 0 0
145 26 0 0 13 0 0 0 0 0
148 7 0 0 7 0 0 0 0 0
150 21 0 0 7 0 0 0 0 0
152 72 0 0 18 0 0 0 0 0
161 14 0 0 0 0 0 0 0 0
176 21 1 1 7 0 0 7 0 0
177 7 0 0 0 0 0 7 0 0
178 47 0 0 36 0 0 1 0 0
fl=./elf/./elf/dl-tunables.c
fn=__GI___tunable_set_val
158 30 1 1 0 0 0 0 0 0
160 5 0 0 0 0 0 0 0 0
fn=__GI___tunables_init
71 315 0 0 63 0 0 0 0 0
74 62 0 0 0 0 0 0 0 0
77 5852 1 1 836 29 29 0 0 0
81 124 0 0 0 0 0 0 0 0
86 248 1 1 0 0 0 0 0 0
152 124 1 1 0 0 0 0 0 0
273 3 0 0 1 0 0 0 0 0
282 8 1 1 0 0 0 6 0 0
305 9176 0 0 0 0 0 0 0 0
307 5 1 1 0 0 0 0 0 0
311 12586 0 0 4588 37 37 0 0 0
323 248 1 1 62 0 0 0 0 0
357 8 0 0 7 0 0 0 0 0
fn=__tunable_get_val
408 372 1 1 34 24 16 0 0 0
417 44 0 0 34 7 0 10 0 0
427 24 0 0 0 0 0 24 0 0
428 24 0 0 0 0 0 0 0 0
434 170 1 1 34 7 0 0 0 0
436 34 0 0 34 0 0 0 0 0
fn=do_tunable_update_val
99 5 1 1 0 0 0 0 0 0
102 15 0 0 5 0 0 0 0 0
111 5 0 0 5 0 0 0 0 0
112 20 0 0 10 0 0 0 0 0
113 25 0 0 10 0 0 0 0 0
116 10 0 0 0 0 0 0 0 0
119 15 0 0 0 0 0 0 0 0
123 20 0 0 0 0 0 0 0 0
130 10 0 0 0 0 0 0 0 0
131 10 0 0 0 0 0 0 0 0
134 5 0 0 0 0 0 5 0 0
135 5 0 0 0 0 0 5 0 0
136 5 0 0 0 0 0 5 0 0
137 5 0 0 0 0 0 5 0 0
138 5 0 0 5 0 0 0 0 0
fl=./elf/./elf/dl-tunables.h
fn=__GI___tunables_init
140 1554 1 1 704 1 1 0 0 0
141 2648 0 0 0 0 0 0 0 0
fn=do_tunable_update_val
121 10 0 0 0 0 0 0 0 0
122 5 1 1 0 0 0 0 0 0
131 5 1 1 0 0 0 0 0 0
fl=./elf/./elf/dl-version.c
fn=_dl_check_all_versions
392 5 1 1 0 0 0 4 0 0
394 2 0 0 0 0 0 0 0 0
396 26 0 0 7 0 0 0 0 0
397 7 0 0 0 0 0 0 0 0
398 63 1 1 7 0 0 7 0 0
401 7 0 0 5 0 0 0 0 0
fn=_dl_check_map_versions
36 171 0 0 22 0 0 0 0 0
37 47 0 0 47 0 0 0 0 0
38 290 1 1 0 0 0 58 0 0
56 180 0 0 135 0 0 0 0 0
64 135 0 0 45 0 0 0 0 0
70 135 0 0 45 1 0 0 0 0
86 45 0 0 45 1 0 0 0 0
87 90 1 1 0 0 0 0 0 0
89 45 0 0 45 0 0 0 0 0
94 1787 0 0 736 28 28 135 0 0
108 1472 0 0 736 12 12 0 0 0
110 45 1 1 45 0 0 0 0 0
113 315 1 1 90 3 3 90 0 0
120 2073 0 0 691 14 14 0 0 0
124 691 1 1 0 0 0 0 0 0
155 56 2 2 0 0 0 49 0 0
156 7 0 0 0 0 0 7 0 0
164 12 1 1 0 0 0 7 0 0
170 21 0 0 7 0 0 0 0 0
172 28 0 0 14 0 0 0 0 0
174 7 0 0 7 1 0 0 0 0
175 7 0 0 7 1 0 0 0 0
177 14 0 0 0 0 0 0 0 0
180 15 1 1 10 0 0 0 0 0
184 35 0 0 5 5 5 20 0 0
198 6 0 0 0 0 0 0 0 0
200 33 1 1 22 3 3 0 0 0
204 22 0 0 0 0 0 0 0 0
208 33 0 0 11 0 0 0 0 0
213 33 0 0 11 1 1 0 0 0
215 34 0 0 0 0 0 0 0 0
217 135 1 1 90 9 9 0 0 0
218 335 1 1 251 1 0 0 0 0
221 90 0 0 45 0 0 45 0 0
224 180 0 0 90 0 0 0 0 0
225 5 0 0 0 0 0 1 0 0
228 24 1 1 12 0 0 11 0 0
231 180 0 0 45 0 0 0 0 0
234 135 0 0 45 0 0 0 0 0
239 34 0 0 0 0 0 0 0 0
243 33 0 0 11 0 0 0 0 0
248 6 0 0 0 0 0 0 0 0
257 30 1 1 15 0 0 0 0 0
260 10 0 0 10 0 0 0 0 0
263 507 0 0 128 7 7 5 0 0
266 374 0 0 123 4 4 5 0 0
270 118 0 0 0 0 0 0 0 0
274 18 1 1 6 0 0 0 0 0
279 6 0 0 0 0 0 6 2 0
280 24 2 2 6 0 0 6 0 0
281 18 0 0 6 0 0 0 0 0
291 6 0 0 0 0 0 6 0 0
294 32 1 1 19 3 0 6 1 0
296 12 0 0 0 0 0 0 0 0
299 20 0 0 10 0 0 0 0 0
301 6 0 0 0 0 0 0 0 0
303 33 0 0 11 0 0 0 0 0
306 135 1 1 45 0 0 0 0 0
308 180 0 0 0 0 0 0 0 0
310 225 0 0 45 0 0 45 0 0
311 90 0 0 0 0 0 45 17 17
312 135 1 1 45 0 0 45 3 3
313 135 0 0 45 0 0 45 2 2
316 135 0 0 45 0 0 0 0 0
321 34 0 0 0 0 0 0 0 0
324 33 0 0 11 0 0 0 0 0
329 6 0 0 0 0 0 0 0 0
334 12 0 0 0 0 0 0 0 0
337 10 0 0 5 0 0 0 0 0
341 118 0 0 118 0 0 0 0 0
343 246 0 0 123 0 0 0 0 0
347 118 0 0 118 0 0 0 0 0
348 590 0 0 118 0 0 118 30 30
349 354 0 0 118 0 0 118 0 0
350 118 0 0 0 0 0 118 15 15
353 369 0 0 123 0 0 0 0 0
357 118 0 0 0 0 0 0 0 0
365 10 0 0 0 0 0 0 0 0
366 10 1 1 5 0 0 0 0 0
367 10 1 1 5 0 0 0 0 0
368 4 0 0 2 0 0 0 0 0
370 4 1 1 3 0 0 0 0 0
372 108 1 1 28 0 0 0 0 0
373 52 0 0 0 0 0 0 0 0
375 2 0 0 1 0 0 0 0 0
376 7 1 1 0 0 0 1 0 0
387 63 0 0 56 0 0 0 0 0
fl=./elf/./elf/do-rel.h
fn=_dl_relocate_object
49 42 1 1 14 2 0 0 0 0
50 42 0 0 14 0 0 14 0 0
51 7 0 0 7 0 0 0 0 0
53 84 0 0 28 1 0 14 0 0
72 11 0 0 0 0 0 0 0 0
73 13 2 2 0 0 0 8 1 0
80 42 0 0 14 0 0 0 0 0
83 3635 1 1 5 0 0 5 0 0
85 4800 1 1 1200 450 449 0 0 0
87 171 0 0 0 0 0 0 0 0
96 25 0 0 5 1 0 0 0 0
97 193 1 1 2 0 0 2 0 0
98 114 0 0 57 0 0 0 0 0
114 27 1 1 0 0 0 0 0 0
123 2731 1 1 0 0 0 0 0 0
124 1806 0 0 903 116 113 0 0 0
126 27 1 1 9 6 0 0 0 0
129 28 0 0 14 3 0 7 1 0
131 13569 1 1 3394 0 0 0 0 0
133 16935 0 0 10161 2108 1154 0 0 0
134 13548 0 0 3387 0 0 3387 0 0
135 10161 1 1 6774 0 0 3387 0 0
136 13548 0 0 3387 2 0 0 0 0
138 10161 0 0 0 0 0 0 0 0
140 10 0 0 2 0 0 4 0 0
143 2 0 0 0 0 0 0 0 0
147 3385 0 0 0 0 0 3385 0 0
150 10178 1 1 3385 0 0 0 0 0
151 12 1 1 4 0 0 0 0 0
163 36 0 0 18 0 0 0 0 0
164 28 2 2 4 0 0 2 0 0
165 6 0 0 2 0 0 0 0 0
168 6 0 0 4 0 0 0 0 0
170 16 1 1 4 1 0 2 0 0
171 2 0 0 2 0 0 0 0 0
172 4 0 0 2 0 0 0 0 0
179 35 0 0 8 0 0 3 0 0
181 42 0 0 12 2 2 6 0 0
182 12 0 0 12 0 0 0 0 0
184 18 1 1 0 0 0 0 0 0
192 6 0 0 0 0 0 6 0 0
195 18 1 1 6 0 0 0 0 0
209 6 0 0 3 0 0 0 0 0
fn=_dl_start
49 6 0 0 2 0 0 0 0 0
50 4 0 0 2 0 0 0 0 0
51 1 0 0 1 0 0 0 0 0
53 10 0 0 4 0 0 0 0 0
56 4 0 0 0 0 0 0 0 0
61 25 1 1 0 0 0 0 0 0
63 21 1 1 7 2 2 0 0 0
64 14 0 0 0 0 0 0 0 0
65 7 0 0 7 0 0 0 0 0
fl=./elf/./elf/get-dynamic-info.h
fn=_dl_map_object_from_fd
39 10 0 0 0 0 0 0 0 0
43 5 0 0 0 0 0 0 0 0
45 531 0 0 134 36 36 0 0 0
49 258 0 0 0 0 0 0 0 0
54 121 0 0 0 0 0 0 0 0
55 82 0 0 0 0 0 0 0 0
56 25 0 0 0 0 0 0 0 0
58 5 0 0 0 0 0 0 0 0
59 25 2 2 0 0 0 0 0 0
62 20 1 1 0 0 0 0 0 0
64 20 0 0 0 0 0 0 0 0
68 129 0 0 0 0 0 129 31 31
72 20 1 1 5 0 0 0 0 0
84 17 0 0 7 0 0 0 0 0
85 20 0 0 10 0 0 0 0 0
86 20 1 1 10 0 0 0 0 0
87 20 0 0 10 0 0 0 0 0
88 17 0 0 7 1 1 0 0 0
89 19 0 0 9 1 1 0 0 0
90 19 0 0 9 1 1 0 0 0
91 20 1 1 10 0 0 0 0 0
103 40 0 0 10 0 0 5 0 0
110 16 0 0 5 0 0 0 0 0
115 8 0 0 4 0 0 0 0 0
122 8 0 0 4 0 0 0 0 0
123 15 1 1 10 0 0 0 0 0
129 15 0 0 5 0 0 0 0 0
130 6 0 0 4 0 0 0 0 0
147 15 1 1 5 0 0 0 0 0
152 4 0 0 2 0 0 2 0 0
154 4 0 0 0 0 0 0 0 0
156 4 0 0 0 0 0 0 0 0
158 4 0 0 0 0 0 0 0 0
162 15 1 1 5 0 0 0 0 0
164 3 0 0 1 0 0 1 0 0
165 2 0 0 0 0 0 0 0 0
174 2 0 0 1 0 0 0 0 0
175 3 1 1 0 0 0 0 0 0
180 2 1 1 0 0 0 0 0 0
184 10 0 0 5 0 0 0 0 0
fl=./elf/./elf/libc_early_init.c
fn=__libc_early_init
33 6 2 2 1 0 0 2 0 0
35 1 0 0 0 0 0 1 0 0
38 2 0 0 1 0 0 1 1 1
41 2 0 0 0 0 0 2 1 1
47 4 0 0 2 0 0 0 0 0
49 2 1 1 1 0 0 0 0 0
fl=./elf/./elf/rtld.c
fn=_dl_start
84 8 0 0 0 0 0 2 1 1
460 2 1 1 0 0 0 1 0 0
478 3 0 0 0 0 0 1 0 0
479 1 1 1 0 0 0 1 0 0
480 2 0 0 1 0 0 1 0 0
482 2 0 0 0 0 0 1 1 1
491 1 0 0 0 0 0 1 0 0
497 4 1 0 1 0 0 1 0 0
499 2 0 0 1 0 0 0 0 0
520 15 1 1 0 0 0 8 2 2
546 1 0 0 0 0 0 1 1 1
549 2 0 0 0 0 0 1 0 0
550 1 1 1 1 1 1 0 0 0
566 144 6 6 27 5 5 7 0 0
568 1 0 0 1 0 0 0 0 0
581 1 0 0 0 0 0 1 0 0
588 9 1 1 7 2 0 0 0 0
fn=dl_main
84 18 3 3 0 0 0 1 0 0
91 12 1 1 0 0 0 0 0 0
92 2 0 0 0 0 0 1 0 0
100 9 3 3 4 1 0 0 0 0
196 2 0 0 0 0 0 1 0 0
198 1 0 0 0 0 0 1 0 0
223 4 1 1 4 1 1 0 0 0
224 4 1 1 3 0 0 0 0 0
225 5 0 0 0 0 0 0 0 0
295 3 0 0 0 0 0 3 0 0
301 1 0 0 0 0 0 1 0 0
302 1 0 0 0 0 0 1 0 0
843 1 0 0 1 0 0 0 0 0
845 1 0 0 0 0 0 1 0 0
854 1 0 0 0 0 0 1 0 0
856 1 0 0 0 0 0 1 0 0
861 1 0 0 0 0 0 1 0 0
1121 1 0 0 1 0 0 0 0 0
1122 1 0 0 1 0 0 0 0 0
1124 4 0 0 1 0 0 1 0 0
1127 2 0 0 1 0 0 1 0 0
1129 2 0 0 1 1 1 1 0 0
1131 1 0 0 1 0 0 0 0 0
1132 1 0 0 1 0 0 0 0 0
1147 1 0 0 0 0 0 0 0 0
1150 46 4 4 0 0 0 0 0 0
1151 117 1 1 22 7 7 0 0 0
1155 3 1 1 1 0 0 1 0 0
1160 3 0 0 2 0 0 1 0 0
1161 9 0 0 2 0 0 1 0 0
1170 2 0 0 0 0 0 1 0 0
1171 2 0 0 2 1 1 0 0 0
1173 1 0 0 0 0 0 1 0 0
1180 3 1 1 1 0 0 0 0 0
1198 2 0 0 0 0 0 1 0 0
1206 8 0 0 4 0 0 0 0 0
1207 17 1 1 5 1 1 0 0 0
1208 8 1 1 4 0 0 0 0 0
1209 1 0 0 0 0 0 1 0 0
1211 12 0 0 4 0 0 0 0 0
1212 14 0 0 0 0 0 0 0 0
1216 8 0 0 4 3 3 0 0 0
1217 8 1 1 4 0 0 0 0 0
1218 4 0 0 0 0 0 4 0 0
1219 10 0 0 5 0 0 0 0 0
1220 1 0 0 0 0 0 1 0 0
1224 12 0 0 0 0 0 0 0 0
1252 2 1 1 1 0 0 1 1 1
1256 4 0 0 2 1 1 1 1 1
1258 1 0 0 0 0 0 0 0 0
1262 26 0 0 0 0 0 0 0 0
1263 61 1 1 13 0 0 0 0 0
1269 17 0 0 0 0 0 1 0 0
1275 4 0 0 2 1 1 0 0 0
1278 3 1 1 2 0 0 0 0 0
1280 3 0 0 2 0 0 0 0 0
1282 2 0 0 1 0 0 0 0 0
1357 12 2 2 0 0 0 9 2 2
1362 1 0 0 0 0 0 1 0 0
1368 1 0 0 0 0 0 1 1 1
1384 3 0 0 2 0 0 1 0 0
1385 4 1 1 2 0 0 0 0 0
1654 9 2 2 0 0 0 2 0 0
1656 2 0 0 0 0 0 0 0 0
1657 3 0 0 1 0 0 1 0 0
1658 2 0 0 1 0 0 1 1 1
1659 3 1 1 2 0 0 1 0 0
1663 2 0 0 0 0 0 1 0 0
1664 2 0 0 1 0 0 0 0 0
1689 3 1 1 1 0 0 0 0 0
1690 6 0 0 2 0 0 1 0 0
1691 3 0 0 2 0 0 0 0 0
1692 3 0 0 3 0 0 0 0 0
1695 1 0 0 0 0 0 1 0 0
1697 1 1 1 0 0 0 1 1 1
1698 1 0 0 0 0 0 1 1 1
1700 2 0 0 1 0 0 0 0 0
1701 2 0 0 0 0 0 1 0 0
1705 2 0 0 1 0 0 0 0 0
1707 2 1 1 1 0 0 0 0 0
1715 4 1 1 2 0 0 0 0 0
1722 2 1 1 1 0 0 1 0 0
1725 2 0 0 1 0 0 0 0 0
1750 4 0 0 1 0 0 2 0 0
1752 1 0 0 0 0 0 1 0 0
1757 2 0 0 1 0 0 0 0 0
1760 4 1 1 2 0 0 1 0 0
1761 4 0 0 1 0 0 1 0 0
1762 3 0 0 2 0 0 1 0 0
1763 1 0 0 0 0 0 1 0 0
1764 1 1 1 1 0 0 0 0 0
1765 1 0 0 1 0 0 0 0 0
1776 2 0 0 1 1 1 0 0 0
1777 2 1 1 1 0 0 0 0 0
1779 2 0 0 1 0 0 0 0 0
1781 1 0 0 0 0 0 1 0 0
1782 3 0 0 1 0 0 1 0 0
1787 5 1 1 0 0 0 0 0 0
1788 5 0 0 1 1 1 0 0 0
1790 4 1 1 2 0 0 1 1 1
1796 2 0 0 1 1 1 0 0 0
1805 2 1 1 1 0 0 0 0 0
1809 1 0 0 0 0 0 0 0 0
1810 2 0 0 1 0 0 0 0 0
1834 2 1 1 0 0 0 2 0 0
1840 2 0 0 1 0 0 1 0 0
1841 1 0 0 0 0 0 1 0 0
1846 3 1 1 1 0 0 1 0 0
1851 3 0 0 2 0 0 0 0 0
1853 1 0 0 0 0 0 0 0 0
1855 2 0 0 1 0 0 0 0 0
1859 5 0 0 2 0 0 1 0 0
1864 2 0 0 1 0 0 0 0 0
1880 6 1 1 0 0 0 1 0 0
1956 4 0 0 2 0 0 0 0 0
1960 9 2 2 0 0 0 0 0 0
1961 1 0 0 0 0 0 0 0 0
1964 3 0 0 0 0 0 1 0 0
1965 1 0 0 1 0 0 0 0 0
1966 2 0 0 0 0 0 0 0 0
1967 2 0 0 0 0 0 0 0 0
1972 3 0 0 1 0 0 0 0 0
1982 9 0 0 2 0 0 1 0 0
1988 31 0 0 1 0 0 0 0 0
1989 17 0 0 15 0 0 0 0 0
1992 3 1 1 2 0 0 1 0 0
1993 2 0 0 0 0 0 0 0 0
1994 1 0 0 0 0 0 1 0 0
1996 26 0 0 1 0 0 0 0 0
1997 12 1 1 6 0 0 0 0 0
2001 2 0 0 0 0 0 0 0 0
2007 1 1 1 0 0 0 1 0 0
2009 3 0 0 1 0 0 1 0 0
2010 2 0 0 0 0 0 0 0 0
2012 2 1 1 0 0 0 1 0 0
2014 3 0 0 0 0 0 0 0 0
2016 3 0 0 1 0 0 0 0 0
2017 1 0 0 1 0 0 0 0 0
2018 2 0 0 0 0 0 0 0 0
2030 2 0 0 0 0 0 0 0 0
2031 2 0 0 1 0 0 1 0 0
2032 3 0 0 1 0 0 0 0 0
2043 5 0 0 1 1 0 1 0 0
2044 4 1 1 0 0 0 1 0 0
2045 4 0 0 1 0 0 1 0 0
2055 2 0 0 1 1 0 1 0 0
2056 2 0 0 1 0 0 0 0 0
2057 4 1 1 0 0 0 2 0 0
2059 2 0 0 0 0 0 0 0 0
2064 3 0 0 1 0 0 0 0 0
2263 3 1 1 1 0 0 1 0 0
2267 3 0 0 1 0 0 2 0 0
2273 2 0 0 1 0 0 1 0 0
2276 2 0 0 1 0 0 0 0 0
2284 2 0 0 2 0 0 0 0 0
2295 3 0 0 1 0 0 0 0 0
2298 1 0 0 1 0 0 0 0 0
2304 29 0 0 3 1 0 1 0 0
2306 14 1 1 14 4 0 0 0 0
2311 14 0 0 14 6 0 0 0 0
2313 16 0 0 0 0 0 0 0 0
2315 1 1 1 0 0 0 1 0 0
2316 1 0 0 1 0 0 0 0 0
2319 7 0 0 7 1 0 0 0 0
2321 14 0 0 0 0 0 0 0 0
2322 48 0 0 12 6 0 6 0 0
2326 18 1 1 9 4 0 0 0 0
2327 6 0 0 0 0 0 2 0 0
2336 2 0 0 1 0 0 0 0 0
2340 4 0 0 2 1 0 0 0 0
2342 1 0 0 1 0 0 0 0 0
2349 4 0 0 1 0 0 1 0 0
2352 2 0 0 1 0 0 0 0 0
2362 3 1 1 2 1 0 0 0 0
2364 2 0 0 1 0 0 0 0 0
2374 1 1 1 0 0 0 1 0 0
2379 3 1 1 1 0 0 1 0 0
2382 1 0 0 0 0 0 1 0 0
2388 1 0 0 1 0 0 0 0 0
2389 5 0 0 2 0 0 1 0 0
2397 3 0 0 1 0 0 1 0 0
2404 1 0 0 0 0 0 1 0 0
2408 3 0 0 0 0 0 1 0 0
2413 2 0 0 0 0 0 1 0 0
2414 1 0 0 0 0 0 1 0 0
2415 1 0 0 0 0 0 1 0 0
2420 1 1 1 0 0 0 1 0 0
2425 8 0 0 7 1 0 0 0 0
2558 2 1 1 1 0 0 1 0 0
2560 1 0 0 0 0 0 0 0 0
2564 6 0 0 1 0 0 1 0 0
2566 18 1 1 3 0 0 4 0 0
2568 2 0 0 0 0 0 0 0 0
2570 107 0 0 21 0 0 0 0 0
2571 19 0 0 0 0 0 0 0 0
2579 13 1 1 2 1 1 0 0 0
2600 2 1 1 1 0 0 0 0 0
2607 4 3 3 2 0 0 0 0 0
2609 2 0 0 0 0 0 1 0 0
2610 1 0 0 0 0 0 0 0 0
2655 3 1 1 1 0 0 0 0 0
2656 5 2 2 2 0 0 0 0 0
2658 2 0 0 0 0 0 1 0 0
2659 2 0 0 0 0 0 1 0 0
2660 1 0 0 0 0 0 0 0 0
2697 4 0 0 1 0 0 1 0 0
2722 2 0 0 0 0 0 0 0 0
fn=do_preload
810 6 1 1 0 0 0 3 0 0
812 1 0 0 0 0 0 1 0 0
816 1 0 0 0 0 0 1 0 0
817 1 0 0 0 0 0 1 0 0
818 1 0 0 0 0 0 1 0 0
820 1 0 0 1 0 0 0 0 0
822 6 1 1 0 0 0 1 0 0
823 3 0 0 1 0 0 0 0 0
831 3 0 0 1 0 0 0 0 0
837 5 0 0 4 0 0 0 0 0
fn=handle_preload_list
182 3 0 0 1 0 0 0 0 0
875 8 1 1 0 0 0 7 1 1
876 1 0 0 0 0 0 0 0 0
880 7 0 0 2 0 0 0 0 0
883 4 1 1 0 0 0 1 0 0
884 3 0 0 0 0 0 0 0 0
886 6 1 1 0 0 0 1 0 0
887 2 0 0 0 0 0 1 0 0
893 1 0 0 0 0 0 0 0 0
895 2 0 0 1 0 0 0 0 0
897 2 0 0 1 0 0 0 0 0
898 5 0 0 1 0 0 1 0 0
901 9 1 1 7 0 0 0 0 0
fn=init_tls
737 3 1 1 0 0 0 2 0 0
739 2 0 0 1 0 0 1 0 0
743 3 1 1 1 0 0 0 0 0
749 2 1 1 0 0 0 1 0 0
752 1 0 0 0 0 0 1 0 0
753 1 0 0 0 0 0 0 0 0
754 1 0 0 0 0 0 0 0 0
758 1 0 0 0 0 0 0 0 0
760 1 0 0 0 0 0 1 0 0
764 2 0 0 1 1 1 0 0 0
765 2 0 0 0 0 0 0 0 0
766 17 0 0 1 0 0 0 0 0
767 7 1 1 7 0 0 0 0 0
768 14 0 0 7 3 0 0 0 0
772 6 0 0 0 0 0 2 1 1
774 2 0 0 0 0 0 0 0 0
776 3 0 0 1 0 0 0 0 0
779 2 0 0 0 0 0 1 0 0
782 1 0 0 0 0 0 1 0 0
789 2 0 0 0 0 0 1 0 0
790 2 0 0 0 0 0 0 0 0
796 2 0 0 1 0 0 1 0 0
799 8 1 1 0 0 0 2 0 0
802 1 0 0 0 0 0 1 0 0
803 1 0 0 0 0 0 1 0 0
806 5 0 0 3 0 0 0 0 0
fn=map_doit
644 2 1 1 0 0 0 1 0 0
646 4 0 0 1 0 0 0 0 0
647 6 0 0 2 0 0 2 0 0
649 2 0 0 2 0 0 0 0 0
fn=version_check_doit
677 2 1 1 0 0 0 1 0 0
679 6 0 0 2 0 0 1 0 0
683 2 0 0 2 0 0 0 0 0
fl=./elf/./get-dynamic-info.h
fn=_dl_start
45 83 0 0 21 6 6 0 0 0
49 40 0 0 0 0 0 0 0 0
54 17 2 2 0 0 0 0 0 0
55 11 0 0 0 0 0 0 0 0
56 5 0 0 0 0 0 0 0 0
58 1 0 0 0 0 0 0 0 0
59 5 0 0 0 0 0 0 0 0
62 4 1 1 0 0 0 0 0 0
64 4 0 0 0 0 0 0 0 0
68 21 0 0 0 0 0 20 8 8
72 3 0 0 0 0 0 0 0 0
84 4 0 0 2 0 0 0 0 0
85 4 1 1 2 0 0 0 0 0
86 4 0 0 2 0 0 0 0 0
87 4 0 0 2 0 0 0 0 0
88 5 0 0 2 0 0 0 0 0
89 4 1 1 2 0 0 0 0 0
90 4 0 0 2 0 0 0 0 0
91 4 0 0 2 0 0 0 0 0
103 10 2 2 2 0 0 1 0 0
110 3 0 0 1 0 0 0 0 0
115 2 0 0 1 0 0 0 0 0
122 1 0 0 0 0 0 0 0 0
123 3 0 0 2 0 0 0 0 0
129 3 0 0 1 0 0 0 0 0
130 3 1 1 2 0 0 0 0 0
133 2 0 0 1 0 0 0 0 0
134 3 0 0 1 0 0 0 0 0
139 3 0 0 1 0 0 0 0 0
142 3 1 1 1 0 0 0 0 0
fn=dl_main
39 4 0 0 2 0 0 0 0 0
43 1 0 0 0 0 0 0 0 0
45 111 0 0 28 8 8 0 0 0
49 54 0 0 0 0 0 0 0 0
54 25 0 0 0 0 0 0 0 0
55 17 1 1 0 0 0 0 0 0
56 5 0 0 0 0 0 0 0 0
58 1 0 0 0 0 0 0 0 0
59 5 1 1 0 0 0 0 0 0
62 4 0 0 0 0 0 0 0 0
64 4 1 1 0 0 0 0 0 0
68 27 0 0 0 0 0 27 7 7
72 7 3 3 4 0 0 0 0 0
84 3 0 0 1 0 0 0 0 0
85 5 0 0 3 0 0 0 0 0
86 5 0 0 3 0 0 0 0 0
87 5 1 1 3 0 0 0 0 0
88 4 0 0 2 0 0 0 0 0
89 5 1 1 3 0 0 0 0 0
90 5 0 0 3 0 0 0 0 0
91 5 0 0 3 0 0 0 0 0
103 9 0 0 3 0 0 1 0 0
110 3 1 1 1 0 0 0 0 0
115 2 0 0 1 0 0 0 0 0
122 3 1 1 2 0 0 0 0 0
123 4 0 0 3 0 0 0 0 0
129 3 0 0 1 0 0 0 0 0
147 4 1 1 2 0 0 0 0 0
162 4 1 1 2 0 0 0 0 0
164 3 0 0 1 0 0 1 0 0
165 2 0 0 0 0 0 0 0 0
174 2 1 1 1 0 0 0 0 0
175 3 1 1 0 0 0 0 0 0
180 2 0 0 0 0 0 0 0 0
184 3 0 0 2 0 0 0 0 0
fl=./elf/./setup-vdso.h
fn=dl_main
24 2 0 0 1 0 0 0 0 0
fl=./iconv/./iconv/gconv_simple.c
fn=__gconv_btwoc_ascii
51 512 1 1 0 0 0 0 0 0
54 128 0 0 128 0 0 0 0 0
fl=./intl/../include/../locale/localeinfo.h
fn=__dcigettext
222 6 1 1 2 1 1 0 0 0
fl=./intl/./intl/dcgettext.c
fn=dcgettext
46 1 1 1 0 0 0 0 0 0
47 4 0 0 0 0 0 0 0 0
fl=./intl/./intl/dcigettext.c
fn=__dcigettext
485 16 2 2 1 0 0 12 0 0
494 1 0 0 0 0 0 1 0 0
508 2 0 0 0 0 0 0 0 0
512 4 1 1 0 0 0 0 0 0
521 4 0 0 2 2 0 1 0 0
525 2 0 0 0 0 0 1 0 0
528 2 0 0 0 0 0 1 0 0
534 2 1 1 1 1 1 0 0 0
544 1 0 0 0 0 0 1 0 0
545 2 0 0 1 0 0 1 0 0
546 1 0 0 0 0 0 1 0 0
547 2 0 0 1 0 0 1 0 0
551 3 0 0 0 0 0 2 0 0
560 1 0 0 0 0 0 1 0 0
567 2 1 1 0 0 0 1 0 0
569 6 0 0 0 0 0 2 0 0
571 2 0 0 0 0 0 1 0 0
573 2 0 0 0 0 0 0 0 0
587 1 0 0 1 0 0 0 0 0
601 5 1 1 2 1 1 0 0 0
616 5 1 1 0 0 0 1 0 0
650 4 0 0 0 0 0 2 0 0
651 8 1 1 0 0 0 2 0 0
655 9 1 1 0 0 0 4 1 1
660 10 1 1 0 0 0 1 0 0
669 3 0 0 1 0 0 0 0 0
671 2 1 1 0 0 0 0 0 0
683 5 0 0 1 0 0 0 0 0
684 3 0 0 0 0 0 1 0 0
685 1 0 0 0 0 0 1 0 0
689 4 0 0 2 2 2 0 0 0
696 4 0 0 2 0 0 0 0 0
709 2 0 0 0 0 0 1 0 0
833 2 1 1 1 0 0 1 0 0
835 2 0 0 0 0 0 1 0 0
837 2 0 0 0 0 0 1 0 0
852 3 1 1 2 0 0 1 0 0
856 3 0 0 1 0 0 0 0 0
857 12 0 0 9 0 0 0 0 0
1539 2 1 1 0 0 0 1 0 0
1568 4 1 1 2 1 1 0 0 0
fl=./io/../sysdeps/unix/sysv/linux/access.c
fn=access
27 7 0 0 0 0 0 1 0 0
31 1 0 0 1 0 0 0 0 0
fl=./io/../sysdeps/unix/sysv/linux/close_nocancel.c
fn=__GI___close_nocancel
26 24 1 1 0 0 0 0 0 0
27 6 0 0 6 0 0 0 0 0
fl=./io/../sysdeps/unix/sysv/linux/fstat64.c
fn=fstat
29 8 3 2 0 0 0 0 0 0
30 16 0 0 0 0 0 0 0 0
35 24 2 1 0 0 0 0 0 0
fl=./io/../sysdeps/unix/sysv/linux/fstatat64.c
fn=fstatat
99 36 0 0 0 0 0 0 0 0
154 18 3 2 0 0 0 0 0 0
168 18 0 0 0 0 0 9 0 0
169 63 0 0 9 0 0 0 0 0
170 9 0 0 9 0 0 0 0 0
fl=./io/../sysdeps/unix/sysv/linux/open64_nocancel.c
fn=__open_nocancel
28 19 0 0 0 0 0 19 2 2
31 133 1 1 0 0 0 0 0 0
39 172 1 1 0 0 0 13 0 0
41 19 0 0 19 0 0 0 0 0
fl=./io/../sysdeps/unix/sysv/linux/pread64_nocancel.c
fn=__pread64_nocancel
25 2 1 1 0 0 0 0 0 0
26 8 0 0 0 0 0 0 0 0
27 2 0 0 2 0 0 0 0 0
fl=./io/../sysdeps/unix/sysv/linux/read.c
fn=read
26 12 2 2 2 0 0 0 0 0
27 2 0 0 2 0 0 0 0 0
fl=./io/../sysdeps/unix/sysv/linux/read_nocancel.c
fn=__read_nocancel
26 20 1 1 0 0 0 0 0 0
27 5 0 0 5 0 0 0 0 0
fl=./io/../sysdeps/unix/sysv/linux/stat64.c
fn=stat
28 10 1 1 0 0 0 0 0 0
29 40 0 0 0 0 0 0 0 0
fl=./io/../sysdeps/unix/sysv/linux/write.c
fn=write
26 498 2 2 83 5 1 0 0 0
27 83 0 0 83 0 0 0 0 0
fl=./libio/../include/sys/sysmacros.h
fn=_IO_file_doallocate
47 6 1 1 0 0 0 0 0 0
fl=./libio/./libio/filedoalloc.c
fn=_IO_file_doallocate
78 16 2 1 2 0 0 8 0 0
84 18 0 0 6 0 0 2 0 0
86 8 0 0 2 0 0 0 0 0
89 2 0 0 0 0 0 0 0 0
91 2 1 0 1 0 0 0 0 0
94 2 0 0 1 0 0 0 0 0
97 8 2 1 2 0 0 0 0 0
101 6 0 0 0 0 0 2 0 0
102 4 0 0 0 0 0 0 0 0
104 8 0 0 0 0 0 2 0 0
105 2 0 0 0 0 0 0 0 0
106 16 1 1 12 0 0 0 0 0
fl=./libio/./libio/fileops.c
fn=_IO_do_write@@GLIBC_2.2.5
423 58 0 0 0 0 0 29 0 0
425 368 4 2 0 0 0 29 0 0
426 113 0 0 113 0 0 0 0 0
fn=_IO_file_overflow@@GLIBC_2.2.5
731 352 1 1 0 0 0 264 0 0
732 264 0 0 88 0 0 0 0 0
739 524 2 1 88 0 0 0 0 0
742 4 1 1 0 0 0 0 0 0
744 4 2 1 0 0 0 2 0 0
745 12 2 1 2 0 0 4 0 0
754 6 0 0 2 0 0 0 0 0
763 6 0 0 2 0 0 0 0 0
765 2 0 0 0 0 0 2 0 0
766 2 0 0 0 0 0 2 0 0
767 2 0 0 0 0 0 2 0 0
768 6 0 0 2 0 0 4 0 0
770 6 1 1 0 0 0 2 0 0
771 10 0 0 2 0 0 0 0 0
772 2 0 0 0 0 0 2 0 0
774 176 0 0 0 0 0 0 0 0
775 110 0 0 0 0 0 0 0 0
776 196 1 0 141 0 0 0 0 0
777 66 0 0 33 0 0 0 0 0
780 99 0 0 0 0 0 66 0 0
781 99 0 0 33 0 0 0 0 0
782 28 0 0 0 0 0 0 0 0
783 116 0 0 0 0 0 29 0 0
784 87 0 0 58 0 0 0 0 0
786 33 3 1 0 0 0 0 0 0
787 297 1 1 297 0 0 0 0 0
fn=_IO_file_read
1131 2 2 2 2 0 0 0 0 0
1132 2 0 0 0 0 0 0 0 0
1133 6 0 0 2 0 0 0 0 0
fn=_IO_file_stat
1147 4 0 0 2 0 0 0 0 0
fn=_IO_file_sync@@GLIBC_2.2.5
792 1568 1 1 0 0 0 784 0 0
797 1568 0 0 784 8 2 0 0 0
799 392 2 2 392 0 0 0 0 0
800 784 0 0 392 0 0 0 0 0
811 784 3 2 0 0 0 392 0 0
815 1568 0 0 1176 0 0 0 0 0
fn=_IO_file_underflow@@GLIBC_2.2.5
461 16 2 2 0 0 0 12 0 0
465 6 0 0 2 0 0 0 0 0
466 2 0 0 0 0 0 0 0 0
468 4 0 0 0 0 0 0 0 0
474 6 0 0 4 0 0 0 0 0
477 4 0 0 2 0 0 0 0 0
480 3 1 1 1 0 0 0 0 0
485 2 1 1 0 0 0 1 0 0
489 6 0 0 1 0 0 0 0 0
498 4 2 2 0 0 0 0 0 0
505 4 0 0 0 0 0 2 0 0
511 12 0 0 2 0 0 6 0 0
516 10 0 0 6 0 0 2 0 0
518 4 0 0 0 0 0 0 0 0
521 7 0 0 1 0 0 1 0 0
525 1 0 0 1 0 0 0 0 0
531 1 1 1 0 0 0 1 1 1
534 3 1 1 1 1 0 0 0 0
536 2 0 0 2 1 1 0 0 0
537 16 1 1 14 0 0 0 0 0
fn=_IO_file_write@@GLIBC_2.2.5
1173 498 2 2 0 0 0 332 1 0
1174 166 0 0 0 0 0 0 0 0
1175 498 0 0 0 0 0 0 0 0
1179 249 5 2 83 0 0 0 0 0
1180 249 0 0 83 0 0 83 0 0
1181 166 0 0 0 0 0 0 0 0
1186 83 0 0 0 0 0 0 0 0
1187 83 0 0 0 0 0 0 0 0
1189 249 4 2 0 0 0 0 0 0
1190 249 0 0 83 0 0 0 0 0
1193 498 0 0 415 0 0 0 0 0
fn=_IO_file_xsputn@@GLIBC_2.2.5
1197 570 3 1 0 0 0 342 0 0
1199 55 3 2 0 0 0 0 0 0
1203 114 0 0 0 0 0 0 0 0
1204 57 1 1 0 0 0 0 0 0
1210 228 0 0 57 0 0 0 0 0
1212 61 2 1 59 0 0 0 0 0
1213 4 0 0 0 0 0 0 0 0
1216 22 2 2 0 0 0 0 0 0
1218 24 0 0 8 0 0 0 0 0
1227 165 0 0 55 0 0 0 0 0
1228 2 0 0 0 0 0 0 0 0
1233 2 0 0 0 0 0 0 0 0
1235 6 0 0 0 0 0 4 0 0
1236 2 0 0 0 0 0 0 0 0
1237 8 0 0 0 0 0 0 0 0
1239 4 0 0 0 0 0 0 0 0
1243 330 3 2 110 9 1 55 0 0
1249 110 0 0 110 6 1 0 0 0
1250 113 0 0 0 0 0 0 0 0
1252 219 3 2 0 0 0 0 0 0
1254 216 0 0 0 0 0 54 0 0
1255 108 0 0 0 0 0 0 0 0
1256 108 0 0 0 0 0 0 0 0
1263 110 0 0 0 0 0 0 0 0
1264 4 0 0 0 0 0 1 0 0
1266 7 0 0 0 0 0 0 0 0
1267 456 1 1 399 0 0 0 0 0
fn=new_do_write
431 830 4 2 0 0 0 498 2 0
433 166 0 0 83 0 0 0 0 0
440 332 1 1 166 0 0 0 0 0
443 83 0 0 83 0 0 0 0 0
448 415 0 0 83 1 0 83 1 1
449 415 2 1 83 0 0 0 0 0
451 249 0 0 83 0 0 166 0 0
452 166 0 0 0 0 0 83 0 0
453 83 0 0 0 0 0 83 0 0
454 166 1 1 83 0 0 0 0 0
455 332 0 0 83 0 0 0 0 0
457 747 0 0 581 0 0 0 0 0
fl=./libio/./libio/genops.c
fn=_IO_default_uflow
361 8 2 2 0 0 0 4 0 0
362 6 0 0 4 0 0 2 0 0
363 4 0 0 0 0 0 0 0 0
365 4 0 0 2 0 0 1 0 0
366 8 0 0 6 0 0 0 0 0
fn=_IO_default_xsputn
371 234 4 2 0 0 0 182 3 1
374 52 0 0 0 0 0 0 0 0
375 13 0 0 13 0 0 0 0 0
379 68 2 2 34 0 0 0 0 0
381 36 0 0 0 0 0 0 0 0
384 24 0 0 0 0 0 0 0 0
386 12 0 0 0 0 0 6 1 1
387 6 0 0 0 0 0 0 0 0
389 18 0 0 0 0 0 0 0 0
393 120 0 0 0 0 0 0 0 0
394 116 1 1 40 0 0 49 1 1
397 12 0 0 0 0 0 0 0 0
399 66 0 0 12 0 0 4 0 0
401 4 0 0 0 0 0 0 0 0
404 208 3 2 182 0 0 0 0 0
fn=_IO_doallocbuf
330 1 0 0 0 0 0 0 0 0
332 1 0 0 0 0 0 1 0 0
333 1 0 0 0 0 0 1 1 0
337 2 0 0 0 0 0 1 0 0
343 9 0 0 0 0 0 9 0 0
344 6 1 1 3 0 0 0 0 0
346 15 1 1 4 0 0 0 0 0
347 10 1 0 4 0 0 2 0 0
349 2 1 1 0 0 0 0 0 0
350 12 2 0 12 0 0 0 0 0
fn=_IO_no_init
563 36 4 2 0 0 0 16 0 0
564 4 0 0 0 0 0 4 0 0
565 4 0 0 0 0 0 4 0 0
566 8 0 0 0 0 0 0 0 0
586 8 4 2 0 0 0 4 0 0
587 4 0 0 0 0 0 4 0 0
588 24 0 0 20 0 0 0 0 0
fn=_IO_old_init
532 8 0 0 0 0 0 4 0 0
534 24 4 2 4 4 2 4 0 0
539 28 0 0 0 0 0 24 0 0
544 4 0 0 0 0 0 4 0 0
550 8 4 2 0 0 0 4 0 0
555 12 0 0 4 0 0 0 0 0
558 4 0 0 4 0 0 0 0 0
fn=_IO_setb
329 54 6 2 0 0 0 24 0 0
330 32 0 0 12 0 0 0 0 0
332 6 0 0 0 0 0 6 0 0
333 6 0 0 0 0 0 6 0 0
335 36 0 0 0 0 0 6 0 0
338 36 4 1 30 0 0 0 0 0
fn=_IO_sputbackc
635 5788 3 1 0 0 0 2894 0 0
638 4341 0 0 2894 0 0 0 0 0
639 2894 0 0 1447 0 0 0 0 0
641 2894 3 1 0 0 0 1447 0 0
642 1447 0 0 0 0 0 0 0 0
647 1447 0 0 0 0 0 0 0 0
648 1447 0 0 1447 0 0 0 0 0
651 5788 0 0 4341 0 0 0 0 0
fn=_IO_switch_to_get_mode
164 8 2 2 0 0 0 4 0 0
165 6 0 0 4 0 0 0 0 0
168 6 2 2 2 0 0 0 0 0
172 4 0 0 2 0 0 2 0 0
173 4 0 0 2 0 0 0 0 0
176 2 0 0 0 0 0 2 0 0
178 4 0 0 0 0 0 4 0 0
180 4 2 2 0 0 0 2 0 0
181 2 0 0 0 0 0 0 0 0
182 8 0 0 6 0 0 0 0 0
fn=__overflow
199 58 4 2 0 0 0 29 0 0
201 87 0 0 29 0 0 0 0 0
203 87 0 0 58 0 0 0 0 0
204 58 4 2 29 0 0 0 0 0
fn=__uflow
299 8 2 2 0 0 0 4 0 0
300 9 3 3 2 2 1 1 0 0
305 4 0 0 2 0 0 0 0 0
308 6 0 0 4 0 0 0 0 0
310 4 0 0 2 0 0 0 0 0
316 4 0 0 2 0 0 0 0 0
321 6 1 1 2 0 0 0 0 0
323 8 2 2 4 0 0 0 0 0
324 6 0 0 4 0 0 0 0 0
fl=./libio/./libio/getc.c
fn=getc
34 8192 4 2 0 0 0 4096 0 0
37 4096 0 0 2048 5 2 0 0 0
38 12284 4 2 6142 17 11 2046 0 0
43 8190 2 2 6142 0 0 0 0 0
fl=./libio/./libio/iofflush.c
fn=fflush
32 1568 0 0 0 0 0 784 0 0
33 784 1 1 0 0 0 0 0 0
39 5096 1 1 2744 29 4 392 0 0
40 1960 0 0 784 16 2 392 1 0
44 1568 0 0 1176 0 0 0 0 0
fl=./libio/./libio/iofwrite.c
fn=fwrite
31 392 2 2 0 0 0 336 0 0
32 112 0 0 0 0 0 0 0 0
35 112 0 0 0 0 0 0 0 0
37 952 1 1 392 14 3 56 0 0
38 278 0 0 56 0 0 2 0 0
39 280 0 0 112 7 1 56 0 0
45 336 0 0 0 0 0 0 0 0
46 56 0 0 0 0 0 0 0 0
49 504 0 0 392 0 0 0 0 0
fl=./libio/./libio/ioungetc.c
fn=ungetc
31 8682 0 0 0 0 0 4341 0 0
34 2896 4 2 0 0 0 0 0 0
35 1 1 1 0 0 0 0 0 0
36 2894 0 0 1447 0 0 0 0 0
37 4341 3 1 0 0 0 0 0 0
42 5789 3 1 4342 0 0 0 0 0
fl=./libio/./libio/libioP.h
fn=_IO_default_uflow
940 6 2 2 0 0 0 0 0 0
942 4 0 0 0 0 0 0 0 0
943 4 0 0 0 0 0 0 0 0
fn=_IO_default_xsputn
940 91 2 2 0 0 0 0 0 0
942 8 0 0 0 0 0 0 0 0
943 8 0 0 0 0 0 0 0 0
946 18 0 0 0 0 0 0 0 0
fn=_IO_doallocbuf
940 6 0 0 0 0 0 0 0 0
942 4 0 0 0 0 0 0 0 0
943 4 0 0 0 0 0 0 0 0
fn=_IO_file_doallocate
940 6 2 1 0 0 0 0 0 0
942 4 0 0 0 0 0 0 0 0
943 4 0 0 0 0 0 0 0 0
fn=_IO_file_underflow@@GLIBC_2.2.5
940 4 0 0 0 0 0 0 0 0
942 8 2 2 0 0 0 0 0 0
943 4 0 0 0 0 0 0 0 0
fn=_IO_file_xsputn@@GLIBC_2.2.5
940 165 0 0 0 0 0 0 0 0
942 110 0 0 0 0 0 0 0 0
943 110 0 0 0 0 0 0 0 0
fn=__overflow
940 87 0 0 0 0 0 0 0 0
942 58 0 0 0 0 0 0 0 0
943 58 0 0 0 0 0 0 0 0
fn=__uflow
940 6 0 0 0 0 0 0 0 0
942 4 0 0 0 0 0 0 0 0
943 4 0 0 0 0 0 0 0 0
fn=fflush
883 784 0 0 392 0 0 0 0 0
884 3920 1 1 1568 0 0 784 0 0
940 1176 0 0 0 0 0 0 0 0
942 784 0 0 0 0 0 0 0 0
943 784 0 0 0 0 0 0 0 0
fn=fwrite
883 112 0 0 56 0 0 0 0 0
884 448 1 1 224 0 0 56 0 0
940 168 1 1 0 0 0 0 0 0
942 112 0 0 0 0 0 0 0 0
943 112 0 0 0 0 0 0 0 0
fn=new_do_write
940 249 0 0 0 0 0 0 0 0
942 249 0 0 0 0 0 0 0 0
943 166 0 0 0 0 0 0 0 0
fl=./libio/./libio/putc.c
fn=putc
25 174 4 2 0 0 0 87 0 0
28 58 0 0 29 0 0 0 0 0
29 203 4 2 58 0 0 0 0 0
34 116 4 2 87 0 0 0 0 0
fl=./libio/./libio/strops.c
fn=_IO_str_init_static_internal
36 32 4 2 0 0 0 16 0 0
40 8 0 0 0 0 0 0 0 0
42 4 3 2 0 0 0 0 0 0
43 20 0 0 0 0 0 0 0 0
46 20 4 2 0 0 0 4 0 0
48 4 0 0 0 0 0 4 0 0
49 4 0 0 0 0 0 4 0 0
50 4 0 0 0 0 0 4 0 0
51 12 0 0 0 0 0 0 0 0
53 4 0 0 0 0 0 4 0 0
54 4 0 0 0 0 0 4 0 0
55 4 0 0 0 0 0 4 0 0
64 4 0 0 0 0 0 4 0 0
65 24 0 0 20 0 0 0 0 0
fl=./libio/./libio/vasprintf.c
fn=__vasprintf_internal
34 17 2 2 3 1 0 8 0 0
45 2 0 0 0 0 0 1 0 0
46 2 0 0 0 0 0 0 0 0
49 1 0 0 0 0 0 1 0 0
51 8 1 1 0 0 0 1 0 0
52 2 0 0 0 0 0 1 0 0
53 5 1 1 0 0 0 1 0 0
54 1 0 0 1 0 0 0 0 0
55 2 0 0 1 0 0 1 0 0
57 6 0 0 0 0 0 1 0 0
58 2 0 0 0 0 0 0 0 0
60 1 1 1 1 0 0 0 0 0
65 4 0 0 2 0 0 0 0 0
66 2 0 0 1 0 0 0 0 0
67 3 0 0 0 0 0 0 0 0
79 4 0 0 0 0 0 2 0 0
81 2 0 0 0 0 0 0 0 0
83 1 0 0 0 0 0 1 0 0
85 12 1 1 9 0 0 0 0 0
fl=./libio/./libio/vsnprintf.c
fn=__vsnprintf_internal
95 39 6 4 3 0 0 21 0 0
99 3 0 0 0 0 0 3 0 0
104 6 0 0 0 0 0 0 0 0
110 21 0 0 0 0 0 3 0 0
111 6 0 0 0 0 0 3 0 0
112 3 3 2 0 0 0 3 0 0
113 27 3 2 3 0 0 6 0 0
114 15 0 0 0 0 0 3 0 0
116 6 0 0 3 0 0 0 0 0
117 6 0 0 3 0 0 3 0 0
119 33 0 0 27 0 0 0 0 0
fn=vsnprintf
124 6 2 2 0 0 0 0 0 0
fl=./libio/./libio/vtables.c
fn=check_stdfiles_vtables
84 4 1 1 2 2 0 0 0 0
85 3 1 1 2 1 0 0 0 0
86 3 0 0 2 1 0 0 0 0
88 1 0 0 1 0 0 0 0 0
fl=./locale/./locale/localename.c
fn=__current_locale_name
25 8 1 1 6 2 1 0 0 0
26 2 0 0 2 0 0 0 0 0
fl=./locale/./locale/newlocale.c
fn=newlocale
43 13 2 2 1 0 0 7 0 0
55 2 0 0 0 0 0 0 0 0
56 1 0 0 0 0 0 0 0 0
63 2 1 1 0 0 0 0 0 0
66 3 1 1 0 0 0 0 0 0
73 4 1 1 2 0 0 0 0 0
75 1 1 1 0 0 0 0 0 0
277 12 2 2 9 0 0 0 0 0
fl=./locale/./locale/uselocale.c
fn=uselocale
31 24 8 4 16 7 2 0 0 0
33 16 0 0 0 0 0 0 0 0
36 16 0 0 0 0 0 0 0 0
37 8 0 0 0 0 0 8 0 0
65 24 0 0 16 11 3 8 0 0
66 24 0 0 16 4 1 8 0 0
68 24 0 0 16 4 1 8 0 0
72 24 4 2 0 0 0 0 0 0
73 8 0 0 8 0 0 0 0 0
fl=./malloc/./malloc/arena.c
fn=free
162 108 0 0 0 0 0 0 0 0
fn=malloc
162 40 0 0 0 0 0 0 0 0
315 1 1 1 0 0 0 1 0 0
fn=ptmalloc_init.part.0
313 6 1 1 1 0 0 3 0 0
318 1 0 0 0 0 0 1 0 0
343 2 2 2 1 0 0 0 0 0
347 3 0 0 1 1 0 1 1 0
352 4 0 0 0 0 0 1 0 0
353 4 1 1 0 0 0 1 0 0
354 4 0 0 0 0 0 1 0 0
355 4 0 0 0 0 0 1 0 0
356 4 1 1 0 0 0 1 0 0
357 4 0 0 0 0 0 1 0 0
358 4 0 0 0 0 0 1 0 0
360 4 1 1 0 0 0 1 0 0
361 4 0 0 0 0 0 1 0 0
362 4 0 0 0 0 0 1 0 0
365 4 0 0 0 0 0 1 0 0
366 4 1 1 0 0 0 1 0 0
367 2 0 0 1 1 1 0 0 0
430 7 0 0 5 0 0 0 0 0
fn=realloc
162 7 1 1 1 0 0 0 0 0
fl=./malloc/./malloc/malloc.c
fn=_int_free
2006 18 3 1 6 0 0 0 0 0
3175 30 4 2 0 0 0 30 0 0
3177 120 4 2 30 7 0 30 0 0
3178 30 0 0 0 0 0 30 0 0
3179 60 0 0 0 0 0 30 0 0
4417 396 8 4 36 1 0 252 0 0
4427 108 0 0 36 0 0 0 0 0
4433 180 0 0 0 0 0 0 0 0
4434 72 0 0 0 0 0 0 0 0
4438 180 0 0 0 0 0 0 0 0
4445 72 0 0 0 0 0 0 0 0
4446 252 4 2 108 3 0 0 0 0
4449 36 0 0 0 0 0 0 0 0
4455 108 0 0 72 8 1 0 0 0
4464 36 0 0 36 0 0 0 0 0
4475 144 4 2 36 3 0 0 0 0
4478 30 0 0 0 0 0 0 0 0
4489 12 0 0 6 3 0 0 0 0
4500 24 0 0 6 0 0 0 0 0
4502 18 0 0 6 3 0 0 0 0
4523 6 0 0 0 0 0 6 3 0
4524 6 0 0 0 0 0 0 0 0
4528 18 0 0 6 0 0 0 0 0
4530 12 0 0 6 2 0 0 0 0
4534 12 0 0 0 0 0 0 0 0
4536 24 0 0 0 0 0 6 0 0
4537 6 0 0 0 0 0 6 0 0
4556 24 0 0 0 0 0 0 0 0
4698 396 8 4 324 0 0 0 0 0
fn=_int_malloc
1338 42 4 2 0 0 0 0 0 0
1357 84 0 0 0 0 0 0 0 0
1999 9 2 1 3 0 0 0 0 0
3171 3 0 0 0 0 0 3 0 0
3175 6 0 0 3 3 1 3 0 0
3177 13 0 0 5 0 0 3 0 0
3179 8 0 0 2 0 0 3 0 0
3180 1 0 0 0 0 0 0 0 0
3766 189 5 2 0 0 0 126 0 0
3807 42 0 0 0 0 0 0 0 0
3834 42 0 0 21 0 0 0 0 0
3836 90 0 0 0 0 0 0 0 0
3837 2 0 0 0 0 0 0 0 0
3839 15 0 0 15 5 3 0 0 0
3841 78 7 4 0 0 0 0 0 0
3843 4 0 0 0 0 0 0 0 0
3846 4 0 0 2 0 0 0 0 0
3847 10 0 0 2 1 1 2 0 0
3852 4 0 0 2 0 0 0 0 0
3853 4 2 2 0 0 0 0 0 0
3859 4 0 0 0 0 0 0 0 0
3860 12 0 0 6 0 0 0 0 0
3865 4 0 0 2 0 0 0 0 0
3866 20 2 2 8 0 0 0 0 0
3868 4 0 0 0 0 0 0 0 0
3870 4 0 0 2 0 0 0 0 0
3871 12 2 2 2 1 0 2 0 0
3897 12 3 1 0 0 0 0 0 0
3899 9 2 1 0 0 0 0 0 0
3900 32 7 4 0 0 0 0 0 0
3902 48 0 0 16 4 1 0 0 0
3904 1 0 0 1 0 0 0 0 0
3905 2 0 0 1 0 0 0 0 0
3907 1 0 0 1 0 0 0 0 0
3908 1 0 0 0 0 0 1 0 0
3909 1 0 0 0 0 0 1 0 0
3911 3 0 0 0 0 0 0 0 0
3917 2 0 0 0 0 0 0 0 0
3918 6 1 1 3 0 0 0 0 0
3923 6 0 0 2 0 0 0 0 0
3924 10 1 1 2 0 0 0 0 0
3926 2 0 0 0 0 0 0 0 0
3928 1 1 1 1 0 0 0 0 0
3929 1 0 0 1 0 0 0 0 0
3930 2 0 0 0 0 0 0 0 0
3932 1 0 0 0 0 0 1 0 0
3933 1 1 1 0 0 0 1 0 0
3940 1 0 0 0 0 0 0 0 0
3959 35 2 1 0 0 0 0 0 0
3960 9 1 0 3 2 0 0 0 0
3961 3 1 0 0 0 0 1 0 0
3978 18 0 0 0 0 0 0 0 0
3979 54 0 0 0 0 0 18 0 0
3980 88 4 3 53 0 0 0 0 0
3984 18 1 1 0 0 0 18 0 0
3989 1 0 0 0 0 0 0 0 0
3990 81 1 0 21 3 1 1 0 0
3992 2 0 0 2 0 0 0 0 0
3993 4 0 0 2 0 0 0 0 0
3994 2 0 0 0 0 0 0 0 0
3996 4 0 0 0 0 0 0 0 0
3997 6 1 1 2 1 0 0 0 0
3999 2 0 0 2 0 0 0 0 0
4000 8 0 0 0 0 0 0 0 0
4002 8 0 0 2 0 0 0 0 0
4004 4 1 1 2 0 0 0 0 0
4005 4 0 0 2 0 0 0 0 0
4007 4 0 0 0 0 0 0 0 0
4018 8 0 0 0 0 0 0 0 0
4049 2 0 0 0 0 0 2 0 0
4050 2 0 0 0 0 0 2 0 0
4054 4 0 0 0 0 0 0 0 0
4083 4 1 1 0 0 0 0 0 0
4085 4 1 1 0 0 0 0 0 0
4086 8 0 0 0 0 0 0 0 0
4087 2 0 0 2 0 0 0 0 0
4140 36 4 2 0 0 0 0 0 0
4143 12 1 1 2 0 0 0 0 0
4144 2 0 0 0 0 0 2 0 0
4145 2 0 0 0 0 0 2 0 0
4146 2 0 0 0 0 0 2 0 0
4147 2 0 0 0 0 0 2 0 0
4152 4 0 0 4 0 0 0 0 0
4153 4 0 0 0 0 0 0 0 0
4162 6 1 1 0 0 0 0 0 0
4168 2 0 0 0 0 0 0 0 0
4179 36 4 2 0 0 0 0 0 0
4181 9 0 0 0 0 0 0 0 0
4184 9 0 0 3 2 0 0 0 0
4252 18 0 0 0 0 0 0 0 0
4253 36 0 0 0 0 0 0 0 0
4254 36 0 0 0 0 0 0 0 0
4255 36 0 0 18 4 1 0 0 0
4256 54 4 2 0 0 0 0 0 0
4261 36 0 0 0 0 0 0 0 0
4265 189 0 0 0 0 0 0 0 0
4268 180 0 0 45 0 0 0 0 0
4365 18 0 0 18 0 0 0 0 0
4366 36 0 0 18 4 1 0 0 0
4368 36 0 0 18 0 0 0 0 0
4371 55 4 2 0 0 0 1 0 0
4373 17 0 0 0 0 0 0 0 0
4374 17 0 0 0 0 0 0 0 0
4375 17 0 0 0 0 0 17 0 0
4376 136 8 3 0 0 0 17 0 0
4378 34 0 0 0 0 0 17 14 14
4381 17 0 0 0 0 0 0 0 0
4382 17 0 0 0 0 0 0 0 0
4388 3 0 0 1 0 0 0 0 0
4403 4 2 2 0 0 0 1 0 0
4404 2 0 0 0 0 0 0 0 0
4405 108 2 1 18 0 0 36 0 0
4409 189 9 3 147 0 0 0 0 0
fn=_int_realloc
4814 7 1 1 0 0 0 6 0 0
4825 4 0 0 1 0 0 0 0 0
4826 4 0 0 1 0 0 0 0 0
4832 2 0 0 0 0 0 0 0 0
4834 2 1 1 0 0 0 0 0 0
4835 4 0 0 1 0 0 0 0 0
4837 4 0 0 0 0 0 0 0 0
4840 2 0 0 0 0 0 0 0 0
4854 4 1 1 0 0 0 0 0 0
4907 2 0 0 0 0 0 0 0 0
4909 2 0 0 0 0 0 0 0 0
4911 5 0 0 0 0 0 1 0 0
4912 1 0 0 1 0 0 0 0 0
4928 1 0 0 0 0 0 0 0 0
4929 9 0 0 7 0 0 0 0 0
fn=alloc_perturb
1999 54 4 2 18 0 0 0 0 0
2001 18 0 0 18 0 0 0 0 0
fn=free
3346 108 0 0 0 0 0 72 0 0
3350 74 4 2 0 0 0 0 0 0
3358 72 4 2 72 6 0 0 0 0
3360 36 0 0 0 0 0 0 0 0
3362 108 0 0 36 11 0 0 0 0
3379 108 0 0 72 6 0 0 0 0
3385 72 4 2 0 0 0 36 0 0
3388 36 0 0 0 0 0 36 0 0
3389 145 1 1 109 0 0 0 0 0
fn=malloc
1338 102 4 1 0 0 0 0 0 0
1357 255 1 1 0 0 0 0 0 0
3187 62 0 0 31 5 2 0 0 0
3188 62 0 0 0 0 0 0 0 0
3190 124 0 0 31 19 8 31 0 0
3191 62 2 1 0 0 0 31 0 0
3192 31 0 0 0 0 0 31 0 0
3235 4 1 1 2 0 0 1 0 0
3281 255 5 2 0 0 0 153 1 1
3288 102 0 0 51 7 2 0 0 0
3298 102 0 0 0 0 0 0 0 0
3300 204 0 0 102 13 2 0 0 0
3303 102 1 1 51 7 1 0 0 0
3305 147 4 1 49 7 1 0 0 0
3313 40 5 2 20 2 0 0 0 0
3315 80 3 1 0 0 0 20 0 0
3316 100 5 2 20 0 0 0 0 0
3341 255 4 1 204 0 0 0 0 0
fn=malloc_consolidate
4711 8 1 1 0 0 0 6 0 0
4726 1 0 0 0 0 0 1 0 0
4728 2 0 0 0 0 0 1 0 0
4739 1 0 0 0 0 0 0 0 0
4741 20 0 0 20 1 0 0 0 0
4742 20 0 0 0 0 0 0 0 0
4745 4 1 1 0 0 0 0 0 0
4749 6 0 0 2 2 0 0 0 0
4750 8 1 1 0 0 0 0 0 0
4755 10 0 0 2 0 0 0 0 0
4758 4 0 0 0 0 0 0 0 0
4759 2 0 0 0 0 0 0 0 0
4760 6 0 0 2 0 0 0 0 0
4762 4 0 0 0 0 0 0 0 0
4771 4 1 1 2 1 0 0 0 0
4774 4 1 1 2 2 0 0 0 0
4778 4 0 0 0 0 0 2 0 0
4780 2 0 0 2 0 0 0 0 0
4781 4 0 0 0 0 0 2 0 0
4782 4 0 0 2 0 0 2 0 0
4784 4 0 0 0 0 0 0 0 0
4789 6 0 0 0 0 0 2 0 0
4791 2 0 0 0 0 0 2 0 0
4792 2 0 0 0 0 0 2 0 0
4801 5 0 0 0 0 0 0 0 0
4804 30 0 0 10 0 0 0 0 0
4805 8 0 0 7 0 0 0 0 0
fn=ptmalloc_init.part.0
1960 385 1 1 0 0 0 0 0 0
1963 381 0 0 0 0 0 127 32 32
1971 1 0 0 0 0 0 1 0 0
1972 1 0 0 0 0 0 1 1 0
1974 1 0 0 0 0 0 1 0 0
3156 7 1 1 0 0 0 1 0 0
fn=realloc
1338 2 0 0 0 0 0 0 0 0
1357 6 0 0 0 0 0 0 0 0
3394 9 1 1 0 0 0 6 0 0
3400 2 1 1 1 0 0 0 0 0
3404 2 0 0 0 0 0 0 0 0
3411 2 0 0 0 0 0 0 0 0
3420 1 0 0 0 0 0 0 0 0
3422 3 0 0 1 0 0 0 0 0
3424 2 1 1 0 0 0 0 0 0
3425 1 0 0 0 0 0 0 0 0
3428 3 0 0 2 0 0 0 0 0
3436 4 1 1 0 0 0 0 0 0
3437 2 0 0 0 0 0 0 0 0
3447 2 1 1 0 0 0 0 0 0
3478 2 0 0 1 0 0 0 0 0
3480 7 0 0 0 0 0 2 0 0
3481 7 1 1 1 0 0 0 0 0
3510 9 0 0 7 0 0 0 0 0
fn=sysmalloc
2022 9 2 2 2 0 0 0 0 0
2034 3 1 1 0 0 0 1 0 0
2542 9 1 1 0 0 0 6 0 0
2562 4 1 1 3 0 0 1 0 0
2563 1 0 0 0 0 0 1 0 0
2573 2 0 0 0 0 0 0 0 0
2574 2 0 0 1 0 0 0 0 0
2600 1 0 0 1 0 0 0 0 0
2601 3 0 0 1 0 0 0 0 0
2602 1 0 0 0 0 0 0 0 0
2604 2 0 0 0 0 0 0 0 0
2611 5 1 1 0 0 0 0 0 0
2617 3 0 0 0 0 0 0 0 0
2620 3 1 1 0 0 0 0 0 0
2681 2 1 1 1 0 0 0 0 0
2690 4 0 0 1 0 0 0 0 0
2703 3 0 0 1 0 0 0 0 0
2711 5 0 0 0 0 0 1 0 0
2719 2 1 1 0 0 0 0 0 0
2721 5 1 1 0 0 0 3 0 0
2722 3 0 0 1 0 0 0 0 0
2723 1 0 0 1 0 0 0 0 0
2758 2 1 1 1 1 1 0 0 0
2759 2 2 2 0 0 0 1 0 0
2760 3 0 0 1 0 0 1 0 0
2766 2 1 1 0 0 0 0 0 0
2769 4 1 1 1 0 0 0 0 0
2809 3 1 1 0 0 0 0 0 0
2831 3 0 0 0 0 0 0 0 0
2832 7 1 1 0 0 0 1 0 0
2834 2 0 0 0 0 0 0 0 0
2835 5 0 0 0 0 0 3 0 0
2847 4 0 0 2 0 0 0 0 0
2889 1 0 0 0 0 0 1 0 0
2890 4 1 1 0 0 0 1 1 1
2891 5 0 0 2 0 0 1 0 0
2902 2 0 0 0 0 0 0 0 0
2935 2 1 1 1 0 0 0 0 0
2936 1 0 0 0 0 0 1 0 0
2941 2 0 0 1 0 0 0 0 0
2944 2 0 0 0 0 0 0 0 0
2946 1 0 0 0 0 0 0 0 0
2947 1 0 0 0 0 0 0 0 0
2948 1 0 0 0 0 0 1 0 0
2949 8 1 1 0 0 0 1 0 0
2950 2 0 0 0 0 0 1 1 1
2952 1 0 0 0 0 0 0 0 0
2958 11 1 1 9 0 0 0 0 0
fn=tcache_init.part.0
3229 3 1 1 0 0 0 2 0 0
3238 8 0 0 3 0 0 0 0 0
3239 4 1 1 0 0 0 1 0 0
3240 2 0 0 0 0 0 0 0 0
3248 4 0 0 2 0 0 0 0 0
3257 2 0 0 1 0 0 1 0 0
3258 88 1 1 0 0 0 81 9 9
3261 4 0 0 3 0 0 0 0 0
fl=./malloc/./malloc/morecore.c
fn=__glibc_morecore
25 2 0 0 0 0 0 0 0 0
26 4 1 1 2 0 0 0 0 0
29 2 1 1 0 0 0 2 0 0
30 4 0 0 0 0 0 0 0 0
34 4 0 0 2 0 0 0 0 0
fl=./malloc/./malloc/scratch_buffer_set_array_size.c
fn=__libc_scratch_buffer_set_array_size
30 45 1 1 0 0 0 15 0 0
34 5 0 0 0 0 0 0 0 0
35 10 0 0 0 0 0 0 0 0
45 10 0 0 5 0 0 0 0 0
46 5 0 0 0 0 0 0 0 0
63 20 1 1 20 0 0 0 0 0
fl=./math/../sysdeps/x86_64/fpu/multiarch/e_asin.c
fn=__asin_finite@GLIBC_2.15
27 1 0 0 1 0 0 0 0 0
fl=./math/../sysdeps/x86_64/fpu/multiarch/e_atan2.c
fn=__atan2_finite@GLIBC_2.15
26 1 0 0 1 0 0 0 0 0
fl=./math/../sysdeps/x86_64/fpu/multiarch/e_exp.c
fn=__exp_finite@GLIBC_2.15
27 1 0 0 1 0 0 0 0 0
fl=./math/../sysdeps/x86_64/fpu/multiarch/e_exp2f.c
fn=exp2f@@GLIBC_2.27
27 1 0 0 1 0 0 0 0 0
fl=./math/../sysdeps/x86_64/fpu/multiarch/e_expf.c
fn=expf@@GLIBC_2.27
27 1 0 0 1 0 0 0 0 0
fl=./math/../sysdeps/x86_64/fpu/multiarch/e_log.c
fn=__log_finite@GLIBC_2.15
27 1 0 0 1 0 0 0 0 0
fl=./math/../sysdeps/x86_64/fpu/multiarch/e_log2f.c
fn=log2f@@GLIBC_2.27
27 1 0 0 1 0 0 0 0 0
fl=./math/../sysdeps/x86_64/fpu/multiarch/e_logf.c
fn=logf@@GLIBC_2.27
27 1 0 0 1 0 0 0 0 0
fl=./math/../sysdeps/x86_64/fpu/multiarch/e_pow.c
fn=__pow_finite@GLIBC_2.15
27 1 0 0 1 0 0 0 0 0
fl=./math/../sysdeps/x86_64/fpu/multiarch/ifunc-avx-fma4.h
fn=__atan2_finite@GLIBC_2.15
32 5 1 1 2 0 0 0 0 0
33 2 1 1 1 0 0 0 0 0
fn=__exp_finite@GLIBC_2.15
32 5 2 2 2 0 0 0 0 0
33 2 0 0 1 0 0 0 0 0
fn=__log_finite@GLIBC_2.15
32 5 1 1 2 0 0 0 0 0
33 2 1 1 1 0 0 0 0 0
fn=cos
32 5 1 1 2 0 0 0 0 0
33 2 0 0 1 0 0 0 0 0
fn=sin
32 5 2 2 2 0 0 0 0 0
33 2 0 0 1 0 0 0 0 0
fl=./math/../sysdeps/x86_64/fpu/multiarch/ifunc-fma.h
fn=cosf
29 4 2 2 2 0 0 0 0 0
30 3 0 0 1 0 0 0 0 0
fn=exp2f@@GLIBC_2.27
29 4 1 1 2 0 0 0 0 0
30 3 1 1 1 0 0 0 0 0
fn=expf@@GLIBC_2.27
29 4 2 2 2 0 0 0 0 0
30 3 0 0 1 0 0 0 0 0
fn=log2f@@GLIBC_2.27
29 4 1 1 2 0 0 0 0 0
30 3 1 1 1 0 0 0 0 0
fn=logf@@GLIBC_2.27
29 4 1 1 2 0 0 0 0 0
30 3 0 0 1 0 0 0 0 0
fn=powf@@GLIBC_2.27
29 4 1 1 2 0 0 0 0 0
30 4 1 1 2 0 0 0 0 0
fn=sincosf
29 4 2 2 2 0 0 0 0 0
30 3 0 0 1 0 0 0 0 0
fn=sinf
29 4 1 1 2 0 0 0 0 0
30 3 0 0 1 0 0 0 0 0
fl=./math/../sysdeps/x86_64/fpu/multiarch/ifunc-fma4.h
fn=__acos_finite@GLIBC_2.15
31 4 1 1 2 0 0 0 0 0
32 2 0 0 1 0 0 0 0 0
35 1 0 0 1 0 0 0 0 0
fn=__asin_finite@GLIBC_2.15
31 4 1 1 2 0 0 0 0 0
32 2 0 0 1 0 0 0 0 0
fn=__pow_finite@GLIBC_2.15
31 4 1 1 2 0 0 0 0 0
32 2 0 0 1 0 0 0 0 0
fn=sincos
31 4 1 1 2 0 0 0 0 0
32 2 0 0 1 0 0 0 0 0
fl=./math/../sysdeps/x86_64/fpu/multiarch/s_cosf.c
fn=cosf
26 1 0 0 1 0 0 0 0 0
fl=./math/../sysdeps/x86_64/fpu/multiarch/s_fma.c
fn=fma
49 5 2 2 3 0 0 0 0 0
fl=./math/../sysdeps/x86_64/fpu/multiarch/s_sin.c
fn=cos
34 1 1 1 1 0 0 0 0 0
fn=sin
27 1 0 0 1 0 0 0 0 0
fl=./math/../sysdeps/x86_64/fpu/multiarch/s_sincos.c
fn=sincos
26 1 1 1 1 0 0 0 0 0
fl=./math/../sysdeps/x86_64/fpu/multiarch/s_sincosf.c
fn=sincosf
26 1 0 0 1 0 0 0 0 0
fl=./math/../sysdeps/x86_64/fpu/multiarch/s_sinf.c
fn=sinf
26 1 0 0 1 0 0 0 0 0
fl=./misc/../sysdeps/unix/syscall-template.S
fn=mprotect
117 28 1 1 0 0 0 0 0 0
122 7 0 0 7 0 0 0 0 0
fn=munmap
117 4 0 0 0 0 0 0 0 0
122 1 0 0 1 0 0 0 0 0
fl=./misc/../sysdeps/unix/sysv/linux/brk.c
fn=brk
37 4 0 0 2 0 0 2 0 0
38 4 0 0 0 0 0 0 0 0
44 2 0 0 0 0 0 0 0 0
45 2 0 0 2 0 0 0 0 0
fl=./misc/../sysdeps/unix/sysv/linux/brk_call.h
fn=brk
24 4 1 1 0 0 0 0 0 0
fl=./misc/../sysdeps/unix/sysv/linux/mmap64.c
fn=mmap
47 27 2 2 0 0 0 0 0 0
50 54 0 0 0 0 0 0 0 0
58 108 0 0 0 0 0 0 0 0
60 27 0 0 27 0 0 0 0 0
fl=./misc/./misc/init-misc.c
fn=__init_misc
30 4 0 0 0 0 0 2 0 0
31 5 2 2 1 0 0 0 0 0
33 3 0 0 0 0 0 1 0 0
37 5 0 0 1 0 0 1 1 0
38 3 0 0 2 0 0 1 0 0
40 4 0 0 3 0 0 0 0 0
fl=./misc/./misc/sbrk.c
fn=sbrk
37 8 2 2 0 0 0 6 0 0
40 4 0 0 4 1 0 0 0 0
43 4 0 0 2 0 0 0 0 0
58 4 0 0 0 0 0 0 0 0
59 4 0 0 0 0 0 1 0 0
62 4 0 0 0 0 0 0 0 0
63 1 1 1 1 0 0 0 0 0
66 4 0 0 0 0 0 0 0 0
74 3 1 1 0 0 0 1 0 0
78 10 0 0 8 0 0 0 0 0
fl=./misc/./misc/tsearch.c
fn=tfind
372 3 1 1 0 0 0 3 0 0
376 2 0 0 0 0 0 0 0 0
377 1 1 1 0 0 0 0 0 0
382 6 0 0 1 1 1 0 0 0
394 5 0 0 4 0 0 0 0 0
fl=./nptl/../nptl/descr.h
fn=pthread_setcancelstate
426 1 0 0 0 0 0 0 0 0
fl=./nptl/../sysdeps/nptl/futex-internal.h
fn=__pthread_once_slow
209 8 1 1 0 0 0 0 0 0
fl=./nptl/../sysdeps/unix/sysv/linux/internal-signals.h
fn=pthread_kill@@GLIBC_2.34
53 1 1 1 0 0 0 0 0 0
fl=./nptl/../sysdeps/unix/sysv/linux/x86/elision-conf.c
fn=__lll_elision_init
96 5 1 1 1 0 0 2 0 0
101 5 0 0 0 0 0 1 0 0
103 4 1 1 0 0 0 1 0 0
105 4 0 0 0 0 0 1 0 0
107 4 0 0 0 0 0 1 0 0
109 4 1 1 0 0 0 1 0 0
113 3 0 0 1 1 1 0 0 0
114 1 0 0 0 0 0 1 1 1
115 6 0 0 4 0 0 0 0 0
fl=./nptl/./nptl/alloca_cutoff.c
fn=__libc_alloca_cutoff
28 27 6 4 3 3 1 0 0 0
35 3 0 0 3 0 0 0 0 0
fl=./nptl/./nptl/cleanup_compat.c
fn=_pthread_cleanup_pop@@GLIBC_2.34
43 2 1 1 1 0 0 1 0 0
47 2 0 0 0 0 0 0 0 0
49 1 0 0 1 0 0 0 0 0
fn=_pthread_cleanup_push@@GLIBC_2.34
28 1 1 1 0 0 0 1 0 0
29 1 0 0 0 0 0 1 0 0
30 2 0 0 1 1 0 1 0 0
32 1 0 0 0 0 0 1 0 0
33 1 0 0 1 0 0 0 0 0
fl=./nptl/./nptl/libc-cleanup.c
fn=__libc_cleanup_pop_restore
55 1 1 1 1 0 0 0 0 0
57 2 0 0 1 0 0 1 0 0
59 1 0 0 1 0 0 0 0 0
60 3 0 0 1 0 0 0 0 0
71 1 1 1 1 0 0 0 0 0
fn=__libc_cleanup_push_defer
25 1 1 1 1 0 0 0 0 0
27 2 1 1 1 0 0 1 0 0
29 2 0 0 1 0 0 0 0 0
32 2 0 0 0 0 0 0 0 0
46 3 0 0 0 0 0 1 0 0
48 1 0 0 0 0 0 1 0 0
49 1 0 0 1 0 0 0 0 0
fl=./nptl/./nptl/pthread_kill.c
fn=__pthread_kill_implementation
29 10 1 1 1 0 0 6 0 0
31 2 1 1 1 0 0 0 0 0
42 3 1 1 0 0 0 0 0 0
43 6 0 0 0 0 0 1 0 0
fn=pthread_kill@@GLIBC_2.34
78 2 0 0 0 0 0 0 0 0
86 2 0 0 0 0 0 0 0 0
fl=./nptl/./nptl/pthread_mutex_conf.c
fn=__pthread_tunables_init
50 5 2 2 1 0 0 2 0 0
51 5 0 0 0 0 0 1 0 0
53 4 0 0 0 0 0 1 0 0
55 6 1 1 4 0 0 0 0 0
fl=./nptl/./nptl/pthread_once.c
fn=__pthread_once_slow
68 9 1 1 1 0 0 4 0 0
76 1 0 0 1 0 0 0 0 0
80 2 0 0 0 0 0 0 0 0
88 2 1 1 1 1 1 0 0 0
92 2 0 0 1 0 0 0 0 0
101 4 0 0 0 0 0 0 0 0
114 13 2 2 0 0 0 7 0 0
116 1 0 0 0 0 0 1 0 0
118 3 0 0 0 0 0 1 0 0
124 1 0 0 0 0 0 1 0 0
132 9 0 0 6 0 0 0 0 0
fn=pthread_once@@GLIBC_2.34
139 17 4 2 17 4 1 0 0 0
140 34 0 0 0 0 0 0 0 0
143 1 0 0 0 0 0 0 0 0
144 32 0 0 16 0 0 0 0 0
fl=./nptl/./nptl/pthread_rwlock_common.c
fn=pthread_rwlock_rdlock@@GLIBC_2.34
298 12 2 2 6 4 4 0 0 0
310 9 0 0 3 0 0 0 0 0
353 9 0 0 6 0 0 0 0 0
370 6 0 0 0 0 0 0 0 0
390 6 0 0 0 0 0 0 0 0
391 3 0 0 0 0 0 0 0 0
fn=pthread_rwlock_unlock@@GLIBC_2.34
221 18 0 0 3 0 0 0 0 0
232 3 0 0 3 0 0 0 0 0
236 3 1 1 0 0 0 0 0 0
240 9 0 0 0 0 0 0 0 0
243 12 1 1 0 0 0 0 0 0
244 6 0 0 0 0 0 0 0 0
254 9 0 0 3 0 0 0 0 0
259 6 0 0 0 0 0 0 0 0
275 9 0 0 0 0 0 0 0 0
fl=./nptl/./nptl/pthread_rwlock_rdlock.c
fn=pthread_rwlock_rdlock@@GLIBC_2.34
23 9 0 0 0 0 0 9 0 0
29 15 0 0 12 0 0 0 0 0
fl=./nptl/./nptl/pthread_rwlock_unlock.c
fn=pthread_rwlock_unlock@@GLIBC_2.34
30 12 1 1 0 0 0 6 0 0
38 9 0 0 3 0 0 0 0 0
39 3 0 0 3 0 0 0 0 0
44 15 0 0 9 0 0 0 0 0
fl=./nptl/./nptl/pthread_self.c
fn=pthread_self
25 2 1 1 2 0 0 0 0 0
fl=./nptl/./nptl/pthread_setcancelstate.c
fn=pthread_setcancelstate
28 2 1 1 0 0 0 0 0 0
29 2 0 0 1 0 0 0 0 0
33 3 0 0 2 1 1 0 0 0
38 6 0 0 0 0 0 0 0 0
40 2 0 0 0 0 0 0 0 0
44 2 1 1 0 0 0 0 0 0
47 2 0 0 1 0 0 0 0 0
50 2 0 0 0 0 0 0 0 0
fl=./posix/../sysdeps/unix/syscall-template.S
fn=getpid
91 2 1 1 0 0 0 0 0 0
93 1 0 0 1 0 0 0 0 0
fl=./resource/../sysdeps/unix/sysv/linux/getrlimit64.c
fn=getrlimit
38 1 1 1 0 0 0 0 0 0
39 7 0 0 0 0 0 0 0 0
40 1 0 0 1 0 0 0 0 0
fl=./setjmp/../sysdeps/x86_64/bsd-_setjmp.S
fn=_setjmp
30 1 1 1 0 0 0 0 0 0
32 1 0 0 0 0 0 0 0 0
fl=./setjmp/../sysdeps/x86_64/setjmp.S
fn=__sigsetjmp
32 13 2 2 0 0 0 13 0 0
41 13 0 0 0 0 0 0 0 0
42 26 1 1 13 0 0 0 0 0
43 13 0 0 0 0 0 13 0 0
47 13 0 0 0 0 0 13 2 2
48 13 0 0 0 0 0 13 0 0
49 13 0 0 0 0 0 13 0 0
50 13 0 0 0 0 0 13 0 0
51 13 0 0 0 0 0 0 0 0
53 26 0 0 13 0 0 0 0 0
55 13 0 0 0 0 0 13 0 0
56 13 0 0 13 0 0 0 0 0
59 26 1 1 13 0 0 0 0 0
61 13 1 1 0 0 0 13 0 0
80 12 0 0 0 0 0 0 0 0
81 12 0 0 12 0 0 0 0 0
84 1 0 0 0 0 0 0 0 0
fl=./setjmp/./setjmp/sigjmp.c
fn=__sigjmp_save
28 2 0 0 0 0 0 1 0 0
29 1 0 0 0 0 0 1 0 0
30 2 0 0 0 0 0 0 0 0
34 3 0 0 2 0 0 0 0 0
fl=./signal/../sysdeps/posix/raise.c
fn=raise
25 2 1 1 0 0 0 1 0 0
26 4 0 0 0 0 0 2 0 0
fl=./stdio-common/../include/../locale/localeinfo.h
fn=__printf_fp_l
331 9 0 0 6 6 2 3 0 0
fl=./stdio-common/../include/rounding-mode.h
fn=__printf_fp_l
49 2 1 1 0 0 0 0 0 0
52 10 1 0 0 0 0 0 0 0
fl=./stdio-common/../libio/libioP.h
fn=__vfprintf_internal
940 25 0 0 0 0 0 5 0 0
942 70 0 0 0 0 0 0 0 0
943 70 3 2 20 0 0 0 0 0
fn=buffered_vfprintf
940 3 0 0 0 0 0 0 0 0
942 2 1 1 0 0 0 0 0 0
943 2 0 0 0 0 0 0 0 0
fl=./stdio-common/../sysdeps/generic/get-rounding-mode.h
fn=__printf_fp_l
94 3 1 0 0 0 0 3 0 0
95 21 3 2 3 0 0 0 0 0
fl=./stdio-common/../sysdeps/pthread/allocalim.h
fn=__printf_fp_l
27 6 0 0 0 0 0 3 0 0
29 15 3 2 0 0 0 3 0 0
fl=./stdio-common/./stdio-common/_itoa.c
fn=_itoa_word
163 1 0 0 0 0 0 0 0 0
166 4 1 1 0 0 0 0 0 0
168 4 0 0 0 0 0 0 0 0
177 29 1 1 2 1 1 2 0 0
186 2 1 1 1 0 0 0 0 0
fl=./stdio-common/./stdio-common/asprintf.c
fn=asprintf
26 10 2 2 1 0 0 5 0 0
30 6 1 1 0 0 0 4 0 0
31 3 0 0 0 0 0 1 0 0
35 5 0 0 3 0 0 0 0 0
fl=./stdio-common/./stdio-common/fxprintf.c
fn=__fxprintf
78 10 2 2 1 0 0 5 0 0
80 6 1 1 0 0 0 4 0 0
81 3 0 0 0 0 0 1 0 0
84 5 0 0 3 0 0 0 0 0
fn=__vfxprintf
67 4 1 1 0 0 0 2 0 0
68 2 0 0 0 0 0 0 0 0
69 3 1 1 2 1 1 0 0 0
70 13 1 1 7 3 0 1 0 0
71 2 0 0 0 0 0 1 0 0
72 12 0 0 5 0 0 2 0 0
74 4 0 0 3 0 0 0 0 0
fn=locked_vfxprintf
28 16 2 2 1 0 0 8 0 0
29 3 0 0 1 1 0 0 0 0
30 3 1 1 0 0 0 1 0 0
62 11 1 1 9 0 0 0 0 0
fl=./stdio-common/./stdio-common/printf-parse.h
fn=__vfprintf_internal
82 68 3 2 5 0 0 22 1 1
fl=./stdio-common/./stdio-common/printf_fp.c
fn=__printf_fp
1278 3 0 0 0 0 0 0 0 0
1279 15 3 2 6 0 0 0 0 0
fn=__printf_fp_l
216 48 6 4 3 0 0 27 3 0
233 3 0 0 0 0 0 3 2 0
234 3 0 0 0 0 0 3 0 0
257 3 0 0 0 0 0 3 0 0
266 15 0 0 3 0 0 3 0 0
274 3 3 2 0 0 0 3 0 0
277 6 0 0 0 0 0 0 0 0
280 6 0 0 3 3 1 3 0 0
298 9 0 0 3 0 0 0 0 0
341 3 3 2 0 0 0 3 0 0
387 6 0 0 0 0 0 0 0 0
388 6 0 0 3 0 0 3 0 0
392 6 3 2 0 0 0 0 0 0
396 51 9 6 9 6 4 3 2 0
400 3 3 2 0 0 0 0 0 0
418 9 6 4 3 0 0 0 0 0
432 15 3 2 3 0 0 0 0 0
433 3 0 0 0 0 0 0 0 0
434 6 0 0 0 0 0 0 0 0
437 21 3 2 0 0 0 3 0 0
438 12 0 0 0 0 0 3 0 0
439 12 3 2 0 0 0 3 0 0
445 3 0 0 0 0 0 3 0 0
446 6 0 0 0 0 0 0 0 0
649 6 3 2 0 0 0 0 0 0
652 3 0 0 0 0 0 3 0 0
662 3 0 0 0 0 0 0 0 0
665 15 3 2 0 0 0 3 2 0
666 15 3 2 6 0 0 6 0 0
669 3 0 0 0 0 0 3 0 0
670 15 0 0 3 0 0 3 0 0
675 36 3 2 0 0 0 0 0 0
677 72 0 0 36 15 10 0 0 0
684 15 3 2 6 0 0 0 0 0
685 6 0 0 3 0 0 0 0 0
686 3 0 0 3 3 2 0 0 0
688 3 0 0 3 0 0 0 0 0
690 15 0 0 0 0 0 3 0 0
693 18 3 2 6 0 0 3 0 0
697 18 0 0 6 0 0 0 0 0
698 6 0 0 0 0 0 0 0 0
699 12 0 0 0 0 0 0 0 0
706 15 0 0 3 0 0 0 0 0
728 9 0 0 0 0 0 0 0 0
736 9 6 4 0 0 0 3 0 0
737 12 0 0 3 0 0 0 0 0
742 9 0 0 0 0 0 0 0 0
745 9 0 0 3 0 0 0 0 0
746 6 6 4 0 0 0 0 0 0
753 3 0 0 0 0 0 0 0 0
756 15 0 0 0 0 0 0 0 0
769 12 0 0 0 0 0 0 0 0
779 6 3 2 3 0 0 3 0 0
782 9 3 2 3 0 0 3 0 0
787 36 0 0 0 0 0 0 0 0
789 180 3 2 3 0 0 0 0 0
791 6 0 0 0 0 0 0 0 0
795 5 0 0 3 0 0 1 0 0
796 2 0 0 1 0 0 1 0 0
799 3 1 1 2 0 0 0 0 0
800 7 0 0 1 0 0 0 0 0
808 4 1 1 1 0 0 1 0 0
809 2 1 1 1 0 0 1 0 0
810 1 0 0 1 0 0 0 0 0
813 9 2 1 3 0 0 3 0 0
831 9 3 2 6 0 0 3 0 0
835 3 0 0 0 0 0 3 0 0
840 3 3 2 0 0 0 3 0 0
841 18 3 2 12 3 2 3 0 0
843 6 0 0 0 0 0 0 0 0
847 6 0 0 3 0 0 3 0 0
853 6 3 2 3 0 0 0 0 0
861 3 0 0 3 0 0 0 0 0
873 21 0 0 3 0 0 6 0 0
874 9 0 0 3 0 0 0 0 0
875 6 3 2 0 0 0 0 0 0
878 3 0 0 0 0 0 3 0 0
888 12 6 4 3 0 0 6 0 0
895 15 3 2 3 0 0 3 0 0
898 18 3 2 9 0 0 3 0 0
901 6 0 0 3 0 0 0 0 0
915 9 0 0 3 0 0 0 0 0
916 3 0 0 3 0 0 0 0 0
922 3 0 0 0 0 0 0 0 0
924 3 0 0 0 0 0 3 0 0
932 18 0 0 0 0 0 3 0 0
933 6 3 2 3 0 0 0 0 0
936 15 0 0 6 0 0 0 0 0
954 6 3 2 3 0 0 3 0 0
955 3 0 0 3 0 0 0 0 0
956 18 3 2 3 0 0 6 0 0
960 6 0 0 0 0 0 0 0 0
961 9 3 2 0 0 0 3 0 0
962 31 3 2 3 0 0 3 0 0
963 150 0 0 50 0 0 0 0 0
965 22 0 0 0 0 0 0 0 0
966 66 0 0 22 0 0 44 0 0
967 22 0 0 0 0 0 0 0 0
969 106 3 2 0 0 0 0 0 0
971 4 0 0 4 0 0 0 0 0
972 12 6 4 4 0 0 0 0 0
978 12 0 0 6 0 0 0 0 0
979 15 3 2 3 0 0 9 0 0
981 24 0 0 6 0 0 0 0 0
982 2 0 0 0 0 0 0 0 0
983 10 4 4 4 0 0 0 0 0
986 4 0 0 2 0 0 0 0 0
991 14 2 2 3 0 0 0 0 0
1003 2 0 0 0 0 0 0 0 0
1007 1 0 0 0 0 0 0 0 0
1008 5 0 0 1 0 0 0 0 0
1013 6 1 1 2 0 0 0 0 0
1014 3 0 0 0 0 0 1 0 0
1015 3 1 1 1 0 0 0 0 0
1017 2 0 0 0 0 0 1 0 0
1028 2 0 0 1 0 0 0 0 0
1039 3 3 2 0 0 0 0 0 0
1097 19 0 0 6 0 0 0 0 0
1099 1 0 0 0 0 0 0 0 0
1100 1 0 0 0 0 0 0 0 0
1104 6 0 0 0 0 0 0 0 0
1107 9 3 2 3 0 0 0 0 0
1120 9 6 4 3 0 0 0 0 0
1166 21 6 4 9 0 0 0 0 0
1168 24 3 2 3 0 0 6 0 0
1170 33 3 2 9 0 0 0 0 0
1175 6 0 0 0 0 0 0 0 0
1177 6 0 0 0 0 0 0 0 0
1180 15 6 4 6 0 0 0 0 0
1188 9 3 2 3 0 0 0 0 0
1195 9 3 2 6 0 0 0 0 0
1200 12 3 2 3 0 0 6 0 0
1202 12 0 0 6 0 0 0 0 0
1203 6 0 0 0 0 0 0 0 0
1207 9 3 2 3 0 0 0 0 0
1209 6 0 0 3 0 0 0 0 0
1220 15 0 0 0 0 0 0 0 0
1221 6 0 0 0 0 0 3 0 0
1227 135 6 4 18 0 0 15 0 0
1228 81 3 2 27 0 0 0 0 0
1229 12 0 0 3 0 0 3 0 0
1230 48 0 0 0 0 0 0 0 0
1233 48 0 0 0 0 0 24 0 0
1237 12 0 0 6 0 0 0 0 0
1254 375 6 4 84 0 0 57 0 0
1257 6 3 2 3 0 0 0 0 0
1268 9 3 2 6 0 0 0 0 0
1272 36 3 2 27 0 0 0 0 0
fn=hack_digit
170 100 3 2 0 0 0 50 0 0
173 275 3 2 75 0 0 25 0 0
175 63 0 0 21 0 0 0 0 0
177 84 3 2 63 0 0 0 0 0
178 105 0 0 0 0 0 42 0 0
209 21 0 0 0 0 0 0 0 0
210 125 0 0 75 0 0 0 0 0
fl=./stdio-common/./stdio-common/vfprintf-internal.c
fn=__vfprintf_internal
127 317 4 3 0 0 0 0 0 0
192 4 2 2 0 0 0 0 0 0
239 175 2 2 55 5 3 25 0 0
351 9 0 0 0 0 0 0 0 0
352 9 0 0 0 0 0 0 0 0
354 6 3 2 0 0 0 3 0 0
684 66 4 2 0 0 0 48 4 1
714 30 0 0 18 0 0 12 2 2
718 5 3 2 0 0 0 5 0 0
722 30 8 4 6 0 0 0 0 0
726 30 0 0 12 0 0 0 0 0
737 12 0 0 0 0 0 0 0 0
740 8 1 1 4 0 0 0 0 0
744 10 0 0 0 0 0 5 0 0
748 20 0 0 10 0 0 10 2 1
752 5 0 0 0 0 0 5 0 0
759 5 0 0 0 0 0 5 1 1
763 20 3 2 0 0 0 10 2 0
767 25 0 0 10 0 0 0 0 0
771 15 4 2 10 0 0 0 0 0
775 40 0 0 15 12 5 5 0 0
795 12 0 0 0 0 0 12 0 0
796 12 0 0 0 0 0 12 0 0
797 12 0 0 0 0 0 12 0 0
798 12 0 0 0 0 0 12 0 0
799 12 0 0 0 0 0 0 0 0
802 12 0 0 0 0 0 0 0 0
803 12 0 0 0 0 0 0 0 0
804 12 0 0 0 0 0 12 0 0
805 12 0 0 0 0 0 0 0 0
806 12 0 0 0 0 0 12 0 0
807 12 0 0 0 0 0 0 0 0
810 12 0 0 0 0 0 12 0 0
811 24 0 0 0 0 0 12 0 0
817 180 8 4 36 8 4 12 0 0
896 1 0 0 1 0 0 0 0 0
925 9 6 4 3 0 0 3 0 0
926 9 0 0 3 0 0 0 0 0
930 9 6 4 0 0 0 6 0 0
931 12 0 0 3 0 0 0 0 0
946 21 0 0 6 0 0 3 0 0
949 18 3 2 3 0 0 0 0 0
967 42 3 2 9 6 4 0 0 0
1035 6 3 2 3 0 0 0 0 0
1038 108 6 4 24 0 0 18 0 0
1058 33 9 6 9 0 0 6 0 0
1059 6 0 0 0 0 0 3 0 0
1062 6 3 2 0 0 0 0 0 0
1067 6 0 0 0 0 0 0 0 0
1086 12 0 0 12 0 0 0 0 0
1092 36 3 2 12 0 0 12 0 0
1096 48 4 2 0 0 0 0 0 0
1098 29 0 0 12 0 0 0 0 0
1111 10 4 2 5 0 0 0 0 0
1112 10 0 0 5 0 0 0 0 0
1115 67 4 2 51 0 0 0 0 0
fn=buffered_vfprintf
1716 12 1 1 1 0 0 6 0 0
1724 6 2 2 1 0 0 0 0 0
1728 1 0 0 0 0 0 1 1 1
1734 3 0 0 0 0 0 2 1 1
1735 1 0 0 0 0 0 1 1 1
1737 1 0 0 0 0 0 1 1 1
1742 1 0 0 0 0 0 1 0 0
1744 2 0 0 1 1 0 1 1 1
1745 2 1 1 0 0 0 1 0 0
1748 3 0 0 0 0 0 1 1 1
1751 6 1 1 1 0 0 3 0 0
1752 8 0 0 5 0 0 0 0 0
1764 5 1 1 2 0 0 0 0 0
1766 5 0 0 3 1 0 1 0 0
1767 3 0 0 0 0 0 0 0 0
1772 7 0 0 3 0 0 1 0 0
1773 2 1 1 0 0 0 1 0 0
1776 11 0 0 8 0 0 0 0 0
fl=./stdio-common/./stdio-common/vfprintf-process-arg.c
fn=__vfprintf_internal
66 1 1 1 0 0 0 1 0 0
67 1 0 0 0 0 0 0 0 0
92 2 0 0 0 0 0 1 0 0
93 1 0 0 0 0 0 1 0 0
94 3 1 1 0 0 0 2 0 0
134 3 1 1 1 0 0 0 0 0
136 2 1 1 0 0 0 0 0 0
138 2 1 1 0 0 0 0 0 0
139 7 0 0 2 0 0 1 0 0
144 2 1 1 0 0 0 0 0 0
164 12 1 1 1 0 0 3 0 0
166 6 0 0 2 0 0 0 0 0
169 5 0 0 2 0 0 0 0 0
174 9 2 1 2 0 0 0 0 0
178 5 1 1 1 0 0 0 0 0
180 3 0 0 1 0 0 0 0 0
182 3 1 1 1 0 0 0 0 0
184 5 1 1 1 0 0 0 0 0
188 5 0 0 3 0 0 0 0 0
191 2 0 0 1 0 0 0 0 0
194 2 0 0 0 0 0 0 0 0
204 2 0 0 0 0 0 0 0 0
210 1 0 0 0 0 0 0 0 0
213 2 0 0 0 0 0 0 0 0
288 2 0 0 1 0 0 0 0 0
302 7 2 2 3 0 0 1 0 0
305 3 0 0 1 0 0 0 0 0
307 2 1 0 0 0 0 0 0 0
309 2 1 1 0 0 0 0 0 0
310 2 0 0 0 0 0 1 0 0
363 56 2 2 21 0 0 7 0 0
368 14 1 1 0 0 0 0 0 0
382 49 2 2 7 0 0 0 0 0
392 14 0 0 0 0 0 0 0 0
397 28 1 1 0 0 0 7 0 0
419 21 1 1 7 0 0 0 0 0
429 14 0 0 0 0 0 0 0 0
fl=./stdlib/../sysdeps/ieee754/dbl-64/dbl2mpn.c
fn=__mpn_extract_double
33 6 0 0 0 0 0 0 0 0
35 3 3 2 0 0 0 0 0 0
37 9 3 2 0 0 0 3 0 0
38 15 0 0 0 0 0 3 0 0
47 9 0 0 0 0 0 3 1 0
56 9 0 0 0 0 0 0 0 0
103 6 3 2 0 0 0 3 0 0
107 6 0 0 3 0 0 0 0 0
fl=./stdlib/../sysdeps/unix/sysv/linux/getrandom.c
fn=getrandom
29 6 1 1 1 0 0 0 0 0
30 1 0 0 1 0 0 0 0 0
fl=./stdlib/../sysdeps/unix/sysv/linux/internal-signals.h
fn=abort
73 6 0 0 0 0 0 0 0 0
fl=./stdlib/../sysdeps/unix/sysv/linux/internal-sigset.h
fn=abort
94 1 0 0 0 0 0 1 0 0
fl=./stdlib/../sysdeps/x86_64/lshift.S
fn=__mpn_lshift
29 3 3 2 0 0 0 0 0 0
30 3 0 0 0 0 0 0 0 0
32 3 0 0 0 0 0 0 0 0
33 3 0 0 0 0 0 0 0 0
34 3 0 0 0 0 0 0 0 0
46 3 3 2 0 0 0 0 0 0
47 3 0 0 0 0 0 0 0 0
48 3 0 0 3 0 0 0 0 0
49 3 0 0 0 0 0 0 0 0
50 3 0 0 0 0 0 0 0 0
51 3 0 0 0 0 0 0 0 0
52 3 0 0 0 0 0 0 0 0
58 3 0 0 0 0 0 0 0 0
59 3 0 0 0 0 0 3 0 0
60 3 0 0 3 0 0 0 0 0
fl=./stdlib/../sysdeps/x86_64/mul_1.S
fn=__mpn_mul_1
32 25 3 2 0 0 0 25 0 0
35 25 0 0 0 0 0 0 0 0
36 25 0 0 25 0 0 0 0 0
37 25 0 0 0 0 0 0 0 0
38 25 0 0 0 0 0 0 0 0
39 25 0 0 0 0 0 0 0 0
41 25 3 2 0 0 0 0 0 0
42 25 0 0 0 0 0 0 0 0
44 25 0 0 0 0 0 0 0 0
45 25 0 0 0 0 0 0 0 0
46 25 0 0 0 0 0 0 0 0
47 25 0 0 0 0 0 0 0 0
48 21 0 0 0 0 0 0 0 0
50 21 0 0 0 0 0 0 0 0
51 21 0 0 0 0 0 0 0 0
52 21 0 0 0 0 0 21 0 0
53 21 0 0 0 0 0 0 0 0
79 4 3 2 0 0 0 0 0 0
80 4 0 0 0 0 0 0 0 0
81 4 0 0 0 0 0 0 0 0
82 4 0 0 0 0 0 0 0 0
83 4 0 0 0 0 0 0 0 0
84 4 0 0 0 0 0 0 0 0
85 4 3 2 4 0 0 0 0 0
86 4 0 0 0 0 0 0 0 0
87 4 0 0 0 0 0 0 0 0
113 4 3 2 0 0 0 0 0 0
114 4 0 0 0 0 0 0 0 0
115 4 0 0 0 0 0 0 0 0
117 4 0 0 0 0 0 4 2 0
118 4 0 0 0 0 0 0 0 0
119 4 0 0 0 0 0 0 0 0
120 4 3 2 0 0 0 4 0 0
121 4 0 0 0 0 0 0 0 0
122 25 0 0 0 0 0 0 0 0
124 25 0 0 25 0 0 0 0 0
127 25 0 0 25 0 0 0 0 0
fl=./stdlib/../sysdeps/x86_64/rshift.S
fn=__mpn_rshift
29 4 3 2 0 0 0 0 0 0
30 4 0 0 0 0 0 0 0 0
31 4 0 0 0 0 0 0 0 0
44 4 0 0 0 0 0 0 0 0
45 4 0 0 0 0 0 0 0 0
61 4 3 2 0 0 0 0 0 0
62 4 0 0 4 0 0 0 0 0
63 4 0 0 4 0 0 0 0 0
64 4 0 0 0 0 0 0 0 0
65 4 0 0 0 0 0 0 0 0
66 4 0 0 0 0 0 0 0 0
67 4 0 0 0 0 0 0 0 0
72 4 0 0 0 0 0 0 0 0
73 4 0 0 0 0 0 4 0 0
74 4 3 2 0 0 0 0 0 0
75 4 0 0 0 0 0 4 0 0
76 4 0 0 4 0 0 0 0 0
fl=./stdlib/./stdlib/abort.c
fn=abort
49 6 1 1 1 0 0 3 0 0
53 9 0 0 4 0 0 1 0 0
58 2 1 1 1 1 1 0 0 0
60 1 0 0 0 0 0 1 0 0
68 3 0 0 1 0 0 0 0 0
76 2 1 1 0 0 0 1 0 0
77 9 0 0 3 0 0 2 0 0
79 2 0 0 0 0 0 1 0 0
fl=./stdlib/./stdlib/cxa_atexit.c
fn=__cxa_atexit
70 24 2 1 0 0 0 0 0 0
fn=__internal_atexit
36 60 2 1 0 0 0 48 0 0
41 24 0 0 0 0 0 0 0 0
43 96 0 0 12 2 1 0 0 0
44 24 2 1 0 0 0 12 0 0
46 24 0 0 0 0 0 0 0 0
53 36 0 0 12 0 0 0 0 0
55 12 0 0 0 0 0 12 0 0
56 12 0 0 0 0 0 12 6 6
57 12 0 0 0 0 0 12 0 0
58 12 0 0 0 0 0 12 0 0
59 48 0 0 24 0 0 0 0 0
60 12 0 0 0 0 0 0 0 0
61 72 2 1 60 0 0 0 0 0
fn=__new_exitfn
82 48 0 0 0 0 0 24 0 0
83 12 0 0 0 0 0 0 0 0
88 24 1 1 12 2 1 0 0 0
93 64 0 0 13 2 0 0 0 0
95 48 1 1 12 0 0 0 0 0
96 55 0 0 11 1 0 0 0 0
103 1 0 0 0 0 0 1 0 0
106 22 0 0 0 0 0 0 0 0
124 1 0 0 0 0 0 0 0 0
125 1 1 1 0 0 0 1 0 0
131 33 0 0 0 0 0 0 0 0
132 22 0 0 0 0 0 11 0 0
136 1 0 0 0 0 0 0 0 0
138 12 1 1 0 0 0 12 0 0
139 12 0 0 12 0 0 0 0 0
143 60 0 0 36 0 0 0 0 0
fl=./stdlib/./stdlib/mul.c
fn=__mpn_mul
48 48 6 4 3 0 0 21 2 0
54 6 0 0 0 0 0 0 0 0
66 6 0 0 0 0 0 0 0 0
71 3 3 2 3 3 2 0 0 0
72 6 0 0 0 0 0 0 0 0
81 21 3 2 9 0 0 9 2 0
83 3 0 0 0 0 0 3 0 0
84 3 0 0 0 0 0 0 0 0
88 6 0 0 0 0 0 0 0 0
141 3 3 2 0 0 0 3 0 0
142 33 0 0 27 0 0 0 0 0
fl=./string/../include/rtld-malloc.h
fn=strdup
56 12 0 0 6 0 0 6 0 0
fl=./string/../string/strcspn.c
fn=strcspn
32 3 1 1 0 0 0 1 0 0
33 3 0 0 1 1 1 0 0 0
34 2 0 0 1 0 0 0 0 0
39 6 1 1 0 0 0 4 2 2
40 4 0 0 0 0 0 4 1 1
41 4 1 1 0 0 0 4 1 1
42 4 0 0 0 0 0 4 0 0
44 1 0 0 0 0 0 0 0 0
47 9 0 0 3 0 0 3 0 0
48 6 0 0 0 0 0 0 0 0
51 4 1 1 2 0 0 0 0 0
52 4 0 0 2 0 0 0 0 0
53 4 0 0 2 0 0 0 0 0
54 4 0 0 2 0 0 0 0 0
56 3 0 0 0 0 0 0 0 0
61 12 0 0 0 0 0 0 0 0
62 24 1 1 24 1 1 0 0 0
63 24 0 0 24 0 0 0 0 0
64 24 0 0 24 0 0 0 0 0
65 12 0 0 12 0 0 0 0 0
67 72 0 0 12 0 0 0 0 0
69 1 0 0 0 0 0 0 0 0
70 4 1 1 0 0 0 0 0 0
71 3 0 0 2 0 0 0 0 0
fl=./string/../sysdeps/x86/cacheinfo.c
fn=__x86_cacheinfo
86 2 0 0 1 0 0 0 0 0
fl=./string/../sysdeps/x86/cacheinfo.h
fn=__x86_cacheinfo
61 1 1 1 1 0 0 0 0 0
64 3 0 0 1 1 0 0 0 0
66 3 0 0 0 0 0 1 0 0
67 1 1 1 0 0 0 1 1 1
73 3 0 0 1 0 0 0 0 0
75 3 0 0 0 0 0 1 0 0
76 1 0 0 0 0 0 1 0 0
80 2 0 0 1 0 0 1 1 1
82 2 1 1 1 0 0 1 0 0
83 2 0 0 1 1 0 1 0 0
84 2 0 0 1 0 0 1 0 0
86 2 0 0 1 0 0 0 0 0
fl=./string/../sysdeps/x86_64/multiarch/../multiarch/memcmp-sse2.S
fn=bcmp
71 1 1 1 0 0 0 0 0 0
72 1 0 0 0 0 0 0 0 0
94 1 0 0 0 0 0 0 0 0
95 1 0 0 0 0 0 0 0 0
140 1 1 1 1 0 0 0 0 0
141 1 0 0 1 0 0 0 0 0
143 1 0 0 0 0 0 0 0 0
144 1 0 0 0 0 0 0 0 0
146 1 0 0 1 0 0 0 0 0
147 1 0 0 1 0 0 0 0 0
149 1 0 0 0 0 0 0 0 0
150 1 0 0 0 0 0 0 0 0
197 1 0 0 0 0 0 0 0 0
198 1 0 0 0 0 0 0 0 0
199 1 0 0 0 0 0 0 0 0
200 1 0 0 0 0 0 0 0 0
201 1 0 0 0 0 0 0 0 0
202 1 0 0 1 0 0 0 0 0
fl=./string/../sysdeps/x86_64/multiarch/../multiarch/memset-vec-unaligned-erms.S
fn=memset
141 55 1 1 0 0 0 0 0 0
146 11 0 0 0 0 0 0 0 0
147 11 0 0 0 0 0 0 0 0
150 9 0 0 0 0 0 0 0 0
151 9 0 0 0 0 0 0 0 0
153 1 0 0 0 0 0 1 1 1
154 1 0 0 0 0 0 1 0 0
155 1 0 0 1 0 0 0 0 0
189 4 0 0 0 0 0 4 0 0
190 4 0 0 0 0 0 4 0 0
192 4 0 0 4 0 0 0 0 0
252 8 0 0 0 0 0 8 4 4
253 8 0 0 0 0 0 8 2 2
265 8 0 0 0 0 0 0 0 0
268 8 0 0 0 0 0 0 0 0
269 8 1 1 0 0 0 0 0 0
281 4 0 0 0 0 0 4 1 1
282 4 0 0 0 0 0 4 2 2
295 4 0 0 0 0 0 0 0 0
296 4 0 0 0 0 0 0 0 0
298 4 0 0 0 0 0 0 0 0
301 3 0 0 0 0 0 0 0 0
304 6 0 0 0 0 0 0 0 0
307 87 0 0 0 0 0 87 56 56
308 87 0 0 0 0 0 87 0 0
309 87 0 0 0 0 0 87 29 29
310 87 0 0 0 0 0 87 0 0
311 87 0 0 0 0 0 0 0 0
312 87 0 0 0 0 0 0 0 0
313 87 0 0 0 0 0 0 0 0
316 4 0 0 0 0 0 4 1 1
317 4 0 0 0 0 0 4 0 0
318 4 1 0 0 0 0 4 0 0
319 4 0 0 0 0 0 4 1 1
324 4 0 0 4 0 0 0 0 0
358 2 1 1 0 0 0 0 0 0
360 2 0 0 0 0 0 0 0 0
361 2 0 0 0 0 0 0 0 0
400 2 0 0 0 0 0 2 2 2
401 2 0 0 0 0 0 2 0 0
403 2 0 0 2 0 0 0 0 0
fl=./string/../sysdeps/x86_64/multiarch/../multiarch/strchr-sse2.S
fn=index
33 27 1 1 0 0 0 0 0 0
34 27 0 0 0 0 0 0 0 0
35 27 0 0 0 0 0 0 0 0
36 27 0 0 0 0 0 0 0 0
37 27 0 0 0 0 0 0 0 0
38 27 0 0 0 0 0 0 0 0
39 27 0 0 0 0 0 0 0 0
40 27 0 0 0 0 0 0 0 0
41 27 0 0 27 4 4 0 0 0
42 27 0 0 0 0 0 0 0 0
43 27 0 0 0 0 0 0 0 0
44 27 0 0 0 0 0 0 0 0
45 27 0 0 0 0 0 0 0 0
46 27 0 0 0 0 0 0 0 0
47 27 0 0 0 0 0 0 0 0
48 27 1 1 0 0 0 0 0 0
49 27 0 0 0 0 0 0 0 0
50 23 0 0 0 0 0 0 0 0
54 23 0 0 0 0 0 0 0 0
55 23 0 0 0 0 0 0 0 0
56 23 0 0 23 0 0 0 0 0
57 23 0 0 0 0 0 0 0 0
59 23 0 0 23 0 0 0 0 0
63 4 0 0 4 0 0 0 0 0
64 4 0 0 0 0 0 0 0 0
65 4 0 0 0 0 0 0 0 0
66 4 0 0 0 0 0 0 0 0
67 4 0 0 0 0 0 0 0 0
68 4 0 0 0 0 0 0 0 0
69 4 0 0 4 0 0 0 0 0
70 4 0 0 0 0 0 0 0 0
71 4 0 0 0 0 0 0 0 0
72 4 1 1 0 0 0 0 0 0
73 4 0 0 0 0 0 0 0 0
74 4 0 0 0 0 0 0 0 0
75 4 0 0 0 0 0 0 0 0
76 4 0 0 4 2 2 0 0 0
77 4 0 0 0 0 0 0 0 0
78 4 0 0 0 0 0 0 0 0
79 4 0 0 0 0 0 0 0 0
80 4 0 0 0 0 0 0 0 0
81 4 0 0 0 0 0 0 0 0
82 4 0 0 0 0 0 0 0 0
83 4 0 0 0 0 0 0 0 0
84 4 0 0 0 0 0 0 0 0
85 4 0 0 0 0 0 0 0 0
86 4 0 0 0 0 0 0 0 0
138 4 1 1 0 0 0 0 0 0
142 4 0 0 0 0 0 0 0 0
143 4 0 0 0 0 0 0 0 0
144 4 0 0 4 0 0 0 0 0
145 4 0 0 0 0 0 0 0 0
147 4 0 0 4 0 0 0 0 0
fl=./string/../sysdeps/x86_64/multiarch/../multiarch/strcmp-sse2.S
fn=strcmp
131 2272 2 2 0 0 0 0 0 0
132 2272 0 0 0 0 0 0 0 0
134 2272 0 0 0 0 0 0 0 0
135 2272 0 0 0 0 0 0 0 0
156 2272 0 0 0 0 0 0 0 0
157 2272 0 0 0 0 0 0 0 0
158 1171 0 0 0 0 0 0 0 0
159 1171 0 0 0 0 0 0 0 0
160 1038 0 0 1038 102 41 0 0 0
161 1038 0 0 1038 25 13 0 0 0
162 1038 1 1 1038 0 0 0 0 0
163 1038 0 0 1038 0 0 0 0 0
180 1038 0 0 0 0 0 0 0 0
181 1038 0 0 0 0 0 0 0 0
182 1038 0 0 0 0 0 0 0 0
183 1038 0 0 0 0 0 0 0 0
184 1038 0 0 0 0 0 0 0 0
185 1038 0 0 0 0 0 0 0 0
186 1038 0 0 0 0 0 0 0 0
191 27 0 0 0 0 0 0 0 0
192 27 0 0 0 0 0 0 0 0
201 1261 1 1 0 0 0 0 0 0
202 1261 0 0 0 0 0 0 0 0
203 1261 0 0 0 0 0 0 0 0
204 1261 0 0 0 0 0 0 0 0
205 1261 3 2 0 0 0 0 0 0
206 1261 0 0 0 0 0 0 0 0
207 1261 0 0 0 0 0 0 0 0
208 1261 0 0 0 0 0 0 0 0
209 256 0 0 0 0 0 0 0 0
210 137 0 0 0 0 0 0 0 0
211 137 0 0 0 0 0 0 0 0
212 137 0 0 0 0 0 0 0 0
214 256 0 0 0 0 0 0 0 0
215 256 0 0 0 0 0 0 0 0
216 256 0 0 0 0 0 0 0 0
217 256 0 0 256 13 3 0 0 0
218 256 0 0 0 0 0 0 0 0
219 256 0 0 0 0 0 0 0 0
229 1005 0 0 1005 17 3 0 0 0
230 1005 0 0 0 0 0 0 0 0
231 1005 0 0 0 0 0 0 0 0
233 1005 0 0 1005 3 0 0 0 0
239 1005 3 2 0 0 0 0 0 0
240 1005 0 0 0 0 0 0 0 0
241 1005 0 0 0 0 0 0 0 0
242 1005 0 0 0 0 0 0 0 0
243 1005 0 0 0 0 0 0 0 0
248 1005 0 0 0 0 0 0 0 0
250 992 0 0 0 0 0 0 0 0
251 992 0 0 0 0 0 0 0 0
252 1984 0 0 0 0 0 0 0 0
260 992 0 0 992 12 1 0 0 0
261 992 0 0 992 1 0 0 0 0
264 992 0 0 0 0 0 0 0 0
265 992 2 2 0 0 0 0 0 0
266 992 0 0 0 0 0 0 0 0
267 992 0 0 0 0 0 0 0 0
268 992 0 0 0 0 0 0 0 0
269 992 0 0 0 0 0 0 0 0
300 8 1 1 0 0 0 0 0 0
301 8 0 0 8 0 0 0 0 0
302 8 0 0 8 0 0 0 0 0
303 8 0 0 0 0 0 0 0 0
304 8 0 0 0 0 0 0 0 0
306 8 0 0 0 0 0 0 0 0
307 8 0 0 0 0 0 0 0 0
308 8 0 0 0 0 0 0 0 0
309 8 0 0 0 0 0 0 0 0
310 8 0 0 0 0 0 0 0 0
311 8 0 0 0 0 0 0 0 0
312 8 0 0 0 0 0 0 0 0
424 2 1 1 0 0 0 0 0 0
425 2 0 0 2 1 1 0 0 0
426 2 0 0 2 1 1 0 0 0
427 2 0 0 0 0 0 0 0 0
428 2 0 0 0 0 0 0 0 0
430 2 0 0 0 0 0 0 0 0
431 2 0 0 0 0 0 0 0 0
432 2 0 0 0 0 0 0 0 0
433 2 0 0 0 0 0 0 0 0
434 2 0 0 0 0 0 0 0 0
435 2 0 0 0 0 0 0 0 0
436 2 0 0 0 0 0 0 0 0
437 2 1 1 2 0 0 0 0 0
440 2 0 0 0 0 0 0 0 0
441 2 0 0 0 0 0 0 0 0
442 2 0 0 0 0 0 0 0 0
448 2 0 0 0 0 0 0 0 0
449 2 0 0 0 0 0 0 0 0
450 4 0 0 0 0 0 0 0 0
454 2 0 0 0 0 0 0 0 0
455 2 0 0 0 0 0 0 0 0
458 2 0 0 2 0 0 0 0 0
459 2 1 1 2 0 0 0 0 0
460 2 0 0 0 0 0 0 0 0
462 2 0 0 0 0 0 0 0 0
463 2 0 0 0 0 0 0 0 0
464 2 0 0 0 0 0 0 0 0
468 2 0 0 0 0 0 0 0 0
469 2 0 0 0 0 0 0 0 0
470 2 0 0 0 0 0 0 0 0
471 2 0 0 0 0 0 0 0 0
472 2 0 0 0 0 0 0 0 0
473 2 0 0 0 0 0 0 0 0
542 1 1 1 0 0 0 0 0 0
543 1 0 0 1 0 0 0 0 0
544 1 0 0 1 1 1 0 0 0
545 1 0 0 0 0 0 0 0 0
546 1 0 0 0 0 0 0 0 0
548 1 0 0 0 0 0 0 0 0
549 1 0 0 0 0 0 0 0 0
550 1 0 0 0 0 0 0 0 0
551 1 0 0 0 0 0 0 0 0
552 1 0 0 0 0 0 0 0 0
553 1 0 0 0 0 0 0 0 0
554 1 0 0 0 0 0 0 0 0
555 1 1 1 1 0 0 0 0 0
559 1 0 0 0 0 0 0 0 0
560 1 0 0 0 0 0 0 0 0
561 1 0 0 0 0 0 0 0 0
567 1 0 0 0 0 0 0 0 0
568 1 0 0 0 0 0 0 0 0
569 2 0 0 0 0 0 0 0 0
573 1 0 0 0 0 0 0 0 0
574 1 0 0 0 0 0 0 0 0
577 1 0 0 1 0 0 0 0 0
578 1 1 1 1 0 0 0 0 0
579 1 0 0 0 0 0 0 0 0
581 1 0 0 0 0 0 0 0 0
582 1 0 0 0 0 0 0 0 0
583 1 0 0 0 0 0 0 0 0
587 1 0 0 0 0 0 0 0 0
588 1 0 0 0 0 0 0 0 0
589 1 0 0 0 0 0 0 0 0
590 1 0 0 0 0 0 0 0 0
591 1 0 0 0 0 0 0 0 0
592 1 0 0 0 0 0 0 0 0
661 4 2 1 0 0 0 0 0 0
662 4 0 0 4 2 2 0 0 0
663 4 0 0 4 1 0 0 0 0
664 4 0 0 0 0 0 0 0 0
665 4 0 0 0 0 0 0 0 0
667 4 0 0 0 0 0 0 0 0
668 4 0 0 0 0 0 0 0 0
669 4 0 0 0 0 0 0 0 0
670 4 0 0 0 0 0 0 0 0
671 4 0 0 0 0 0 0 0 0
672 4 0 0 0 0 0 0 0 0
673 4 0 0 0 0 0 0 0 0
674 4 2 1 4 0 0 0 0 0
678 4 0 0 0 0 0 0 0 0
679 4 0 0 0 0 0 0 0 0
680 4 0 0 0 0 0 0 0 0
686 4 0 0 0 0 0 0 0 0
687 4 0 0 0 0 0 0 0 0
688 8 0 0 0 0 0 0 0 0
692 4 0 0 0 0 0 0 0 0
693 4 0 0 0 0 0 0 0 0
696 4 0 0 4 0 0 0 0 0
697 4 2 1 4 1 1 0 0 0
698 4 0 0 0 0 0 0 0 0
700 4 0 0 0 0 0 0 0 0
701 4 0 0 0 0 0 0 0 0
702 4 0 0 0 0 0 0 0 0
706 4 0 0 0 0 0 0 0 0
707 4 0 0 0 0 0 0 0 0
708 4 0 0 0 0 0 0 0 0
709 4 0 0 0 0 0 0 0 0
710 4 0 0 0 0 0 0 0 0
711 4 0 0 0 0 0 0 0 0
718 1 0 0 0 0 0 0 0 0
719 1 0 0 0 0 0 0 0 0
721 1 0 0 0 0 0 0 0 0
722 1 0 0 0 0 0 0 0 0
724 1 1 1 1 0 0 0 0 0
725 1 0 0 1 0 0 0 0 0
726 1 0 0 0 0 0 0 0 0
728 1 0 0 0 0 0 0 0 0
729 1 0 0 0 0 0 0 0 0
730 1 0 0 0 0 0 0 0 0
734 1 0 0 0 0 0 0 0 0
735 1 0 0 0 0 0 0 0 0
736 1 0 0 0 0 0 0 0 0
737 1 0 0 0 0 0 0 0 0
738 1 0 0 0 0 0 0 0 0
739 1 0 0 0 0 0 0 0 0
780 10 3 1 0 0 0 0 0 0
781 10 0 0 10 2 1 0 0 0
782 10 0 0 10 2 1 0 0 0
783 10 0 0 0 0 0 0 0 0
784 10 0 0 0 0 0 0 0 0
786 10 0 0 0 0 0 0 0 0
787 10 0 0 0 0 0 0 0 0
788 10 0 0 0 0 0 0 0 0
789 10 0 0 0 0 0 0 0 0
790 10 0 0 0 0 0 0 0 0
791 10 0 0 0 0 0 0 0 0
792 10 0 0 0 0 0 0 0 0
793 8 2 1 8 0 0 0 0 0
797 8 0 0 0 0 0 0 0 0
798 8 0 0 0 0 0 0 0 0
799 8 0 0 0 0 0 0 0 0
805 8 0 0 0 0 0 0 0 0
806 8 0 0 0 0 0 0 0 0
807 16 0 0 0 0 0 0 0 0
811 10 0 0 0 0 0 0 0 0
812 10 0 0 0 0 0 0 0 0
815 10 0 0 10 3 3 0 0 0
816 10 2 1 10 1 1 0 0 0
817 10 0 0 0 0 0 0 0 0
819 10 0 0 0 0 0 0 0 0
820 10 0 0 0 0 0 0 0 0
821 10 0 0 0 0 0 0 0 0
825 10 0 0 0 0 0 0 0 0
826 10 0 0 0 0 0 0 0 0
827 10 0 0 0 0 0 0 0 0
828 10 0 0 0 0 0 0 0 0
829 10 0 0 0 0 0 0 0 0
830 10 0 0 0 0 0 0 0 0
837 4 0 0 0 0 0 0 0 0
838 4 0 0 0 0 0 0 0 0
840 4 0 0 0 0 0 0 0 0
841 4 0 0 0 0 0 0 0 0
843 4 2 1 4 0 0 0 0 0
844 4 0 0 4 2 2 0 0 0
845 4 0 0 0 0 0 0 0 0
847 4 0 0 0 0 0 0 0 0
848 4 0 0 0 0 0 0 0 0
849 4 0 0 0 0 0 0 0 0
853 4 0 0 0 0 0 0 0 0
854 4 0 0 0 0 0 0 0 0
855 4 0 0 0 0 0 0 0 0
856 4 0 0 0 0 0 0 0 0
857 4 0 0 0 0 0 0 0 0
858 4 0 0 0 0 0 0 0 0
865 2 0 0 0 0 0 0 0 0
866 2 0 0 0 0 0 0 0 0
867 2 1 1 0 0 0 0 0 0
899 22 3 2 0 0 0 0 0 0
900 22 0 0 22 6 1 0 0 0
901 22 0 0 22 5 1 0 0 0
902 22 0 0 0 0 0 0 0 0
903 22 0 0 0 0 0 0 0 0
905 22 0 0 0 0 0 0 0 0
906 22 0 0 0 0 0 0 0 0
907 22 0 0 0 0 0 0 0 0
908 22 0 0 0 0 0 0 0 0
909 22 0 0 0 0 0 0 0 0
910 22 0 0 0 0 0 0 0 0
911 22 0 0 0 0 0 0 0 0
912 19 3 2 19 0 0 0 0 0
916 19 0 0 0 0 0 0 0 0
917 19 0 0 0 0 0 0 0 0
918 19 0 0 0 0 0 0 0 0
924 19 0 0 0 0 0 0 0 0
925 19 0 0 0 0 0 0 0 0
926 38 0 0 0 0 0 0 0 0
930 20 0 0 0 0 0 0 0 0
931 20 0 0 0 0 0 0 0 0
934 20 0 0 20 7 3 0 0 0
935 20 3 2 20 3 1 0 0 0
936 20 0 0 0 0 0 0 0 0
938 20 0 0 0 0 0 0 0 0
939 20 0 0 0 0 0 0 0 0
940 20 0 0 0 0 0 0 0 0
944 20 0 0 0 0 0 0 0 0
945 20 0 0 0 0 0 0 0 0
946 20 0 0 0 0 0 0 0 0
947 20 0 0 0 0 0 0 0 0
948 20 0 0 0 0 0 0 0 0
949 20 0 0 0 0 0 0 0 0
956 1 0 0 0 0 0 0 0 0
957 1 0 0 0 0 0 0 0 0
959 1 0 0 0 0 0 0 0 0
960 1 0 0 0 0 0 0 0 0
962 1 1 1 1 0 0 0 0 0
963 1 0 0 1 1 1 0 0 0
964 1 0 0 0 0 0 0 0 0
966 1 0 0 0 0 0 0 0 0
967 1 0 0 0 0 0 0 0 0
968 1 0 0 0 0 0 0 0 0
972 1 0 0 0 0 0 0 0 0
973 1 0 0 0 0 0 0 0 0
974 1 0 0 0 0 0 0 0 0
975 1 0 0 0 0 0 0 0 0
976 1 0 0 0 0 0 0 0 0
977 1 0 0 0 0 0 0 0 0
984 1 0 0 0 0 0 0 0 0
985 1 0 0 0 0 0 0 0 0
986 1 1 1 0 0 0 0 0 0
1018 11 3 1 0 0 0 0 0 0
1019 11 0 0 11 2 0 0 0 0
1020 11 0 0 11 4 2 0 0 0
1021 11 0 0 0 0 0 0 0 0
1022 11 0 0 0 0 0 0 0 0
1024 11 0 0 0 0 0 0 0 0
1025 11 0 0 0 0 0 0 0 0
1026 11 0 0 0 0 0 0 0 0
1027 11 0 0 0 0 0 0 0 0
1028 11 0 0 0 0 0 0 0 0
1029 11 0 0 0 0 0 0 0 0
1030 11 0 0 0 0 0 0 0 0
1031 5 3 1 5 0 0 0 0 0
1035 5 0 0 0 0 0 0 0 0
1036 5 0 0 0 0 0 0 0 0
1037 5 0 0 0 0 0 0 0 0
1043 5 0 0 0 0 0 0 0 0
1044 5 0 0 0 0 0 0 0 0
1045 10 0 0 0 0 0 0 0 0
1049 5 0 0 0 0 0 0 0 0
1050 5 0 0 0 0 0 0 0 0
1053 5 0 0 5 1 0 0 0 0
1054 5 3 1 5 1 0 0 0 0
1055 5 0 0 0 0 0 0 0 0
1057 5 0 0 0 0 0 0 0 0
1058 5 0 0 0 0 0 0 0 0
1059 5 0 0 0 0 0 0 0 0
1063 5 0 0 0 0 0 0 0 0
1064 5 0 0 0 0 0 0 0 0
1065 5 0 0 0 0 0 0 0 0
1066 5 0 0 0 0 0 0 0 0
1067 5 0 0 0 0 0 0 0 0
1068 5 0 0 0 0 0 0 0 0
1137 14 3 1 0 0 0 0 0 0
1138 14 0 0 14 4 1 0 0 0
1139 14 0 0 14 3 1 0 0 0
1140 14 0 0 0 0 0 0 0 0
1141 14 0 0 0 0 0 0 0 0
1143 14 0 0 0 0 0 0 0 0
1144 14 0 0 0 0 0 0 0 0
1145 14 0 0 0 0 0 0 0 0
1146 14 0 0 0 0 0 0 0 0
1147 14 0 0 0 0 0 0 0 0
1148 14 0 0 0 0 0 0 0 0
1149 14 0 0 0 0 0 0 0 0
1150 11 3 1 11 0 0 0 0 0
1154 11 0 0 0 0 0 0 0 0
1155 11 0 0 0 0 0 0 0 0
1156 11 0 0 0 0 0 0 0 0
1162 11 0 0 0 0 0 0 0 0
1163 11 0 0 0 0 0 0 0 0
1164 22 0 0 0 0 0 0 0 0
1168 11 0 0 0 0 0 0 0 0
1169 11 0 0 0 0 0 0 0 0
1172 11 0 0 11 3 2 0 0 0
1173 11 3 1 11 2 0 0 0 0
1174 11 0 0 0 0 0 0 0 0
1176 11 0 0 0 0 0 0 0 0
1177 11 0 0 0 0 0 0 0 0
1178 11 0 0 0 0 0 0 0 0
1182 11 0 0 0 0 0 0 0 0
1183 11 0 0 0 0 0 0 0 0
1184 11 0 0 0 0 0 0 0 0
1185 11 0 0 0 0 0 0 0 0
1186 11 0 0 0 0 0 0 0 0
1187 11 0 0 0 0 0 0 0 0
1256 40 3 1 0 0 0 0 0 0
1257 40 0 0 40 0 0 0 0 0
1258 40 0 0 40 2 1 0 0 0
1259 40 0 0 0 0 0 0 0 0
1260 40 0 0 0 0 0 0 0 0
1262 40 0 0 0 0 0 0 0 0
1263 40 0 0 0 0 0 0 0 0
1264 40 0 0 0 0 0 0 0 0
1265 40 0 0 0 0 0 0 0 0
1266 40 0 0 0 0 0 0 0 0
1267 40 0 0 0 0 0 0 0 0
1268 40 0 0 0 0 0 0 0 0
1269 16 2 1 16 0 0 0 0 0
1273 16 0 0 0 0 0 0 0 0
1274 16 0 0 0 0 0 0 0 0
1275 16 0 0 0 0 0 0 0 0
1281 16 0 0 0 0 0 0 0 0
1282 16 0 0 0 0 0 0 0 0
1283 32 0 0 0 0 0 0 0 0
1287 16 0 0 0 0 0 0 0 0
1288 16 0 0 0 0 0 0 0 0
1291 16 0 0 16 1 1 0 0 0
1292 16 2 1 16 0 0 0 0 0
1293 16 0 0 0 0 0 0 0 0
1295 16 0 0 0 0 0 0 0 0
1296 16 0 0 0 0 0 0 0 0
1297 16 0 0 0 0 0 0 0 0
1301 16 0 0 0 0 0 0 0 0
1302 16 0 0 0 0 0 0 0 0
1303 16 0 0 0 0 0 0 0 0
1304 16 0 0 0 0 0 0 0 0
1305 16 0 0 0 0 0 0 0 0
1306 16 0 0 0 0 0 0 0 0
1313 2 0 0 0 0 0 0 0 0
1314 2 0 0 0 0 0 0 0 0
1316 2 0 0 0 0 0 0 0 0
1317 2 0 0 0 0 0 0 0 0
1319 2 1 1 2 0 0 0 0 0
1320 2 0 0 2 0 0 0 0 0
1321 2 0 0 0 0 0 0 0 0
1323 2 0 0 0 0 0 0 0 0
1324 2 0 0 0 0 0 0 0 0
1325 2 0 0 0 0 0 0 0 0
1329 2 0 0 0 0 0 0 0 0
1330 2 0 0 0 0 0 0 0 0
1331 2 0 0 0 0 0 0 0 0
1332 2 0 0 0 0 0 0 0 0
1333 2 0 0 0 0 0 0 0 0
1334 2 0 0 0 0 0 0 0 0
1375 15 1 1 0 0 0 0 0 0
1376 15 0 0 15 1 0 0 0 0
1377 15 0 0 15 1 0 0 0 0
1378 15 0 0 0 0 0 0 0 0
1379 15 0 0 0 0 0 0 0 0
1381 15 0 0 0 0 0 0 0 0
1382 15 0 0 0 0 0 0 0 0
1383 15 0 0 0 0 0 0 0 0
1384 15 0 0 0 0 0 0 0 0
1385 15 0 0 0 0 0 0 0 0
1386 15 0 0 0 0 0 0 0 0
1387 15 0 0 0 0 0 0 0 0
1388 6 1 1 6 0 0 0 0 0
1392 6 0 0 0 0 0 0 0 0
1393 6 0 0 0 0 0 0 0 0
1394 6 0 0 0 0 0 0 0 0
1400 6 0 0 0 0 0 0 0 0
1401 6 0 0 0 0 0 0 0 0
1402 12 0 0 0 0 0 0 0 0
1406 6 0 0 0 0 0 0 0 0
1407 6 0 0 0 0 0 0 0 0
1410 6 0 0 6 0 0 0 0 0
1411 6 1 1 6 1 1 0 0 0
1412 6 0 0 0 0 0 0 0 0
1414 6 0 0 0 0 0 0 0 0
1415 6 0 0 0 0 0 0 0 0
1416 6 0 0 0 0 0 0 0 0
1420 6 0 0 0 0 0 0 0 0
1421 6 0 0 0 0 0 0 0 0
1422 6 0 0 0 0 0 0 0 0
1423 6 0 0 0 0 0 0 0 0
1424 6 0 0 0 0 0 0 0 0
1425 6 0 0 0 0 0 0 0 0
1432 1 0 0 0 0 0 0 0 0
1433 1 0 0 0 0 0 0 0 0
1435 1 0 0 0 0 0 0 0 0
1436 1 0 0 0 0 0 0 0 0
1438 1 1 1 1 1 0 0 0 0
1439 1 0 0 1 0 0 0 0 0
1440 1 0 0 0 0 0 0 0 0
1442 1 0 0 0 0 0 0 0 0
1443 1 0 0 0 0 0 0 0 0
1444 1 0 0 0 0 0 0 0 0
1448 1 0 0 0 0 0 0 0 0
1449 1 0 0 0 0 0 0 0 0
1450 1 0 0 0 0 0 0 0 0
1451 1 0 0 0 0 0 0 0 0
1452 1 0 0 0 0 0 0 0 0
1453 1 0 0 0 0 0 0 0 0
1494 15 1 1 0 0 0 0 0 0
1495 15 0 0 15 0 0 0 0 0
1496 15 0 0 15 0 0 0 0 0
1497 15 0 0 0 0 0 0 0 0
1498 15 0 0 0 0 0 0 0 0
1500 15 0 0 0 0 0 0 0 0
1501 15 0 0 0 0 0 0 0 0
1502 15 0 0 0 0 0 0 0 0
1503 15 0 0 0 0 0 0 0 0
1504 15 0 0 0 0 0 0 0 0
1505 15 0 0 0 0 0 0 0 0
1506 15 0 0 0 0 0 0 0 0
1507 2 1 1 2 0 0 0 0 0
1511 2 0 0 0 0 0 0 0 0
1512 2 0 0 0 0 0 0 0 0
1513 2 0 0 0 0 0 0 0 0
1519 2 0 0 0 0 0 0 0 0
1520 2 0 0 0 0 0 0 0 0
1521 4 0 0 0 0 0 0 0 0
1525 2 0 0 0 0 0 0 0 0
1526 2 0 0 0 0 0 0 0 0
1529 2 0 0 2 1 1 0 0 0
1530 2 1 1 2 0 0 0 0 0
1531 2 0 0 0 0 0 0 0 0
1533 2 0 0 0 0 0 0 0 0
1534 2 0 0 0 0 0 0 0 0
1535 2 0 0 0 0 0 0 0 0
1539 2 0 0 0 0 0 0 0 0
1540 2 0 0 0 0 0 0 0 0
1541 2 0 0 0 0 0 0 0 0
1542 2 0 0 0 0 0 0 0 0
1543 2 0 0 0 0 0 0 0 0
1544 2 0 0 0 0 0 0 0 0
1613 20 3 1 0 0 0 0 0 0
1614 20 0 0 20 5 0 0 0 0
1615 20 0 0 20 2 0 0 0 0
1616 20 0 0 0 0 0 0 0 0
1617 20 0 0 0 0 0 0 0 0
1619 20 0 0 0 0 0 0 0 0
1620 20 0 0 0 0 0 0 0 0
1621 20 0 0 0 0 0 0 0 0
1622 20 0 0 0 0 0 0 0 0
1623 20 0 0 0 0 0 0 0 0
1624 20 0 0 0 0 0 0 0 0
1625 20 0 0 0 0 0 0 0 0
1626 19 3 1 19 0 0 0 0 0
1630 19 0 0 0 0 0 0 0 0
1631 19 0 0 0 0 0 0 0 0
1632 19 0 0 0 0 0 0 0 0
1638 19 0 0 0 0 0 0 0 0
1639 19 0 0 0 0 0 0 0 0
1640 38 0 0 0 0 0 0 0 0
1644 19 0 0 0 0 0 0 0 0
1645 19 0 0 0 0 0 0 0 0
1648 19 0 0 19 3 1 0 0 0
1649 19 2 1 19 5 3 0 0 0
1650 19 0 0 0 0 0 0 0 0
1652 19 0 0 0 0 0 0 0 0
1653 19 0 0 0 0 0 0 0 0
1654 19 0 0 0 0 0 0 0 0
1658 19 0 0 0 0 0 0 0 0
1659 19 0 0 0 0 0 0 0 0
1660 19 0 0 0 0 0 0 0 0
1661 19 0 0 0 0 0 0 0 0
1662 19 0 0 0 0 0 0 0 0
1663 19 0 0 0 0 0 0 0 0
1670 1 0 0 0 0 0 0 0 0
1671 1 0 0 0 0 0 0 0 0
1673 1 0 0 0 0 0 0 0 0
1674 1 0 0 0 0 0 0 0 0
1676 1 1 1 1 0 0 0 0 0
1677 1 0 0 1 1 1 0 0 0
1678 1 0 0 0 0 0 0 0 0
1680 1 0 0 0 0 0 0 0 0
1681 1 0 0 0 0 0 0 0 0
1682 1 0 0 0 0 0 0 0 0
1686 1 0 0 0 0 0 0 0 0
1687 1 0 0 0 0 0 0 0 0
1688 1 0 0 0 0 0 0 0 0
1689 1 0 0 0 0 0 0 0 0
1690 1 0 0 0 0 0 0 0 0
1691 1 0 0 0 0 0 0 0 0
1732 34 3 1 0 0 0 0 0 0
1733 34 0 0 34 4 2 0 0 0
1734 34 0 0 34 3 2 0 0 0
1735 34 0 0 0 0 0 0 0 0
1736 34 0 0 0 0 0 0 0 0
1738 34 0 0 0 0 0 0 0 0
1739 34 0 0 0 0 0 0 0 0
1740 34 0 0 0 0 0 0 0 0
1741 34 0 0 0 0 0 0 0 0
1742 34 0 0 0 0 0 0 0 0
1743 34 0 0 0 0 0 0 0 0
1744 34 0 0 0 0 0 0 0 0
1745 12 3 1 12 0 0 0 0 0
1749 12 0 0 0 0 0 0 0 0
1750 12 0 0 0 0 0 0 0 0
1751 12 0 0 0 0 0 0 0 0
1757 12 0 0 0 0 0 0 0 0
1758 12 0 0 0 0 0 0 0 0
1759 24 0 0 0 0 0 0 0 0
1763 13 0 0 0 0 0 0 0 0
1764 13 0 0 0 0 0 0 0 0
1767 13 0 0 13 2 1 0 0 0
1768 13 2 1 13 5 4 0 0 0
1769 13 0 0 0 0 0 0 0 0
1771 13 0 0 0 0 0 0 0 0
1772 13 0 0 0 0 0 0 0 0
1773 13 0 0 0 0 0 0 0 0
1777 13 0 0 0 0 0 0 0 0
1778 13 0 0 0 0 0 0 0 0
1779 13 0 0 0 0 0 0 0 0
1780 13 0 0 0 0 0 0 0 0
1781 13 0 0 0 0 0 0 0 0
1782 13 0 0 0 0 0 0 0 0
1789 2 0 0 0 0 0 0 0 0
1790 2 0 0 0 0 0 0 0 0
1792 2 0 0 0 0 0 0 0 0
1793 2 0 0 0 0 0 0 0 0
1795 2 1 1 2 0 0 0 0 0
1796 2 0 0 2 0 0 0 0 0
1797 2 0 0 0 0 0 0 0 0
1799 2 0 0 0 0 0 0 0 0
1800 2 0 0 0 0 0 0 0 0
1801 2 0 0 0 0 0 0 0 0
1805 2 0 0 0 0 0 0 0 0
1806 2 0 0 0 0 0 0 0 0
1807 2 0 0 0 0 0 0 0 0
1808 2 0 0 0 0 0 0 0 0
1809 2 0 0 0 0 0 0 0 0
1810 2 0 0 0 0 0 0 0 0
1817 1 0 0 0 0 0 0 0 0
1818 1 0 0 0 0 0 0 0 0
1819 1 1 1 0 0 0 0 0 0
1851 19 2 1 0 0 0 0 0 0
1852 19 0 0 19 1 1 0 0 0
1853 19 0 0 19 2 2 0 0 0
1854 19 0 0 0 0 0 0 0 0
1855 19 0 0 0 0 0 0 0 0
1857 19 0 0 0 0 0 0 0 0
1858 19 0 0 0 0 0 0 0 0
1859 19 0 0 0 0 0 0 0 0
1860 19 0 0 0 0 0 0 0 0
1861 19 0 0 0 0 0 0 0 0
1862 19 0 0 0 0 0 0 0 0
1863 19 0 0 0 0 0 0 0 0
1864 6 2 1 6 0 0 0 0 0
1868 6 0 0 0 0 0 0 0 0
1869 6 0 0 0 0 0 0 0 0
1870 6 0 0 0 0 0 0 0 0
1876 6 0 0 0 0 0 0 0 0
1877 6 0 0 0 0 0 0 0 0
1878 12 0 0 0 0 0 0 0 0
1882 6 0 0 0 0 0 0 0 0
1883 6 0 0 0 0 0 0 0 0
1886 6 0 0 6 1 1 0 0 0
1887 6 1 1 6 2 2 0 0 0
1888 6 0 0 0 0 0 0 0 0
1890 6 0 0 0 0 0 0 0 0
1891 6 0 0 0 0 0 0 0 0
1892 6 0 0 0 0 0 0 0 0
1896 6 0 0 0 0 0 0 0 0
1897 6 0 0 0 0 0 0 0 0
1898 6 0 0 0 0 0 0 0 0
1899 6 0 0 0 0 0 0 0 0
1900 6 0 0 0 0 0 0 0 0
1901 6 0 0 0 0 0 0 0 0
1908 1 0 0 0 0 0 0 0 0
1909 1 0 0 0 0 0 0 0 0
1911 1 0 0 0 0 0 0 0 0
1912 1 0 0 0 0 0 0 0 0
1914 1 1 1 1 0 0 0 0 0
1915 1 0 0 1 0 0 0 0 0
1916 1 0 0 0 0 0 0 0 0
1918 1 0 0 0 0 0 0 0 0
1919 1 0 0 0 0 0 0 0 0
1920 1 0 0 0 0 0 0 0 0
1924 1 0 0 0 0 0 0 0 0
1925 1 0 0 0 0 0 0 0 0
1926 1 0 0 0 0 0 0 0 0
1927 1 0 0 0 0 0 0 0 0
1928 1 0 0 0 0 0 0 0 0
1929 1 0 0 0 0 0 0 0 0
1970 41 2 1 0 0 0 0 0 0
1971 41 0 0 41 1 1 0 0 0
1972 41 0 0 41 4 1 0 0 0
1973 41 0 0 0 0 0 0 0 0
1974 41 0 0 0 0 0 0 0 0
1976 41 0 0 0 0 0 0 0 0
1977 41 0 0 0 0 0 0 0 0
1978 41 0 0 0 0 0 0 0 0
1979 41 0 0 0 0 0 0 0 0
1980 41 0 0 0 0 0 0 0 0
1981 41 0 0 0 0 0 0 0 0
1982 41 0 0 0 0 0 0 0 0
1984 12 1 1 12 0 0 0 0 0
1988 12 0 0 0 0 0 0 0 0
1989 12 0 0 0 0 0 0 0 0
1990 12 0 0 0 0 0 0 0 0
1996 12 0 0 0 0 0 0 0 0
1997 12 0 0 0 0 0 0 0 0
1999 24 0 0 0 0 0 0 0 0
2003 13 0 0 0 0 0 0 0 0
2004 13 0 0 0 0 0 0 0 0
2007 13 0 0 13 3 1 0 0 0
2008 13 1 1 13 2 2 0 0 0
2009 13 0 0 0 0 0 0 0 0
2011 13 0 0 0 0 0 0 0 0
2012 13 0 0 0 0 0 0 0 0
2013 13 0 0 0 0 0 0 0 0
2017 13 0 0 0 0 0 0 0 0
2018 13 0 0 0 0 0 0 0 0
2019 13 0 0 0 0 0 0 0 0
2020 13 0 0 0 0 0 0 0 0
2021 13 0 0 0 0 0 0 0 0
2022 13 0 0 0 0 0 0 0 0
2029 2 0 0 0 0 0 0 0 0
2030 2 0 0 0 0 0 0 0 0
2032 2 0 0 0 0 0 0 0 0
2033 2 0 0 0 0 0 0 0 0
2035 2 1 1 2 0 0 0 0 0
2036 2 0 0 2 0 0 0 0 0
2037 2 0 0 0 0 0 0 0 0
2039 2 0 0 0 0 0 0 0 0
2040 2 0 0 0 0 0 0 0 0
2041 2 0 0 0 0 0 0 0 0
2045 2 0 0 0 0 0 0 0 0
2046 2 0 0 0 0 0 0 0 0
2047 2 0 0 0 0 0 0 0 0
2048 2 0 0 0 0 0 0 0 0
2049 2 0 0 0 0 0 0 0 0
2050 2 0 0 0 0 0 0 0 0
2057 1 0 0 0 0 0 0 0 0
2058 1 0 0 0 0 0 0 0 0
2059 1 1 1 0 0 0 0 0 0
2093 1115 1 1 0 0 0 0 0 0
2095 1261 0 0 0 0 0 0 0 0
2096 1261 0 0 0 0 0 0 0 0
2097 1261 0 0 0 0 0 0 0 0
2098 1261 0 0 0 0 0 0 0 0
2099 274 0 0 0 0 0 0 0 0
2104 2272 1 1 0 0 0 0 0 0
2110 2272 0 0 2272 0 0 0 0 0
2111 2272 0 0 2272 0 0 0 0 0
2119 2272 0 0 0 0 0 0 0 0
2120 2272 0 0 2272 0 0 0 0 0
fn=strncmp
125 1 1 1 0 0 0 0 0 0
126 1 0 0 0 0 0 0 0 0
127 1 0 0 0 0 0 0 0 0
128 1 0 0 0 0 0 0 0 0
129 1 0 0 0 0 0 0 0 0
131 1 0 0 0 0 0 0 0 0
132 1 0 0 0 0 0 0 0 0
134 1 0 0 0 0 0 0 0 0
135 1 0 0 0 0 0 0 0 0
156 1 0 0 0 0 0 0 0 0
157 1 0 0 0 0 0 0 0 0
158 1 0 0 0 0 0 0 0 0
159 1 0 0 0 0 0 0 0 0
160 1 0 0 1 0 0 0 0 0
161 1 0 0 1 1 1 0 0 0
162 1 0 0 1 0 0 0 0 0
163 1 0 0 1 0 0 0 0 0
180 1 1 1 0 0 0 0 0 0
181 1 0 0 0 0 0 0 0 0
182 1 0 0 0 0 0 0 0 0
183 1 0 0 0 0 0 0 0 0
184 1 0 0 0 0 0 0 0 0
185 1 0 0 0 0 0 0 0 0
186 1 0 0 0 0 0 0 0 0
2104 1 1 1 0 0 0 0 0 0
2107 1 0 0 0 0 0 0 0 0
2108 1 0 0 0 0 0 0 0 0
2110 1 0 0 1 0 0 0 0 0
2111 1 0 0 1 0 0 0 0 0
2119 1 0 0 0 0 0 0 0 0
2120 1 0 0 1 0 0 0 0 0
fl=./string/../sysdeps/x86_64/multiarch/../multiarch/strlen-sse2.S
fn=strlen
101 31 1 1 0 0 0 0 0 0
102 31 0 0 0 0 0 0 0 0
103 31 0 0 0 0 0 0 0 0
104 31 0 0 0 0 0 0 0 0
105 31 0 0 0 0 0 0 0 0
106 31 0 0 0 0 0 0 0 0
107 31 0 0 0 0 0 0 0 0
109 31 1 1 0 0 0 0 0 0
111 31 0 0 0 0 0 0 0 0
142 31 0 0 31 3 3 0 0 0
143 31 0 0 0 0 0 0 0 0
144 31 0 0 0 0 0 0 0 0
145 31 0 0 0 0 0 0 0 0
146 31 0 0 0 0 0 0 0 0
147 16 0 0 0 0 0 0 0 0
149 16 0 0 16 0 0 0 0 0
153 15 0 0 0 0 0 0 0 0
154 15 0 0 15 0 0 0 0 0
155 15 0 0 15 0 0 0 0 0
156 15 0 0 15 1 1 0 0 0
157 15 0 0 0 0 0 0 0 0
158 15 0 0 0 0 0 0 0 0
159 15 0 0 0 0 0 0 0 0
160 15 0 0 0 0 0 0 0 0
161 15 1 1 0 0 0 0 0 0
162 15 0 0 0 0 0 0 0 0
163 15 0 0 0 0 0 0 0 0
164 15 0 0 0 0 0 0 0 0
169 120 0 0 15 0 0 0 0 0
fl=./string/../sysdeps/x86_64/multiarch/ifunc-avx2.h
fn=memrchr
38 2 0 0 0 0 0 0 0 0
40 5 2 2 2 0 0 0 0 0
41 2 0 0 1 0 0 0 0 0
42 3 0 0 1 0 0 0 0 0
45 2 0 0 0 0 0 0 0 0
46 2 0 0 0 0 0 0 0 0
49 3 0 0 0 0 0 0 0 0
52 6 1 1 0 0 0 0 0 0
fn=rindex
38 2 0 0 0 0 0 0 0 0
40 5 0 0 2 0 0 0 0 0
41 2 1 1 1 0 0 0 0 0
42 3 0 0 1 0 0 0 0 0
45 2 0 0 0 0 0 0 0 0
46 2 0 0 0 0 0 0 0 0
49 3 0 0 0 0 0 0 0 0
52 6 1 1 0 0 0 0 0 0
fn=strchrnul
38 2 0 0 0 0 0 0 0 0
40 5 1 1 2 0 0 0 0 0
41 2 0 0 1 0 0 0 0 0
42 3 0 0 1 0 0 0 0 0
45 2 0 0 0 0 0 0 0 0
46 2 0 0 0 0 0 0 0 0
49 3 0 0 0 0 0 0 0 0
52 6 1 1 0 0 0 0 0 0
fn=strlen
38 6 0 0 0 0 0 0 0 0
40 15 2 1 6 0 0 0 0 0
41 6 0 0 3 0 0 0 0 0
42 9 2 1 3 0 0 0 0 0
45 6 0 0 0 0 0 0 0 0
46 6 0 0 0 0 0 0 0 0
49 9 0 0 0 0 0 0 0 0
52 18 0 0 0 0 0 0 0 0
fn=strnlen
38 4 0 0 0 0 0 0 0 0
40 10 1 1 4 1 0 0 0 0
41 4 1 1 2 0 0 0 0 0
42 6 0 0 2 0 0 0 0 0
45 4 0 0 0 0 0 0 0 0
46 4 0 0 0 0 0 0 0 0
49 6 0 0 0 0 0 0 0 0
52 12 1 1 0 0 0 0 0 0
fl=./string/../sysdeps/x86_64/multiarch/ifunc-evex.h
fn=memchr
37 4 0 0 0 0 0 0 0 0
38 10 2 1 4 1 0 0 0 0
39 6 0 0 2 0 0 0 0 0
42 4 0 0 0 0 0 0 0 0
43 4 2 1 0 0 0 0 0 0
45 4 0 0 0 0 0 0 0 0
51 6 0 0 0 0 0 0 0 0
54 8 0 0 0 0 0 0 0 0
fn=rawmemchr
37 2 0 0 0 0 0 0 0 0
38 5 1 1 2 0 0 0 0 0
39 3 0 0 1 0 0 0 0 0
42 2 0 0 0 0 0 0 0 0
43 2 1 1 0 0 0 0 0 0
45 2 0 0 0 0 0 0 0 0
51 3 0 0 0 0 0 0 0 0
54 4 0 0 0 0 0 0 0 0
fl=./string/../sysdeps/x86_64/multiarch/ifunc-memcmp.h
fn=bcmp
34 10 2 1 4 1 0 0 0 0
35 4 0 0 2 1 0 0 0 0
36 4 0 0 0 0 0 0 0 0
37 6 0 0 2 0 0 0 0 0
40 4 0 0 0 0 0 0 0 0
41 4 0 0 0 0 0 0 0 0
44 6 0 0 0 0 0 0 0 0
47 8 0 0 0 0 0 0 0 0
fl=./string/../sysdeps/x86_64/multiarch/ifunc-memmove.h
fn=memcpy@@GLIBC_2.14
56 6 0 0 0 0 0 0 0 0
57 9 5 2 6 1 0 0 0 0
60 9 0 0 3 1 0 0 0 0
61 6 2 1 0 0 0 0 0 0
74 6 0 0 0 0 0 0 0 0
77 6 0 0 0 0 0 0 0 0
85 6 0 0 0 0 0 0 0 0
93 6 2 1 0 0 0 0 0 0
96 15 2 1 3 0 0 0 0 0
fn=memmove
56 4 0 0 0 0 0 0 0 0
57 6 2 1 4 0 0 0 0 0
60 6 0 0 2 0 0 0 0 0
61 4 2 1 0 0 0 0 0 0
74 4 0 0 0 0 0 0 0 0
77 4 2 1 0 0 0 0 0 0
85 4 0 0 0 0 0 0 0 0
93 4 0 0 0 0 0 0 0 0
96 10 2 1 2 0 0 0 0 0
fn=mempcpy
56 2 0 0 0 0 0 0 0 0
57 3 0 0 2 0 0 0 0 0
60 3 1 1 1 0 0 0 0 0
61 2 1 1 0 0 0 0 0 0
74 2 0 0 0 0 0 0 0 0
77 2 0 0 0 0 0 0 0 0
85 2 0 0 0 0 0 0 0 0
93 2 0 0 0 0 0 0 0 0
96 5 0 0 1 0 0 0 0 0
fl=./string/../sysdeps/x86_64/multiarch/ifunc-memset.h
fn=memset
54 10 2 1 4 0 0 0 0 0
57 6 0 0 2 0 0 0 0 0
58 4 2 1 0 0 0 0 0 0
64 4 0 0 0 0 0 0 0 0
73 4 0 0 0 0 0 0 0 0
75 4 0 0 0 0 0 0 0 0
85 4 0 0 0 0 0 0 0 0
93 4 0 0 0 0 0 0 0 0
96 10 0 0 2 0 0 0 0 0
fl=./string/../sysdeps/x86_64/multiarch/ifunc-sse4_2.h
fn=strcspn
36 5 1 1 2 0 0 0 0 0
fn=strpbrk
36 5 0 0 2 1 0 0 0 0
fn=strspn
36 5 1 1 2 0 0 0 0 0
fl=./string/../sysdeps/x86_64/multiarch/ifunc-strcasecmp.h
fn=strcasecmp
36 2 0 0 0 0 0 0 0 0
37 4 1 1 2 0 0 0 0 0
38 3 1 1 1 0 0 0 0 0
41 2 0 0 0 0 0 0 0 0
42 2 0 0 0 0 0 0 0 0
45 3 0 0 0 0 0 0 0 0
48 5 0 0 0 0 0 0 0 0
fn=strcasecmp_l
36 2 0 0 0 0 0 0 0 0
37 4 1 1 2 0 0 0 0 0
38 3 1 1 1 0 0 0 0 0
41 2 0 0 0 0 0 0 0 0
42 2 0 0 0 0 0 0 0 0
45 3 0 0 0 0 0 0 0 0
48 5 1 1 0 0 0 0 0 0
fn=strncasecmp
36 2 0 0 0 0 0 0 0 0
37 4 1 1 2 0 0 0 0 0
38 3 1 1 1 0 0 0 0 0
41 2 0 0 0 0 0 0 0 0
42 2 0 0 0 0 0 0 0 0
45 3 0 0 0 0 0 0 0 0
48 5 0 0 0 0 0 0 0 0
fn=strncasecmp_l
36 2 0 0 0 0 0 0 0 0
37 4 2 2 2 0 0 0 0 0
38 3 1 1 1 0 0 0 0 0
41 2 0 0 0 0 0 0 0 0
42 2 0 0 0 0 0 0 0 0
45 3 0 0 0 0 0 0 0 0
48 5 0 0 0 0 0 0 0 0
fl=./string/../sysdeps/x86_64/multiarch/ifunc-strcpy.h
fn=stpcpy
38 4 1 1 2 0 0 0 0 0
39 3 0 0 1 0 0 0 0 0
42 2 0 0 0 0 0 0 0 0
43 2 0 0 0 0 0 0 0 0
46 3 0 0 0 0 0 0 0 0
49 3 0 0 0 0 0 0 0 0
fn=strcat
38 4 1 1 2 0 0 0 0 0
39 3 1 1 1 0 0 0 0 0
42 2 0 0 0 0 0 0 0 0
43 2 0 0 0 0 0 0 0 0
46 3 0 0 0 0 0 0 0 0
49 3 0 0 0 0 0 0 0 0
fn=strcpy
38 4 1 1 2 0 0 0 0 0
39 3 0 0 1 0 0 0 0 0
42 2 1 1 0 0 0 0 0 0
43 2 0 0 0 0 0 0 0 0
46 3 0 0 0 0 0 0 0 0
49 3 0 0 0 0 0 0 0 0
fl=./string/../sysdeps/x86_64/multiarch/ifunc-strncpy.h
fn=stpncpy
35 5 1 1 2 0 0 0 0 0
36 3 0 0 1 0 0 0 0 0
39 2 0 0 0 0 0 0 0 0
40 2 0 0 0 0 0 0 0 0
43 3 0 0 0 0 0 0 0 0
46 4 0 0 0 0 0 0 0 0
fn=strncpy
35 5 0 0 2 0 0 0 0 0
36 3 1 1 1 0 0 0 0 0
39 2 0 0 0 0 0 0 0 0
40 2 0 0 0 0 0 0 0 0
43 3 0 0 0 0 0 0 0 0
46 4 0 0 0 0 0 0 0 0
fl=./string/../sysdeps/x86_64/multiarch/memchr-avx2.S
fn=__memchr_avx2
68 3 3 2 0 0 0 0 0 0
70 3 0 0 0 0 0 0 0 0
73 3 0 0 0 0 0 0 0 0
74 3 0 0 0 0 0 0 0 0
76 3 0 0 0 0 0 0 0 0
77 3 0 0 0 0 0 0 0 0
78 3 0 0 0 0 0 0 0 0
79 3 0 0 0 0 0 0 0 0
82 3 0 0 3 0 0 0 0 0
83 3 0 0 0 0 0 0 0 0
86 3 0 0 0 0 0 0 0 0
87 3 0 0 0 0 0 0 0 0
101 3 3 2 0 0 0 0 0 0
106 3 0 0 0 0 0 0 0 0
113 3 0 0 0 0 0 0 0 0
114 3 0 0 0 0 0 0 0 0
115 3 0 0 0 0 0 0 0 0
116 3 0 0 3 0 0 0 0 0
fl=./string/../sysdeps/x86_64/multiarch/memchr.c
fn=memchr
29 2 0 0 2 0 0 0 0 0
fl=./string/../sysdeps/x86_64/multiarch/memcmp-avx2-movbe.S
fn=__memcmp_avx2_movbe
80 62 5 1 0 0 0 0 0 0
81 62 0 0 0 0 0 0 0 0
84 1 0 0 1 0 0 0 0 0
85 1 0 0 1 0 0 0 0 0
86 1 0 0 0 0 0 0 0 0
90 1 0 0 0 0 0 0 0 0
91 1 0 0 0 0 0 0 0 0
93 1 1 1 0 0 0 0 0 0
94 1 0 0 0 0 0 0 0 0
97 1 0 0 1 0 0 0 0 0
98 1 0 0 1 0 0 0 0 0
99 1 0 0 0 0 0 0 0 0
102 1 0 0 0 0 0 0 0 0
103 1 0 0 0 0 0 0 0 0
106 1 0 0 0 0 0 0 0 0
107 1 0 0 0 0 0 0 0 0
110 1 0 0 1 0 0 0 0 0
111 1 0 0 1 0 0 0 0 0
112 1 0 0 0 0 0 0 0 0
113 1 0 0 0 0 0 0 0 0
114 1 1 1 0 0 0 0 0 0
115 1 0 0 1 0 0 0 0 0
116 1 0 0 1 0 0 0 0 0
117 1 0 0 0 0 0 0 0 0
118 1 0 0 0 0 0 0 0 0
119 1 0 0 0 0 0 0 0 0
122 1 0 0 0 0 0 0 0 0
123 1 0 0 0 0 0 0 0 0
129 1 0 0 1 0 0 0 0 0
130 1 0 0 1 0 0 0 0 0
131 1 0 0 0 0 0 0 0 0
132 1 0 0 0 0 0 0 0 0
136 1 0 0 1 0 0 0 0 0
137 1 1 0 1 0 0 0 0 0
139 1 0 0 1 0 0 0 0 0
140 1 0 0 1 0 0 0 0 0
141 1 0 0 1 0 0 0 0 0
142 1 0 0 1 0 0 0 0 0
145 1 0 0 0 0 0 0 0 0
146 1 0 0 0 0 0 0 0 0
147 1 0 0 0 0 0 0 0 0
148 1 0 0 0 0 0 0 0 0
149 1 0 0 0 0 0 0 0 0
150 1 0 0 0 0 0 0 0 0
152 2 0 0 1 0 0 0 0 0
156 50 4 1 0 0 0 0 0 0
166 50 0 0 50 0 0 0 0 0
167 50 0 0 50 0 0 0 0 0
168 50 0 0 0 0 0 0 0 0
171 100 4 1 50 0 0 0 0 0
401 61 4 1 0 0 0 0 0 0
402 61 0 0 0 0 0 0 0 0
407 61 0 0 0 0 0 0 0 0
408 61 0 0 0 0 0 0 0 0
409 61 0 0 0 0 0 0 0 0
410 61 0 0 0 0 0 0 0 0
411 61 0 0 0 0 0 0 0 0
414 60 0 0 60 0 0 0 0 0
415 60 0 0 60 5 0 0 0 0
416 60 0 0 0 0 0 0 0 0
417 60 0 0 0 0 0 0 0 0
420 60 0 0 0 0 0 0 0 0
421 60 0 0 0 0 0 0 0 0
422 10 0 0 0 0 0 0 0 0
423 20 0 0 10 0 0 0 0 0
429 1 1 1 0 0 0 0 0 0
430 1 0 0 0 0 0 0 0 0
432 1 0 0 0 0 0 0 0 0
433 1 0 0 0 0 0 0 0 0
476 1 1 1 1 0 0 0 0 0
477 1 0 0 1 0 0 0 0 0
478 1 0 0 0 0 0 0 0 0
479 1 0 0 0 0 0 0 0 0
480 1 0 0 1 0 0 0 0 0
481 1 0 0 1 0 0 0 0 0
482 1 0 0 0 0 0 0 0 0
484 1 1 1 0 0 0 0 0 0
486 1 0 0 1 0 0 0 0 0
fl=./string/../sysdeps/x86_64/multiarch/memcmp.c
fn=bcmp
29 6 2 1 2 0 0 0 0 0
fl=./string/../sysdeps/x86_64/multiarch/memmove-vec-unaligned-erms.S
fn=__memcpy_avx_unaligned_erms
264 29 1 1 0 0 0 0 0 0
270 38 3 1 0 0 0 0 0 0
271 38 0 0 0 0 0 0 0 0
273 2 0 0 2 0 0 0 0 0
274 2 0 0 0 0 0 0 0 0
275 2 0 0 0 0 0 0 0 0
278 1 0 0 1 0 0 0 0 0
279 1 0 0 0 0 0 1 0 0
280 1 0 0 0 0 0 1 0 0
283 2 0 0 1 0 0 0 0 0
313 36 0 0 0 0 0 0 0 0
314 36 0 0 0 0 0 0 0 0
316 19 0 0 0 0 0 0 0 0
317 19 0 0 0 0 0 0 0 0
319 14 0 0 0 0 0 0 0 0
323 14 0 0 0 0 0 0 0 0
324 5 4 2 0 0 0 0 0 0
325 5 0 0 0 0 0 0 0 0
326 5 0 0 5 0 0 0 0 0
327 5 0 0 0 0 0 0 0 0
328 2 0 0 2 0 0 0 0 0
329 2 0 0 0 0 0 2 2 1
331 5 0 0 0 0 0 5 0 0
333 5 0 0 5 0 0 0 0 0
339 9 0 0 9 0 0 0 0 0
340 9 0 0 9 0 0 0 0 0
341 9 0 0 0 0 0 9 3 1
342 9 0 0 0 0 0 9 0 0
343 9 0 0 9 0 0 0 0 0
350 17 1 0 17 0 0 0 0 0
351 17 0 0 17 0 0 0 0 0
352 17 0 0 0 0 0 17 0 0
353 17 0 0 0 0 0 17 1 0
355 17 0 0 17 0 0 0 0 0
372 5 4 2 5 0 0 0 0 0
373 5 0 0 5 0 0 0 0 0
374 5 0 0 0 0 0 5 0 0
375 5 0 0 0 0 0 5 0 0
376 5 0 0 5 0 0 0 0 0
383 1 0 0 1 0 0 0 0 0
384 1 0 0 1 0 0 0 0 0
385 1 0 0 0 0 0 1 0 0
386 1 0 0 0 0 0 1 1 1
387 1 0 0 0 0 0 1 0 0
388 1 0 0 0 0 0 1 0 0
389 2 0 0 1 0 0 0 0 0
394 1 1 1 1 1 1 0 0 0
395 1 0 0 0 0 0 0 0 0
400 1 0 0 0 0 0 0 0 0
401 1 0 0 0 0 0 0 0 0
403 1 0 0 1 0 0 0 0 0
404 1 0 0 0 0 0 0 0 0
405 1 0 0 0 0 0 0 0 0
fn=__mempcpy_avx_unaligned_erms
251 9 3 2 0 0 0 0 0 0
252 9 0 0 0 0 0 0 0 0
253 9 0 0 0 0 0 0 0 0
fn=memcpy
219 33 1 1 0 0 0 0 0 0
225 78 0 0 0 0 0 0 0 0
226 78 0 0 0 0 0 0 0 0
228 33 0 0 33 3 2 0 0 0
229 33 0 0 0 0 0 0 0 0
230 33 0 0 0 0 0 0 0 0
232 16 0 0 16 0 0 0 0 0
233 16 0 0 0 0 0 16 8 8
234 16 0 0 0 0 0 16 0 0
236 16 0 0 16 0 0 0 0 0
316 45 1 1 0 0 0 0 0 0
317 45 0 0 0 0 0 0 0 0
319 13 0 0 0 0 0 0 0 0
323 13 0 0 0 0 0 0 0 0
324 8 0 0 0 0 0 0 0 0
325 8 0 0 0 0 0 0 0 0
326 3 0 0 3 2 2 0 0 0
327 3 0 0 0 0 0 0 0 0
328 2 0 0 2 0 0 0 0 0
329 2 0 0 0 0 0 2 0 0
331 3 0 0 0 0 0 3 1 1
333 8 0 0 8 0 0 0 0 0
339 5 0 0 5 0 0 0 0 0
340 5 0 0 5 0 0 0 0 0
341 5 0 0 0 0 0 5 0 0
342 5 0 0 0 0 0 5 0 0
343 5 0 0 5 0 0 0 0 0
372 32 0 0 32 0 0 0 0 0
373 32 0 0 32 0 0 0 0 0
374 32 0 0 0 0 0 32 7 7
375 32 0 0 0 0 0 32 2 2
376 32 1 1 32 0 0 0 0 0
383 14 0 0 14 0 0 0 0 0
384 14 0 0 14 0 0 0 0 0
385 14 0 0 0 0 0 14 5 5
386 14 0 0 0 0 0 14 2 2
387 14 0 0 0 0 0 14 0 0
388 14 0 0 0 0 0 14 0 0
389 14 0 0 14 0 0 0 0 0
400 17 0 0 0 0 0 0 0 0
401 17 0 0 0 0 0 0 0 0
403 14 0 0 14 0 0 0 0 0
404 14 0 0 0 0 0 0 0 0
405 14 0 0 0 0 0 0 0 0
425 3 1 1 0 0 0 0 0 0
426 3 0 0 0 0 0 0 0 0
430 3 0 0 0 0 0 0 0 0
432 3 1 1 0 0 0 0 0 0
448 3 0 0 0 0 0 0 0 0
451 3 0 0 0 0 0 0 0 0
453 3 0 0 0 0 0 0 0 0
455 3 0 0 0 0 0 0 0 0
459 3 0 0 0 0 0 0 0 0
460 3 0 0 0 0 0 0 0 0
469 3 0 0 3 3 3 0 0 0
470 3 0 0 3 1 1 0 0 0
472 3 0 0 0 0 0 0 0 0
474 3 0 0 0 0 0 0 0 0
475 3 0 0 3 0 0 0 0 0
476 3 0 0 3 2 2 0 0 0
479 3 0 0 0 0 0 0 0 0
481 3 0 0 0 0 0 0 0 0
483 3 0 0 0 0 0 0 0 0
485 3 1 1 0 0 0 0 0 0
491 10 0 0 10 0 0 0 0 0
492 10 0 0 10 4 4 0 0 0
493 10 0 0 10 0 0 0 0 0
494 10 0 0 10 2 2 0 0 0
495 10 0 0 0 0 0 0 0 0
496 10 0 0 0 0 0 10 2 2
497 10 0 0 0 0 0 10 4 4
498 10 0 0 0 0 0 10 0 0
499 10 0 0 0 0 0 10 6 6
500 10 0 0 0 0 0 0 0 0
501 10 0 0 0 0 0 0 0 0
502 10 0 0 0 0 0 0 0 0
504 3 0 0 0 0 0 3 2 2
505 3 0 0 0 0 0 3 0 0
506 3 0 0 0 0 0 3 0 0
507 3 0 0 0 0 0 3 0 0
509 3 0 0 0 0 0 3 0 0
513 3 1 1 3 0 0 0 0 0
fn=mempcpy
206 45 0 0 0 0 0 0 0 0
207 45 0 0 0 0 0 0 0 0
208 45 0 0 0 0 0 0 0 0
fl=./string/../sysdeps/x86_64/multiarch/memrchr.c
fn=memrchr
29 2 0 0 1 0 0 0 0 0
fl=./string/../sysdeps/x86_64/multiarch/memset-vec-unaligned-erms.S
fn=__memset_avx2_unaligned_erms
167 32 4 2 0 0 0 0 0 0
172 16 0 0 0 0 0 0 0 0
173 16 0 0 0 0 0 0 0 0
345 16 4 2 0 0 0 0 0 0
354 16 0 0 0 0 0 0 0 0
355 16 0 0 0 0 0 0 0 0
386 16 4 2 0 0 0 16 1 0
387 16 0 0 0 0 0 16 0 0
388 16 0 0 16 0 0 0 0 0
fl=./string/../sysdeps/x86_64/multiarch/rawmemchr.c
fn=rawmemchr
31 1 0 0 1 0 0 0 0 0
fl=./string/../sysdeps/x86_64/multiarch/stpcpy.c
fn=stpcpy
33 2 1 1 1 0 0 0 0 0
fl=./string/../sysdeps/x86_64/multiarch/stpncpy.c
fn=stpncpy
31 2 1 1 1 0 0 0 0 0
fl=./string/../sysdeps/x86_64/multiarch/strcasecmp.c
fn=strcasecmp
31 2 0 0 1 0 0 0 0 0
fl=./string/../sysdeps/x86_64/multiarch/strcasecmp_l.c
fn=strcasecmp_l
31 2 0 0 1 0 0 0 0 0
fl=./string/../sysdeps/x86_64/multiarch/strcat.c
fn=strcat
29 2 0 0 1 0 0 0 0 0
fl=./string/../sysdeps/x86_64/multiarch/strchr-avx2.S
fn=__strchrnul_avx2
55 17 3 2 0 0 0 0 0 0
56 17 0 0 0 0 0 0 0 0
57 17 0 0 0 0 0 0 0 0
58 17 0 0 0 0 0 0 0 0
59 17 0 0 0 0 0 0 0 0
62 17 0 0 0 0 0 0 0 0
63 17 0 0 0 0 0 0 0 0
67 17 3 2 17 3 3 0 0 0
68 17 0 0 0 0 0 0 0 0
69 17 0 0 0 0 0 0 0 0
70 17 0 0 0 0 0 0 0 0
71 17 0 0 0 0 0 0 0 0
72 17 0 0 0 0 0 0 0 0
73 17 0 0 0 0 0 0 0 0
74 17 0 0 0 0 0 0 0 0
87 17 0 0 0 0 0 0 0 0
89 34 0 0 17 0 0 0 0 0
fl=./string/../sysdeps/x86_64/multiarch/strchr.c
fn=index
42 2 0 0 0 0 0 0 0 0
43 4 1 1 2 0 0 0 0 0
44 3 1 1 1 0 0 0 0 0
47 2 0 0 0 0 0 0 0 0
48 2 0 0 0 0 0 0 0 0
51 3 0 0 0 0 0 0 0 0
54 3 0 0 0 0 0 0 0 0
65 2 1 1 1 0 0 0 0 0
fl=./string/../sysdeps/x86_64/multiarch/strchrnul.c
fn=strchrnul
31 2 0 0 1 0 0 0 0 0
fl=./string/../sysdeps/x86_64/multiarch/strcmp-avx2.S
fn=__strcmp_avx2
249 23 4 2 0 0 0 0 0 0
274 23 0 0 0 0 0 0 0 0
275 23 0 0 0 0 0 0 0 0
276 23 0 0 0 0 0 0 0 0
278 23 0 0 0 0 0 0 0 0
279 23 0 0 0 0 0 0 0 0
283 23 0 0 23 0 0 0 0 0
287 23 0 0 23 4 1 0 0 0
289 23 0 0 0 0 0 0 0 0
291 23 0 0 0 0 0 0 0 0
294 23 0 0 0 0 0 0 0 0
303 23 0 0 0 0 0 0 0 0
304 46 0 0 0 0 0 0 0 0
308 23 5 2 0 0 0 0 0 0
318 23 0 0 23 0 0 0 0 0
319 23 0 0 23 0 0 0 0 0
322 23 0 0 0 0 0 0 0 0
326 46 0 0 23 0 0 0 0 0
953 23 4 2 0 0 0 0 0 0
954 23 0 0 0 0 0 0 0 0
fl=./string/../sysdeps/x86_64/multiarch/strcmp.c
fn=strcmp
47 4 0 0 0 0 0 0 0 0
48 8 2 1 4 2 0 0 0 0
49 6 2 1 2 0 0 0 0 0
52 4 0 0 0 0 0 0 0 0
53 4 2 1 0 0 0 0 0 0
56 6 0 0 0 0 0 0 0 0
59 6 0 0 0 0 0 0 0 0
79 4 0 0 2 0 0 0 0 0
fl=./string/../sysdeps/x86_64/multiarch/strcpy-avx2.S
fn=__stpcpy_avx2
62 1 1 1 0 0 0 0 0 0
69 1 0 0 0 0 0 0 0 0
71 1 0 0 0 0 0 0 0 0
72 1 0 0 0 0 0 0 0 0
73 1 0 0 0 0 0 0 0 0
307 1 1 1 1 0 0 0 0 0
308 1 0 0 1 1 1 0 0 0
309 1 0 0 0 0 0 0 0 0
310 1 0 0 0 0 0 0 0 0
320 1 0 0 0 0 0 0 0 0
321 1 0 0 0 0 0 0 0 0
354 1 1 1 0 0 0 0 0 0
356 1 0 0 0 0 0 0 0 0
357 1 0 0 0 0 0 0 0 0
358 1 0 0 0 0 0 0 0 0
359 1 0 0 0 0 0 0 0 0
360 1 0 0 0 0 0 0 0 0
361 1 0 0 0 0 0 0 0 0
612 1 1 1 1 0 0 0 0 0
613 1 0 0 1 0 0 0 0 0
614 1 0 0 0 0 0 1 0 0
615 1 0 0 0 0 0 1 0 0
617 1 1 1 0 0 0 0 0 0
625 2 0 0 1 0 0 0 0 0
fn=__strcpy_avx2
62 1 1 1 0 0 0 0 0 0
64 1 0 0 0 0 0 0 0 0
69 1 0 0 0 0 0 0 0 0
71 1 0 0 0 0 0 0 0 0
72 1 0 0 0 0 0 0 0 0
73 1 1 1 0 0 0 0 0 0
114 1 1 1 0 0 0 0 0 0
120 1 0 0 0 0 0 0 0 0
121 1 0 0 1 0 0 0 0 0
122 1 0 0 0 0 0 1 1 1
123 1 0 0 1 0 0 0 0 0
124 1 0 0 0 0 0 0 0 0
125 1 0 0 0 0 0 0 0 0
126 1 0 0 0 0 0 0 0 0
131 1 0 0 0 0 0 0 0 0
135 1 0 0 0 0 0 0 0 0
307 1 1 1 1 0 0 0 0 0
308 1 0 0 1 0 0 0 0 0
309 1 0 0 0 0 0 0 0 0
310 1 0 0 0 0 0 0 0 0
320 1 0 0 0 0 0 0 0 0
321 1 0 0 0 0 0 0 0 0
323 1 1 1 0 0 0 1 0 0
324 1 0 0 0 0 0 0 0 0
325 1 0 0 0 0 0 0 0 0
335 1 0 0 0 0 0 0 0 0
336 1 0 0 0 0 0 0 0 0
338 1 0 0 0 0 0 0 0 0
339 1 0 0 0 0 0 0 0 0
340 1 0 0 0 0 0 0 0 0
349 1 0 0 0 0 0 0 0 0
352 1 0 0 0 0 0 0 0 0
354 1 0 0 0 0 0 0 0 0
356 1 0 0 0 0 0 0 0 0
357 1 0 0 0 0 0 0 0 0
358 1 0 0 0 0 0 0 0 0
359 1 0 0 0 0 0 0 0 0
629 1 1 1 1 0 0 0 0 0
630 1 0 0 1 0 0 0 0 0
631 1 0 0 0 0 0 1 0 0
632 1 0 0 0 0 0 1 0 0
642 2 0 0 1 0 0 0 0 0
fl=./string/../sysdeps/x86_64/multiarch/strcpy.c
fn=strcpy
29 2 0 0 1 0 0 0 0 0
fl=./string/../sysdeps/x86_64/multiarch/strcspn.c
fn=strcspn
29 1 1 1 1 0 0 0 0 0
fl=./string/../sysdeps/x86_64/multiarch/strlen-avx2.S
fn=__strlen_avx2
65 98 5 2 0 0 0 0 0 0
66 98 0 0 0 0 0 0 0 0
67 98 0 0 0 0 0 0 0 0
70 98 0 0 0 0 0 0 0 0
72 98 0 0 0 0 0 0 0 0
73 98 0 0 0 0 0 0 0 0
76 97 0 0 97 24 15 0 0 0
77 97 0 0 0 0 0 0 0 0
85 97 0 0 0 0 0 0 0 0
86 97 0 0 0 0 0 0 0 0
87 95 0 0 0 0 0 0 0 0
92 190 0 0 95 0 0 0 0 0
118 1 0 0 0 0 0 0 0 0
131 1 0 0 0 0 0 0 0 0
132 1 0 0 0 0 0 0 0 0
133 1 0 0 0 0 0 0 0 0
139 2 0 0 1 0 0 0 0 0
143 1 1 1 0 0 0 0 0 0
156 1 0 0 0 0 0 0 0 0
157 1 0 0 0 0 0 0 0 0
158 1 0 0 0 0 0 0 0 0
164 2 0 0 1 0 0 0 0 0
221 2 1 1 0 0 0 0 0 0
236 2 0 0 2 0 0 0 0 0
242 2 0 0 0 0 0 0 0 0
243 2 0 0 0 0 0 0 0 0
244 2 0 0 0 0 0 0 0 0
246 1 0 0 1 0 0 0 0 0
247 1 0 0 0 0 0 0 0 0
248 1 0 0 0 0 0 0 0 0
249 1 0 0 0 0 0 0 0 0
511 1 1 1 0 0 0 0 0 0
512 1 0 0 1 0 0 0 0 0
513 1 0 0 0 0 0 0 0 0
516 1 0 0 0 0 0 0 0 0
531 1 0 0 0 0 0 0 0 0
532 1 0 0 0 0 0 0 0 0
533 1 0 0 0 0 0 0 0 0
540 2 0 0 1 0 0 0 0 0
fl=./string/../sysdeps/x86_64/multiarch/strlen.c
fn=strlen
29 6 0 0 3 0 0 0 0 0
fl=./string/../sysdeps/x86_64/multiarch/strncase.c
fn=strncasecmp
31 2 0 0 1 0 0 0 0 0
fl=./string/../sysdeps/x86_64/multiarch/strncase_l.c
fn=strncasecmp_l
31 2 0 0 1 0 0 0 0 0
fl=./string/../sysdeps/x86_64/multiarch/strncmp.c
fn=strncmp
43 2 0 0 0 0 0 0 0 0
44 4 1 1 2 0 0 0 0 0
45 3 1 1 1 0 0 0 0 0
48 2 0 0 0 0 0 0 0 0
49 2 0 0 0 0 0 0 0 0
52 3 0 0 0 0 0 0 0 0
55 5 1 1 0 0 0 0 0 0
67 2 0 0 1 0 0 0 0 0
fl=./string/../sysdeps/x86_64/multiarch/strncpy.c
fn=strncpy
29 2 0 0 1 0 0 0 0 0
fl=./string/../sysdeps/x86_64/multiarch/strnlen.c
fn=strnlen
31 4 0 0 2 0 0 0 0 0
fl=./string/../sysdeps/x86_64/multiarch/strpbrk.c
fn=strpbrk
29 1 1 1 1 0 0 0 0 0
fl=./string/../sysdeps/x86_64/multiarch/strrchr-avx2.S
fn=__strrchr_avx2
54 1 1 1 0 0 0 0 0 0
55 1 0 0 0 0 0 0 0 0
57 1 0 0 0 0 0 0 0 0
58 1 0 0 0 0 0 0 0 0
62 1 0 0 0 0 0 0 0 0
63 1 0 0 0 0 0 0 0 0
64 1 0 0 0 0 0 0 0 0
322 1 1 1 0 0 0 0 0 0
323 1 0 0 0 0 0 0 0 0
324 1 0 0 1 1 0 0 0 0
325 1 0 0 0 0 0 0 0 0
326 1 0 0 0 0 0 0 0 0
329 1 0 0 0 0 0 0 0 0
330 1 0 0 0 0 0 0 0 0
331 1 1 1 0 0 0 0 0 0
332 1 0 0 0 0 0 0 0 0
333 1 0 0 0 0 0 0 0 0
337 1 0 0 0 0 0 0 0 0
338 1 0 0 0 0 0 0 0 0
340 1 0 0 0 0 0 0 0 0
341 1 0 0 0 0 0 0 0 0
342 1 0 0 0 0 0 0 0 0
343 1 0 0 0 0 0 0 0 0
348 2 0 0 1 0 0 0 0 0
fl=./string/../sysdeps/x86_64/multiarch/strrchr.c
fn=rindex
28 2 0 0 1 0 0 0 0 0
fl=./string/../sysdeps/x86_64/multiarch/strspn.c
fn=strspn
29 1 0 0 1 0 0 0 0 0
fl=./string/./string/strdup.c
fn=strdup
40 24 1 1 0 0 0 12 0 0
41 12 0 0 0 0 0 6 0 0
44 12 0 0 0 0 0 0 0 0
47 24 0 0 0 0 0 0 0 0
48 18 0 0 12 0 0 0 0 0
fl=./time/../sysdeps/unix/sysv/linux/clock_gettime.c
fn=clock_gettime@@GLIBC_2.17
38 496802 6 2 496802 8 0 0 0 0
40 496802 0 0 0 0 0 0 0 0
44 248401 0 0 0 0 0 0 0 0
68 496802 6 2 0 0 0 0 0 0
69 496802 0 0 0 0 0 0 0 0
86 248401 0 0 248401 0 0 0 0 0
fl=./wcsmbs/../sysdeps/x86_64/multiarch/ifunc-avx2.h
fn=wcschr
38 4 0 0 0 0 0 0 0 0
40 10 1 1 4 0 0 0 0 0
41 4 1 1 2 0 0 0 0 0
42 6 0 0 2 0 0 0 0 0
45 4 0 0 0 0 0 0 0 0
46 4 0 0 0 0 0 0 0 0
49 6 0 0 0 0 0 0 0 0
52 12 1 1 0 0 0 0 0 0
fn=wcscmp
38 2 1 1 0 0 0 0 0 0
40 5 0 0 2 0 0 0 0 0
41 2 0 0 1 0 0 0 0 0
42 3 0 0 1 0 0 0 0 0
45 2 0 0 0 0 0 0 0 0
46 2 0 0 0 0 0 0 0 0
49 3 0 0 0 0 0 0 0 0
52 6 1 1 0 0 0 0 0 0
fl=./wcsmbs/../sysdeps/x86_64/multiarch/ifunc-evex.h
fn=wmemchr
37 4 0 0 0 0 0 0 0 0
38 10 2 2 4 0 0 0 0 0
39 6 0 0 2 0 0 0 0 0
42 4 0 0 0 0 0 0 0 0
43 4 1 1 0 0 0 0 0 0
45 4 0 0 0 0 0 0 0 0
51 6 0 0 0 0 0 0 0 0
54 8 0 0 0 0 0 0 0 0
fl=./wcsmbs/../sysdeps/x86_64/multiarch/ifunc-memcmp.h
fn=wmemcmp
34 5 1 1 2 0 0 0 0 0
35 2 0 0 1 0 0 0 0 0
36 2 0 0 0 0 0 0 0 0
37 3 0 0 1 0 0 0 0 0
40 2 0 0 0 0 0 0 0 0
41 2 0 0 0 0 0 0 0 0
44 3 0 0 0 0 0 0 0 0
47 4 0 0 0 0 0 0 0 0
fl=./wcsmbs/../sysdeps/x86_64/multiarch/ifunc-wcslen.h
fn=wcslen
40 2 0 0 0 0 0 0 0 0
41 4 1 1 2 0 0 0 0 0
42 3 1 1 1 0 0 0 0 0
45 2 0 0 0 0 0 0 0 0
46 2 0 0 0 0 0 0 0 0
49 3 0 0 0 0 0 0 0 0
52 3 0 0 0 0 0 0 0 0
fn=wcsnlen
40 2 0 0 0 0 0 0 0 0
41 4 1 1 2 0 0 0 0 0
42 3 1 1 1 0 0 0 0 0
45 2 0 0 0 0 0 0 0 0
46 2 0 0 0 0 0 0 0 0
49 3 0 0 0 0 0 0 0 0
52 3 0 0 0 0 0 0 0 0
fl=./wcsmbs/../sysdeps/x86_64/multiarch/ifunc-wmemset.h
fn=wmemset
36 10 1 1 4 0 0 0 0 0
37 6 0 0 2 0 0 0 0 0
fl=./wcsmbs/../sysdeps/x86_64/multiarch/wcschr.c
fn=wcschr
31 4 0 0 2 0 0 0 0 0
fl=./wcsmbs/../sysdeps/x86_64/multiarch/wcscmp.c
fn=wcscmp
30 2 0 0 1 0 0 0 0 0
fl=./wcsmbs/../sysdeps/x86_64/multiarch/wcscpy.c
fn=wcscpy
38 5 1 1 2 0 0 0 0 0
44 1 0 0 1 0 0 0 0 0
fl=./wcsmbs/../sysdeps/x86_64/multiarch/wcslen.c
fn=wcslen
29 2 1 1 1 0 0 0 0 0
fl=./wcsmbs/../sysdeps/x86_64/multiarch/wcsnlen.c
fn=wcsnlen
30 2 1 1 1 0 0 0 0 0
fl=./wcsmbs/../sysdeps/x86_64/multiarch/wmemchr.c
fn=wmemchr
31 2 0 0 2 0 0 0 0 0
fl=./wcsmbs/../sysdeps/x86_64/multiarch/wmemcmp.c
fn=wmemcmp
29 3 1 1 1 0 0 0 0 0
fl=./wcsmbs/../sysdeps/x86_64/multiarch/wmemset.c
fn=wmemset
31 2 1 1 2 0 0 0 0 0
fl=./wcsmbs/./wcsmbs/btowc.c
fn=btowc
32 1792 1 1 256 0 0 1024 0 0
37 1792 1 1 0 0 0 0 0 0
42 512 0 0 0 0 0 0 0 0
46 384 1 1 384 1 0 0 0 0
47 256 0 0 256 1 0 0 0 0
49 256 0 0 128 1 0 0 0 0
54 512 1 1 128 0 0 0 0 0
57 1152 0 0 384 0 0 128 0 0
98 1536 0 0 1152 0 0 0 0 0
fl=./wcsmbs/./wcsmbs/wctob.c
fn=wctob
30 896 2 2 128 0 0 512 0 0
39 384 0 0 0 0 0 0 0 0
44 256 0 0 0 0 0 0 0 0
45 128 0 0 0 0 0 0 0 0
81 1024 0 0 768 0 0 0 0 0
fl=./wcsmbs/./wcsmbsload.h
fn=btowc
69 128 0 0 128 1 0 0 0 0
70 384 0 0 128 1 0 0 0 0
fl=./wctype/./wctype/wctype_l.c
fn=wctype_l
26 90 1 1 0 0 0 60 0 0
29 20 0 0 0 0 0 10 0 0
32 20 0 0 20 1 0 0 0 0
33 68 0 0 0 0 0 0 0 0
35 174 1 1 0 0 0 58 0 0
37 410 0 0 0 0 0 49 0 0
40 48 0 0 0 0 0 0 0 0
41 96 0 0 48 0 0 0 0 0
45 10 0 0 10 1 0 0 0 0
46 10 0 0 10 2 0 0 0 0
47 80 1 1 70 0 0 0 0 0
fl=/home/olaf/codingame/brain.cpp
fn=_GLOBAL__sub_I_PLAYER_IDX
120 7 1 1 2 1 0 2 0 0
fn=__static_initialization_and_destruction_0(int, int)
21 40 2 2 0 0 0 2 0 0
23 14 0 0 0 0 0 4 0 0
120 57 5 5 9 1 0 12 0 0
fn=main
25 9 1 1 0 0 0 7 0 0
27 2 1 1 0 0 0 1 0 0
28 2 0 0 0 0 0 1 0 0
30 4 1 1 0 0 0 1 0 0
31 2 0 0 0 0 0 1 0 0
32 3 0 0 0 0 0 1 0 0
33 2 0 0 0 0 0 1 0 0
37 14 2 2 0 0 0 7 2 0
40 11 3 1 3 0 0 4 1 0
44 56 0 0 20 0 0 0 0 0
45 36 0 0 0 0 0 12 0 0
49 132 4 2 36 0 0 36 0 0
51 72 4 2 24 0 0 12 1 0
55 108 0 0 12 0 0 36 0 0
57 72 0 0 24 0 0 12 0 0
61 108 4 2 12 0 0 36 0 0
63 72 0 0 24 0 0 12 0 0
67 108 4 2 12 0 0 36 0 0
69 72 4 2 24 0 0 12 0 0
73 12 0 0 4 0 0 0 0 0
78 4 0 0 4 0 0 0 0 0
79 8 0 0 4 0 0 0 0 0
81 120 12 6 20 0 0 0 0 0
82 32 0 0 0 0 0 16 0 0
85 336 0 0 0 0 0 0 0 0
86 224 0 0 0 0 0 112 0 0
88 32 0 0 0 0 0 16 0 0
91 24 4 2 12 0 0 8 0 0
96 6 0 0 3 3 0 3 0 0
101 9 1 1 1 1 0 2 0 0
105 3 0 0 3 0 0 0 0 0
106 12 0 0 6 0 0 0 0 0
118 3 0 0 0 0 0 0 0 0
fl=/home/olaf/codingame/brain.hpp
fn=Brain::optimize(BrainNode**, State&, float*)
27 1043874 3 1 0 0 0 321192 40796 24455
28 321192 0 0 0 0 0 321192 40150 24456
30 642384 3 1 240894 319 0 321192 40148 24455
35 481788 3 1 80298 0 0 80298 0 0
38 160596 0 0 0 0 0 80298 0 0
47 29229474 0 0 9743158 0 0 0 0 0
48 1369991 5 2 80298 0 0 241879 0 0
51 38005116 0 0 19002558 0 0 0 0 0
57 35646586 0 0 0 0 0 0 0 0
59 121158097 3 1 76010232 1238463 0 0 0 0
61 66508953 0 0 9501279 0 0 0 0 0
91 31194588 0 0 10398196 1750 0 0 0 0
92 24195749 0 0 20796392 0 0 0 0 0
93 20796392 1 0 0 0 0 10398196 0 0
94 31194588 0 0 0 0 0 10398196 0 0
138 46543020 3 1 0 0 0 23271510 0 0
141 558681 3 1 0 0 0 186227 49 0
144 1862270 3 1 558681 0 0 0 0 0
151 12823306 1 0 4533355 0 0 32119 24 0
156 96357 0 0 0 0 0 0 0 0
163 33053645 3 1 0 0 0 0 0 0
164 66400628 3 1 17253224 13320 0 0 0 0
165 1237559 0 0 0 0 0 1237559 0 0
166 10980717 0 0 0 0 0 10980717 117 0
169 29229474 0 0 9743158 3019 0 0 0 0
173 9823456 3 1 80298 0 0 9743158 0 0
174 9743158 0 0 9743158 239284 15 0 0 0
178 18301195 3 1 10980717 0 0 3660239 0 0
180 18301195 3 1 0 0 0 3660239 0 0
182 36602390 3 1 10980717 2 0 0 0 0
185 30996561 2 1 27117976 65 0 0 0 0
fn=Brain::random_walk(BrainNode**, State&, float*)
27 666704 9 3 0 0 0 166676 20837 8625
28 166676 5 1 0 0 0 166676 20832 8627
30 333352 6 2 125007 0 0 166676 20837 8625
35 291683 8 3 41669 0 0 41669 0 0
38 83338 0 0 0 0 0 41669 0 0
71 659491 2 1 83338 0 0 0 0 0
91 950961 0 0 316987 0 0 0 0 0
92 739623 0 0 633974 0 0 0 0 0
93 633974 3 1 0 0 0 316987 0 0
94 950961 0 0 0 0 0 316987 0 0
187 1370700 6 2 0 0 0 609200 0 0
199 667733 3 1 280984 0 0 0 0 0
204 90057 0 0 0 0 0 0 0 0
211 122281 3 1 0 0 0 0 0 0
212 1797706 8 3 667314 30370 0 0 0 0
213 139235 2 1 0 0 0 139235 0 0
217 682824 9 3 227608 21167 0 0 0 0
221 227608 0 0 0 0 0 227608 0 0
222 227608 0 0 227608 173374 0 0 0 0
226 733686 0 0 0 0 0 244562 2 0
228 611405 3 1 0 0 0 122281 0 0
230 1222810 3 1 366843 0 0 0 0 0
233 883781 0 0 731481 0 0 0 0 0
fn=main
27 11532 37 12 480 0 0 3069 381 129
28 3069 22 8 0 0 0 3069 387 127
30 7089 21 7 2295 2 1 3069 381 129
35 4821 36 13 804 0 0 1005 0 0
38 1776 1 0 240 0 0 765 0 0
71 902583 10 4 21179 0 0 14691 0 0
79 24 6 4 24 0 0 0 0 0
81 251 18 12 60 2 0 0 0 0
83 23 0 0 23 0 0 0 0 0
91 1381236 12 4 360333 0 0 0 0 0
92 360333 6 2 360333 0 0 0 0 0
93 720666 1 0 0 0 0 360333 0 0
94 1141017 3 2 0 0 0 360333 0 0
131 12 2 0 3 0 0 6 0 0
134 6 0 0 0 0 0 6 0 0
199 180532 20 6 8 0 0 0 0 0
204 107 0 0 58 0 0 49 0 0
205 49 0 0 20 0 0 0 0 0
212 1501524 31 11 420402 2792 0 0 0 0
213 954 4 1 0 0 0 690 0 0
217 1138782 3 1 359568 1894 0 30033 0 0
221 89379 0 0 0 0 0 89379 0 0
226 959992 16 6 539771 77194 0 420221 0 0
228 150095 0 0 90057 0 0 30019 0 0
230 720781 10 3 150115 0 0 0 0 0
231 90144 5 2 90144 0 0 0 0 0
236 3 0 0 3 0 0 0 0 0
250 15 0 0 0 0 0 6 0 0
253 480768 6 2 240384 0 0 240384 3 0
255 210330 0 0 30048 0 0 0 0 0
256 60090 0 0 30045 0 0 0 0 0
259 3493536 6 2 1746768 0 0 1746768 0 0
260 1091730 0 0 873384 0 0 218346 0 0
261 1091724 3 1 218346 0 0 0 0 0
262 436686 0 0 218343 0 0 0 0 0
fl=/home/olaf/codingame/minigames/../random.hpp
fn=Brain::optimize(BrainNode**, State&, float*)
15 5236019 6 2 978672 0 0 1841956 0 0
16 9661564 6 2 0 0 0 0 0 0
17 9661564 3 1 0 0 0 0 0 0
18 9661564 4 1 0 0 0 0 0 0
71 18350390 12 4 1835039 0 0 0 0 0
73 7340156 1 0 1835039 0 0 1835039 2409 1
75 2309118 0 0 0 0 0 0 0 0
77 1539412 0 0 769706 0 0 769706 0 0
78 876460 3 1 0 0 0 0 0 0
79 1105269 0 0 0 0 0 0 0 0
81 368423 0 0 0 0 0 0 0 0
82 1264519 0 0 0 0 0 0 0 0
fn=Brain::random_walk(BrainNode**, State&, float*)
15 2590143 5 2 370550 0 0 370550 0 0
16 5913972 3 1 0 0 0 0 0 0
17 5913972 3 1 0 0 0 0 0 0
18 6655072 0 0 0 0 0 0 0 0
28 2956986 3 1 0 0 0 0 0 0
29 139235 0 0 0 0 0 0 0 0
32 3923504 3 1 0 0 0 0 0 0
33 139235 0 0 0 0 0 0 0 0
36 2183000 2 0 0 0 0 0 0 0
37 227445 1 0 0 0 0 0 0 0
fn=State::play(signed char, signed char, signed char)
15 5096397 2 2 1698799 0 0 1698799 0 0
16 6795196 1 1 0 0 0 0 0 0
17 6795196 0 0 0 0 0 0 0 0
18 6795196 2 1 0 0 0 0 0 0
fn=main
15 843641 16 5 120669 3 0 360965 0 0
16 1448028 21 7 0 0 0 0 0 0
17 1448028 24 8 0 0 0 0 0 0
18 1448028 12 4 0 0 0 0 0 0
28 724722 18 7 0 0 0 66 0 0
29 982 5 2 0 0 0 0 0 0
32 493051 6 2 0 0 0 160 0 0
33 600 4 1 0 0 0 0 0 0
36 1952 7 2 0 0 0 117 0 0
40 2289 1 0 0 0 0 0 0 0
fl=/home/olaf/codingame/minigames/../utils.hpp
fn=Brain::optimize(BrainNode**, State&, float*)
25 47506395 3 1 19002558 0 0 0 0 0
26 19002558 0 0 0 0 0 0 0 0
fn=State::init(std::vector<std::__cxx11::basic_string<char, std::char_traits<char>, std::allocator<char> >, std::allocator<std::__cxx11::basic_string<char, std::char_traits<char>, std::allocator<char> > > > const&, std::vector<std::vector<int, std::allocator<int> >, std::allocator<std::vector<int, std::allocator<int> > > >)
9 90 0 0 0 0 0 0 0 0
12 89 3 1 6 0 0 3 3 0
15 42 0 0 0 0 0 0 0 0
18 14 0 0 0 0 0 0 0 0
fl=/home/olaf/codingame/minigames/archery.hpp
fn=Brain::optimize(BrainNode**, State&, float*)
77 1868931 2 1 622977 0 0 0 0 0
81 8737599 9 4 1245954 0 0 15921 0 0
204 398320 3 1 199160 0 0 0 0 0
211 4230 0 0 2115 0 0 2115 0 0
214 42300 6 2 14805 0 0 6345 0 0
215 31725 3 1 12690 0 0 6345 0 0
217 12836 0 0 0 0 0 73 0 0
219 12544 3 1 0 0 0 0 0 0
221 12692 0 0 0 0 0 1 0 0
223 12706 0 0 0 0 0 18 0 0
226 4230 3 1 2115 0 0 0 0 0
227 970 0 0 0 0 0 970 0 0
230 4580 3 1 1145 0 0 1145 0 0
fn=State::get_stats(float*)
166 6706638 2 1 1490364 0 0 0 0 0
169 643320 1 1 0 0 0 0 0 0
173 350256 1 1 0 0 0 0 0 0
174 160336 2 0 0 0 0 160336 0 0
177 43656 0 0 0 0 0 28864 0 0
180 795392 7 2 109396 0 0 0 0 0
181 200420 0 0 0 0 0 200420 0 0
184 95190 0 0 0 0 0 0 0 0
185 33182 1 0 0 0 0 33182 0 0
188 51718 0 0 51718 0 0 0 0 0
191 743794 1 0 13294 0 0 0 0 0
192 453820 3 2 0 0 0 0 0 0
195 53268 0 0 0 0 0 0 0 0
fn=State::init(std::vector<std::__cxx11::basic_string<char, std::char_traits<char>, std::allocator<char> >, std::allocator<std::__cxx11::basic_string<char, std::char_traits<char>, std::allocator<char> > > > const&, std::vector<std::vector<int, std::allocator<int> >, std::allocator<std::vector<int, std::allocator<int> > > >)
24 633 0 0 6 3 1 9 0 0
26 1845 3 1 0 0 0 738 318 106
30 270 0 0 180 0 0 0 0 0
31 9450 6 2 135 0 0 0 0 0
32 381915 0 0 0 0 0 0 0 0
33 81180 0 0 0 0 0 0 0 0
36 75645 3 1 0 0 0 75645 4725 1575
37 75645 0 0 0 0 0 75645 1184 394
42 75645 0 0 75645 0 0 0 0 0
45 302580 0 0 151290 0 0 75645 0 0
46 151290 3 1 75645 0 0 0 0 0
50 680805 3 1 75645 0 0 0 0 0
54 680805 3 1 0 0 0 0 0 0
56 3364298 9 3 605160 0 0 77490 0 0
58 605160 0 0 0 0 0 0 0 0
59 105521 0 0 0 0 0 105521 0 0
60 283324 0 0 0 0 0 181166 0 0
63 197059 6 2 0 0 0 0 0 0
64 448580 0 0 44453 0 0 134709 0 0
fn=State::play(signed char, signed char, signed char)
204 8547478 1 0 0 0 0 0 0 0
211 5838536 3 1 2919268 0 0 0 0 0
214 58385360 0 0 29192680 0 0 8757804 0 0
215 40869752 6 2 17515608 0 0 8757804 0 0
217 17540076 3 1 0 0 0 18472 0 0
219 17478665 7 2 0 0 0 1 0 0
221 17521734 0 0 0 0 0 3685 0 0
223 17520180 7 3 0 0 0 5971 0 0
226 5838536 0 0 0 0 0 0 0 0
227 247424 0 0 0 0 0 247424 0 0
230 8015532 0 0 0 0 0 2671844 0 0
fl=/home/olaf/codingame/minigames/divings.hpp
fn=Brain::optimize(BrainNode**, State&, float*)
26 3267734 6 2 1633867 0 0 0 0 0
111 398320 2 1 199160 0 0 0 0 0
116 43372 3 1 3098 0 0 6196 0 0
117 4528 0 0 2264 0 0 0 0 0
118 5362 0 0 2264 0 0 3098 0 0
121 3669533 0 0 0 0 0 0 0 0
125 9294 1 1 3098 0 0 0 0 0
126 1962 2 1 0 0 0 981 0 0
129 4234 0 0 0 0 0 2117 0 0
130 4234 0 0 0 0 0 2117 0 0
fn=State::get_stats(float*)
64 1302210 4 1 745182 0 0 0 0 0
65 53383 0 0 23263 0 0 30120 0 0
68 436548 0 0 0 0 0 0 0 0
69 176699 0 0 0 0 0 176699 0 0
72 113270 0 0 41575 0 0 41575 0 0
75 422154 0 0 0 0 0 0 0 0
76 292585 1 0 2275 0 0 236827 0 0
79 51724 0 0 0 0 0 0 0 0
80 11567 0 0 0 0 0 11567 0 0
86 732251 4 1 132230 0 0 0 0 0
90 323017 1 0 107979 1 0 0 0 0
fn=State::init(std::vector<std::__cxx11::basic_string<char, std::char_traits<char>, std::allocator<char> >, std::allocator<std::__cxx11::basic_string<char, std::char_traits<char>, std::allocator<char> > > > const&, std::vector<std::vector<int, std::allocator<int> >, std::allocator<std::vector<int, std::allocator<int> > > >)
138 24 3 1 0 0 0 0 0 0
141 12 0 0 0 0 0 0 0 0
144 12 0 0 0 0 0 0 0 0
147 15 0 0 0 0 0 0 0 0
151 15 0 0 0 0 0 0 0 0
155 12 0 0 0 0 0 0 0 0
159 12 3 1 0 0 0 0 0 0
fn=State::play(signed char, signed char, signed char)
111 8547478 1 0 0 0 0 0 0 0
116 44125130 3 1 12607180 0 0 6303590 0 0
117 11324114 3 1 5662057 0 0 0 0 0
118 11324114 0 0 5662057 0 0 2074301 0 0
121 9455385 0 0 0 0 0 0 0 0
125 10717950 2 0 3151795 0 0 1077494 0 0
126 494826 0 0 0 0 0 247413 0 0
129 5808764 1 1 0 0 0 2904382 0 0
130 5808764 0 0 0 0 0 2904382 0 0
fl=/home/olaf/codingame/minigames/hurdles.hpp
fn=Brain::optimize(BrainNode**, State&, float*)
120 995800 6 2 597480 0 0 398320 0 0
124 2236756 2 1 972792 721 0 0 0 0
221 398320 3 1 0 0 0 0 0 0
226 1194756 3 1 398252 0 0 0 0 0
227 853148 0 0 273025 0 0 153549 0 0
230 887658 3 1 0 0 0 0 0 0
231 829556 1 0 304058 0 0 0 0 0
234 279542 0 0 0 0 0 0 0 0
235 163883 3 1 66305 0 0 0 0 0
238 146932 0 0 0 0 0 0 0 0
239 73466 0 0 0 0 0 73466 0 0
240 163008 5 3 73466 0 0 0 0 0
241 444582 0 0 0 0 0 430308 0 0
245 517295 0 0 443829 0 0 0 0 0
247 130856 0 0 0 0 0 0 0 0
248 64164 0 0 0 0 0 5678 0 0
250 175458 1 0 0 0 0 0 0 0
251 105616 0 0 0 0 0 0 0 0
256 860616 5 2 430308 0 0 430308 0 0
257 88750 0 0 23412 0 0 65338 0 0
260 756982 0 0 0 0 0 0 0 0
261 78936 0 0 0 0 0 36616 0 0
fn=Hurdles::build_dp()
39 13 2 1 0 0 0 10 0 0
40 4480 1 1 3200 0 0 0 0 0
41 1280 0 0 640 0 0 640 640 640
43 640 0 0 0 0 0 640 0 0
45 1280 1 1 640 0 0 640 640 640
47 640 0 0 0 0 0 640 0 0
49 1280 0 0 640 0 0 640 320 320
51 640 1 1 0 0 0 640 0 0
53 93440 0 0 0 0 0 0 0 0
58 18560 0 0 0 0 0 18560 640 640
60 18560 0 0 0 0 0 18560 0 0
66 24222 0 0 0 0 0 0 0 0
70 18560 0 0 0 0 0 0 0 0
76 37120 1 1 0 0 0 0 0 0
84 37120 0 0 0 0 0 0 0 0
87 31458 0 0 0 0 0 0 0 0
88 12898 0 0 0 0 0 0 0 0
96 145995 1 1 61342 0 0 640 0 0
98 99765 0 0 14178 40 40 12898 0 0
99 162635 0 0 0 0 0 0 0 0
102 254178 1 1 0 0 0 55680 0 0
103 18560 0 0 0 0 0 18560 640 640
106 185600 2 2 0 0 0 0 0 0
107 25837 0 0 0 0 0 25837 0 0
108 25837 0 0 0 0 0 25837 0 0
111 48403 1 1 0 0 0 0 0 0
112 32120 0 0 26499 0 0 0 0 0
117 7 0 0 7 1 0 0 0 0
fn=State::get_stats(float*)
174 745182 5 2 248394 0 0 0 0 0
175 228462 0 0 114231 2 1 114231 0 0
178 639520 0 0 248394 0 0 0 0 0
182 187602 3 1 93801 0 0 93801 0 0
185 640018 0 0 288756 0 0 0 0 0
186 76025 0 0 34574 1 1 41451 0 0
189 394933 1 1 0 0 0 0 0 0
193 247124 1 0 59194 0 0 123562 0 0
196 692390 2 1 206943 0 0 0 0 0
197 110119 0 0 0 0 0 110119 0 0
200 470934 0 0 0 0 0 0 0 0
204 102074 0 0 0 0 0 102074 0 0
fn=State::init(std::vector<std::__cxx11::basic_string<char, std::char_traits<char>, std::allocator<char> >, std::allocator<std::__cxx11::basic_string<char, std::char_traits<char>, std::allocator<char> > > > const&, std::vector<std::vector<int, std::allocator<int> >, std::allocator<std::vector<int, std::allocator<int> > > >)
29 4590 0 0 0 0 0 0 0 0
30 4605 0 0 1535 94 1 0 0 0
31 2 0 0 0 0 0 2 0 0
36 5 1 1 0 0 0 1 0 0
40 13458 3 2 9600 0 0 9 0 0
41 3840 0 0 1920 0 0 1920 1920 640
43 1920 0 0 0 0 0 1920 0 0
45 3840 0 0 1920 0 0 1920 1920 640
47 1920 0 0 0 0 0 1920 0 0
49 3840 3 2 1920 0 0 1920 960 320
51 1920 0 0 0 0 0 1920 0 0
53 280320 0 0 0 0 0 0 0 0
58 55680 0 0 0 0 0 55680 1920 640
60 55680 0 0 0 0 0 55680 0 0
66 128346 0 0 8493 0 0 64173 0 0
70 55680 0 0 0 0 0 55680 0 0
76 111360 0 0 0 0 0 0 0 0
84 111360 0 0 0 0 0 0 0 0
87 141561 3 2 47187 0 0 0 0 0
88 38694 0 0 0 0 0 0 0 0
96 446478 6 4 201012 0 0 1920 0 0
98 337989 3 2 89721 119 0 38694 0 0
99 599265 3 2 55680 0 0 111360 0 0
102 762534 0 0 0 0 0 167040 0 0
103 55680 0 0 0 0 0 55680 1920 640
106 556800 6 4 0 0 0 0 0 0
107 77511 0 0 0 0 0 77511 0 0
108 77511 0 0 0 0 0 77511 0 0
111 145209 3 2 0 0 0 0 0 0
112 96360 0 0 79497 0 0 0 0 0
160 14 2 1 6 2 0 0 0 0
161 8 0 0 6 0 0 0 0 0
162 8 0 0 6 0 0 0 0 0
164 10 0 0 0 0 0 0 0 0
fn=State::play(signed char, signed char, signed char)
174 178035 2 1 59345 0 0 0 0 0
178 296725 1 1 59345 0 0 0 0 0
185 237380 1 0 59345 0 0 59345 0 0
189 118690 0 0 0 0 0 0 0 0
190 118690 0 0 0 0 0 0 0 0
196 296725 2 1 118690 2 0 59345 0 0
200 237380 1 1 0 0 0 0 0 0
209 534105 1 1 0 0 0 59345 0 0
210 237380 0 0 59345 38038 0 59345 0 0
213 59345 0 0 0 0 0 59345 0 0
214 59345 0 0 0 0 0 59345 0 0
217 59345 0 0 0 0 0 59345 0 0
221 8547478 0 0 0 0 0 0 0 0
225 104415 0 0 0 0 0 0 0 0
226 36964962 0 0 12321654 0 0 0 0 0
227 5782728 0 0 0 0 0 2891364 0 0
230 25144854 2 1 6284274 0 0 0 0 0
231 16982313 6 2 9430290 0 0 2517341 0 0
234 13825898 0 0 0 0 0 0 0 0
235 6464350 0 0 0 0 0 3232175 0 0
238 7361548 0 0 0 0 0 0 0 0
239 7361548 3 1 0 0 0 3680774 0 0
240 7405444 4 1 5543109 0 0 1862335 276 0
241 4984239 0 0 0 0 0 1661413 0 0
247 3636878 0 0 1818439 0 0 1818439 532 0
248 2129172 0 0 0 0 0 254964 0 0
250 3305832 2 1 1652916 0 0 1652916 0 0
251 4193856 5 2 0 0 0 1397952 0 0
256 23367278 4 2 14558397 0 0 8808881 1446 0
257 3025798 5 1 0 0 0 1512899 0 0
260 15834782 0 0 0 0 0 0 0 0
261 353955 0 0 0 0 0 229185 0 0
fl=/home/olaf/codingame/minigames/skating.hpp
fn=Brain::optimize(BrainNode**, State&, float*)
21 1835039 3 1 1835039 0 0 0 0 0
118 398320 0 0 199160 0 0 0 0 0
123 61302 2 2 0 0 0 0 0 0
124 27492 1 0 0 0 0 9164 0 0
127 64461 1 1 21487 0 0 0 0 0
129 64461 0 0 21487 0 0 21487 0 0
131 42974 0 0 0 0 0 0 0 0
132 10778 0 0 0 0 0 5389 0 0
134 10778 0 0 0 0 0 0 0 0
135 8260 0 0 0 0 0 4130 0 0
138 32196 2 2 0 0 0 0 0 0
139 16134 0 0 0 0 0 5378 0 0
142 21440 0 0 0 0 0 0 0 0
143 10698 0 0 0 0 0 5349 0 0
144 16047 0 0 0 0 0 5349 0 0
147 42974 0 0 0 0 0 0 0 0
148 8878 0 0 0 0 0 4439 0 0
149 4439 0 0 4439 0 0 0 0 0
154 76741 1 1 24561 0 0 0 0 0
155 4548 2 0 0 0 0 2274 0 0
158 40033 0 0 3134 0 0 0 0 0
159 7530 0 0 0 0 0 2510 0 0
162 60101 1 1 23829 0 0 0 0 0
163 5952 0 0 0 0 0 1984 0 0
167 57649 0 0 0 0 0 0 0 0
168 4540 0 0 0 0 0 4540 0 0
172 30651 1 1 10217 0 0 0 0 0
173 6600 0 0 0 0 0 3300 0 0
177 13834 0 0 0 0 0 6917 0 0
179 76087 0 0 6917 0 0 6917 0 0
fn=State::get_stats(float*)
65 1241970 3 1 745182 0 0 0 0 0
66 993576 0 0 496788 0 0 0 0 0
67 993576 3 1 496788 0 0 0 0 0
69 1241970 0 0 0 0 0 0 0 0
70 248394 0 0 0 0 0 248394 0 0
73 761327 0 0 0 0 0 0 0 0
80 1490364 3 1 248394 0 0 0 0 0
81 248394 0 0 0 0 0 248394 0 0
84 890033 0 0 0 0 0 0 0 0
91 1490364 1 1 248394 0 0 0 0 0
95 953907 0 0 0 0 0 0 0 0
fn=State::play(signed char, signed char, signed char)
65 296725 1 0 178035 0 0 0 0 0
66 237380 0 0 118690 0 0 0 0 0
67 237380 1 1 118690 0 0 0 0 0
69 296725 0 0 0 0 0 0 0 0
70 59345 0 0 0 0 0 59345 0 0
73 356070 0 0 0 0 0 0 0 0
80 356070 1 1 59345 0 0 0 0 0
81 59345 0 0 0 0 0 59345 0 0
84 474760 1 1 59345 0 0 0 0 0
91 356070 0 0 59345 0 0 0 0 0
106 652795 0 0 59345 1 0 59345 0 0
110 118690 0 0 59345 1 0 59345 0 0
111 59345 0 0 0 0 0 59345 0 0
114 59345 0 0 0 0 0 59345 0 0
118 8547478 0 0 0 0 0 0 0 0
123 16960932 5 2 5653644 0 0 0 0 0
124 3658302 2 0 0 0 0 1829151 0 0
127 15297972 3 1 7648986 0 0 0 0 0
129 11473479 0 0 3824493 0 0 3824493 0 0
131 7648986 0 0 0 0 0 0 0 0
132 2004040 2 1 0 0 0 1002020 0 0
134 2004040 0 0 0 0 0 0 0 0
135 1424468 0 0 0 0 0 712234 0 0
138 5644946 3 1 0 0 0 0 0 0
139 2509128 4 2 0 0 0 836376 0 0
142 3972194 2 1 0 0 0 0 0 0
143 1885804 0 0 0 0 0 942902 0 0
144 2828706 0 0 0 0 0 942902 0 0
147 7648986 3 1 0 0 0 0 0 0
148 840896 0 0 0 0 0 420448 0 0
149 695183 0 0 420448 0 0 0 0 0
154 14626561 4 2 4803038 0 0 0 0 0
155 1155666 0 0 0 0 0 577833 0 0
158 8781569 1 0 1274642 0 0 0 0 0
159 1590044 1 0 0 0 0 795022 0 0
162 10959056 2 1 4389876 0 0 0 0 0
163 1622810 0 0 0 0 0 811405 0 0
167 11307288 0 0 5653644 0 0 0 0 0
168 959207 0 0 0 0 0 959207 0 0
172 5653644 3 1 1884548 0 0 0 0 0
173 608878 1 0 0 0 0 304439 0 0
177 3160218 0 0 0 0 0 1580109 0 0
179 17381199 0 0 1580109 2 1 1580109 0 0
fl=/home/olaf/codingame/state.hpp
fn=Brain::optimize(BrainNode**, State&, float*)
68 5148883 3 1 4513734 0 0 0 0 0
69 1172692 0 0 586346 0 0 0 0 0
70 1172644 0 0 586322 0 0 0 0 0
71 15514340 0 0 186227 0 0 0 0 0
72 3692358 3 1 3692358 0 0 0 0 0
76 64306 0 0 32153 0 0 0 0 0
77 64306 0 0 32153 0 0 0 0 0
78 64302 0 0 32151 0 0 0 0 0
79 860878 4 1 199160 0 0 0 0 0
256 5811395 8 2 2499766 0 0 0 0 0
257 5694438 0 0 5694438 0 0 0 0 0
258 6767324 7 2 1290512 0 0 0 0 0
259 1835039 0 0 1835039 0 0 0 0 0
265 14374034 13 5 1681900 0 0 0 0 0
267 4456654 5 1 0 0 0 0 0 0
270 7597095 10 3 0 0 0 0 0 0
271 3109464 2 1 0 0 0 0 0 0
275 2018278 2 0 0 0 0 0 0 0
277 2497090 2 1 0 0 0 0 0 0
281 4994180 4 1 0 0 0 0 0 0
282 638898 2 1 638898 52770 0 0 0 0
285 2497090 0 0 0 0 0 0 0 0
286 1131543 2 0 128775 0 0 0 0 0
289 3401779 2 2 734509 0 0 0 0 0
290 1633867 0 0 0 0 0 0 0 0
293 1664542 6 2 0 0 0 0 0 0
297 1835039 0 0 0 0 0 0 0 0
308 796640 1 0 199160 0 0 398320 0 0
309 199160 0 0 0 0 0 0 0 0
fn=Brain::random_walk(BrainNode**, State&, float*)
68 152300 0 0 152300 0 0 0 0 0
71 609200 3 1 152300 0 0 0 0 0
76 431056 0 0 400803 0 0 0 0 0
77 60506 0 0 30253 0 0 0 0 0
78 60192 0 0 30096 0 0 0 0 0
79 1542238 6 2 370550 0 0 0 0 0
312 1482200 0 0 0 0 0 370550 73 0
313 370550 0 0 0 0 0 0 0 0
fn=State::get_stats(float*)
36 496788 0 0 0 0 0 496788 0 0
38 496788 6 1 248394 0 0 0 0 0
40 102074 0 0 0 0 0 0 0 0
41 1738758 2 1 993576 0 0 496788 0 0
45 496788 0 0 248394 0 0 0 0 0
47 248394 0 0 0 0 0 0 0 0
48 1490364 1 1 745182 0 0 496788 0 0
52 496788 0 0 248394 0 0 0 0 0
54 248394 0 0 0 0 0 0 0 0
55 1490364 1 1 745182 0 0 496788 0 0
59 496788 2 1 248394 0 0 0 0 0
61 310176 0 0 0 0 0 0 0 0
62 1490364 0 0 745182 0 0 496788 0 0
83 496788 0 0 0 0 0 0 0 0
91 993576 0 0 248394 0 0 248394 0 0
93 745182 0 0 0 0 0 0 0 0
94 1094492 0 0 0 0 0 174655 0 0
96 496788 0 0 0 0 0 0 0 0
97 1212188 2 1 109306 0 0 109306 0 0
99 496788 1 1 0 0 0 0 0 0
100 795844 0 0 149528 0 0 149528 0 0
104 248394 0 0 0 0 0 0 0 0
107 4222698 1 1 248394 0 0 248394 0 0
121 3725910 0 0 248394 0 0 248394 0 0
123 248394 0 0 248394 0 0 0 0 0
fn=State::init(std::vector<std::__cxx11::basic_string<char, std::char_traits<char>, std::allocator<char> >, std::allocator<std::__cxx11::basic_string<char, std::char_traits<char>, std::allocator<char> > > > const&, std::vector<std::vector<int, std::allocator<int> >, std::allocator<std::vector<int, std::allocator<int> > > >)
125 48 4 2 0 0 0 24 0 0
128 8 4 2 0 0 0 0 0 0
129 1 0 0 0 0 0 1 0 0
130 1 0 0 0 0 0 1 0 0
133 3 0 0 0 0 0 3 0 0
134 244 0 0 0 0 0 0 0 0
135 120 0 0 60 0 0 0 0 0
136 20 0 0 8 0 0 0 0 0
141 27 3 2 18 0 0 9 0 0
142 27 3 2 18 0 0 9 0 0
145 6 0 0 0 0 0 6 0 0
150 4 0 0 0 0 0 0 0 0
161 4 0 0 0 0 0 2 2 0
165 6 0 0 0 0 0 0 0 0
170 9 0 0 3 0 0 3 2 0
172 79 6 2 38 0 0 0 0 0
173 210 9 3 70 0 0 35 0 0
177 33 0 0 24 8 1 9 0 0
178 33 6 2 18 0 0 9 0 0
183 3 0 0 0 0 0 3 0 0
184 6 0 0 3 0 0 0 0 0
189 9 0 0 0 0 0 3 3 0
193 6 0 0 0 0 0 0 0 0
199 3 3 1 0 0 0 3 0 0
200 4 2 0 0 0 0 0 0 0
201 41 7 3 15 0 0 9 0 0
205 72 5 2 18 6 0 9 0 0
206 108 3 1 18 0 0 9 0 0
208 27 2 1 18 0 0 9 0 0
211 3 0 0 0 0 0 3 0 0
213 3 0 0 0 0 0 3 0 0
215 2 1 1 0 0 0 0 0 0
216 1 0 0 0 0 0 1 0 0
220 4 0 0 0 0 0 2 0 0
224 6 0 0 0 0 0 0 0 0
226 3 1 0 0 0 0 3 0 0
229 6 0 0 3 0 0 3 0 0
231 3 3 1 0 0 0 3 0 0
232 156 0 0 3 0 0 0 0 0
233 159 3 1 36 0 0 36 0 0
237 27 3 1 18 6 0 9 0 0
238 27 3 1 18 0 0 9 0 0
241 3 0 0 0 0 0 3 0 0
251 24 0 0 21 3 0 0 0 0
fn=State::play(signed char, signed char, signed char)
315 12821217 0 0 0 0 0 12821217 0 0
317 12821217 2 1 0 0 0 12821217 4 0
320 4273739 1 0 4273739 0 0 0 0 0
321 4273739 0 0 4273739 0 0 0 0 0
322 4273739 0 0 4273739 0 0 0 0 0
323 4273739 0 0 4273739 0 0 0 0 0
330 4273739 0 0 4273739 0 0 0 0 0
332 9047041 0 0 166521 0 0 0 0 0
335 356070 0 0 178035 0 0 118690 0 0
339 178035 0 0 0 0 0 59345 0 0
342 12610891 0 0 1354471 0 0 0 0 0
352 15715051 0 0 2389191 0 0 0 0 0
355 356070 0 0 178035 0 0 118690 0 0
359 178035 0 0 0 0 0 59345 0 0
362 11913310 0 0 1121944 0 0 0 0 0
371 17094956 0 0 17094956 0 0 0 0 0
fn=main
68 21084 0 0 10542 0 0 0 0 0
71 630921 12 4 390561 0 0 0 0 0
76 60 3 1 30 0 0 0 0 0
77 60 0 0 30 0 0 0 0 0
78 58 0 0 29 0 0 0 0 0
79 2130 9 3 1065 0 0 0 0 0
312 2938 1 0 518 0 0 866 0 0
313 866 2 1 348 0 0 0 0 0
fl=/home/olaf/codingame/timer.hpp
fn=main
10 8 3 1 0 0 0 8 1 1
11 3 0 0 0 0 0 0 0 0
15 248397 2 1 0 0 0 248397 0 0
fl=/usr/include/c++/12/bits/basic_ios.h
fn=main
49 6 0 0 0 0 0 0 0 0
450 6 3 2 6 0 0 0 0 0
fl=/usr/include/c++/12/bits/basic_string.h
fn=State::init(std::vector<std::__cxx11::basic_string<char, std::char_traits<char>, std::allocator<char> >, std::allocator<std::__cxx11::basic_string<char, std::char_traits<char>, std::allocator<char> > > > const&, std::vector<std::vector<int, std::allocator<int> >, std::allocator<std::vector<int, std::allocator<int> > > >)
234 24 3 1 14 0 0 0 0 0
1064 12 4 2 12 0 0 0 0 0
1201 3 0 0 0 0 0 0 0 0
3601 30 3 1 4 0 0 13 0 0
fn=main
229 16 0 0 0 0 0 16 0 0
234 12 0 0 12 3 0 0 0 0
241 32 4 2 0 0 0 16 0 0
285 36 0 0 0 0 0 0 0 0
292 4 2 1 2 0 0 0 0 0
795 24 1 0 0 0 0 12 0 0
3888 69 3 2 24 5 2 21 0 0
fn=std::__cxx11::basic_string<char, std::char_traits<char>, std::allocator<char> >::_Alloc_hider::~_Alloc_hider()
192 72 5 1 24 0 0 24 0 0
fn=std::__cxx11::basic_string<char, std::char_traits<char>, std::allocator<char> >::basic_string<std::allocator<char> >(char const*, std::allocator<char> const&)
200 4 0 0 0 0 0 4 0 0
229 4 0 0 0 0 0 4 0 0
234 4 0 0 4 0 0 0 0 0
241 4 0 0 0 0 0 0 0 0
420 8 0 0 0 0 0 0 0 0
634 24 1 1 0 0 0 16 0 0
638 8 0 0 0 0 0 0 0 0
643 24 0 0 20 0 0 0 0 0
fn=std::vector<std::__cxx11::basic_string<char, std::char_traits<char>, std::allocator<char> >, std::allocator<std::__cxx11::basic_string<char, std::char_traits<char>, std::allocator<char> > > >::vector(std::initializer_list<std::__cxx11::basic_string<char, std::char_traits<char>, std::allocator<char> > >, std::allocator<std::__cxx11::basic_string<char, std::char_traits<char>, std::allocator<char> > > const&)
204 4 0 0 0 0 0 4 0 0
229 4 0 0 0 0 0 4 0 0
234 8 0 0 8 0 0 0 0 0
241 4 0 0 0 0 0 0 0 0
420 8 0 0 0 0 0 0 0 0
1071 4 1 1 4 0 0 0 0 0
fl=/usr/include/c++/12/bits/basic_string.tcc
fn=std::__cxx11::basic_string<char, std::char_traits<char>, std::allocator<char> >::basic_string<std::allocator<char> >(char const*, std::allocator<char> const&)
221 4 0 0 0 0 0 4 0 0
223 8 1 1 0 0 0 0 0 0
247 4 0 0 4 0 0 0 0 0
fn=std::vector<std::__cxx11::basic_string<char, std::char_traits<char>, std::allocator<char> >, std::allocator<std::__cxx11::basic_string<char, std::char_traits<char>, std::allocator<char> > > >::vector(std::initializer_list<std::__cxx11::basic_string<char, std::char_traits<char>, std::allocator<char> > >, std::allocator<std::__cxx11::basic_string<char, std::char_traits<char>, std::allocator<char> > > const&)
221 4 0 0 0 0 0 4 0 0
223 8 0 0 0 0 0 0 0 0
225 3 0 0 0 0 0 1 0 0
247 4 0 0 4 0 0 0 0 0
fl=/usr/include/c++/12/bits/char_traits.h
fn=main
354 16 0 0 0 0 0 16 7 3
fn=std::__cxx11::basic_string<char, std::char_traits<char>, std::allocator<char> >::basic_string<std::allocator<char> >(char const*, std::allocator<char> const&)
354 4 0 0 0 0 0 4 0 0
395 16 0 0 0 0 0 4 0 0
425 12 0 0 0 0 0 0 0 0
431 20 1 1 0 0 0 4 0 0
fn=std::vector<std::__cxx11::basic_string<char, std::char_traits<char>, std::allocator<char> >, std::allocator<std::__cxx11::basic_string<char, std::char_traits<char>, std::allocator<char> > > >::vector(std::initializer_list<std::__cxx11::basic_string<char, std::char_traits<char>, std::allocator<char> > >, std::allocator<std::__cxx11::basic_string<char, std::char_traits<char>, std::allocator<char> > > const&)
354 4 0 0 0 0 0 4 0 0
425 12 1 1 0 0 0 0 0 0
431 16 0 0 0 0 0 4 0 0
fl=/usr/include/c++/12/bits/chrono.h
fn=main
212 1023645 5 3 0 0 0 0 0 0
650 496794 0 0 248397 0 0 0 0 0
fl=/usr/include/c++/12/bits/ios_base.h
fn=main
752 24 0 0 24 0 0 0 0 0
fl=/usr/include/c++/12/bits/locale_facets.h
fn=main
882 6 0 0 3 0 0 0 0 0
fl=/usr/include/c++/12/bits/new_allocator.h
fn=main
120 12 4 2 0 0 0 0 0 0
137 48 4 2 0 0 0 12 0 0
158 35 0 0 0 0 0 35 0 0
fn=std::vector<int, std::allocator<int> >* std::__do_uninit_copy<__gnu_cxx::__normal_iterator<std::vector<int, std::allocator<int> > const*, std::vector<std::vector<int, std::allocator<int> >, std::allocator<std::vector<int, std::allocator<int> > > > >, std::vector<int, std::allocator<int> >*>(__gnu_cxx::__normal_iterator<std::vector<int, std::allocator<int> > const*, std::vector<std::vector<int, std::allocator<int> >, std::allocator<std::vector<int, std::allocator<int> > > > >, __gnu_cxx::__normal_iterator<std::vector<int, std::allocator<int> > const*, std::vector<std::vector<int, std::allocator<int> >, std::allocator<std::vector<int, std::allocator<int> > > > >, std::vector<int, std::allocator<int> >*)
120 40 4 2 0 0 0 0 0 0
137 48 0 0 0 0 0 16 0 0
fn=std::vector<int, std::allocator<int> >::_M_default_append(unsigned long)
137 80 0 0 0 0 0 16 0 0
fn=std::vector<std::__cxx11::basic_string<char, std::char_traits<char>, std::allocator<char> >, std::allocator<std::__cxx11::basic_string<char, std::char_traits<char>, std::allocator<char> > > >::vector(std::initializer_list<std::__cxx11::basic_string<char, std::char_traits<char>, std::allocator<char> > >, std::allocator<std::__cxx11::basic_string<char, std::char_traits<char>, std::allocator<char> > > const&)
137 5 1 1 0 0 0 2 0 0
fl=/usr/include/c++/12/bits/stl_algobase.h
fn=State::get_stats(float*)
259 248394 0 0 248394 0 0 0 0 0
fn=State::init(std::vector<std::__cxx11::basic_string<char, std::char_traits<char>, std::allocator<char> >, std::allocator<std::__cxx11::basic_string<char, std::char_traits<char>, std::allocator<char> > > > const&, std::vector<std::vector<int, std::allocator<int> >, std::allocator<std::vector<int, std::allocator<int> > > >)
235 12 0 0 6 0 0 0 0 0
fn=std::vector<int, std::allocator<int> >* std::__do_uninit_copy<__gnu_cxx::__normal_iterator<std::vector<int, std::allocator<int> > const*, std::vector<std::vector<int, std::allocator<int> >, std::allocator<std::vector<int, std::allocator<int> > > > >, std::vector<int, std::allocator<int> >*>(__gnu_cxx::__normal_iterator<std::vector<int, std::allocator<int> > const*, std::vector<std::vector<int, std::allocator<int> >, std::allocator<std::vector<int, std::allocator<int> > > > >, __gnu_cxx::__normal_iterator<std::vector<int, std::allocator<int> > const*, std::vector<std::vector<int, std::allocator<int> >, std::allocator<std::vector<int, std::allocator<int> > > > >, std::vector<int, std::allocator<int> >*)
429 32 0 0 0 0 0 0 0 0
430 32 0 0 0 0 0 0 0 0
431 64 0 0 0 0 0 16 0 0
432 32 0 0 0 0 0 16 0 0
fn=std::vector<int, std::allocator<int> >::_M_default_append(unsigned long)
259 32 0 0 0 0 0 0 0 0
922 112 0 0 32 0 0 48 0 0
1114 32 0 0 0 0 0 0 0 0
1119 16 0 0 0 0 0 0 0 0
fl=/usr/include/c++/12/bits/stl_construct.h
fn=main
162 135 3 1 0 0 0 0 0 0
fn=std::vector<int, std::allocator<int> >::_M_default_append(unsigned long)
119 16 0 0 0 0 0 16 0 0
fl=/usr/include/c++/12/bits/stl_iterator.h
fn=main
1073 8 0 0 8 0 0 0 0 0
fn=std::vector<int, std::allocator<int> >* std::__do_uninit_copy<__gnu_cxx::__normal_iterator<std::vector<int, std::allocator<int> > const*, std::vector<std::vector<int, std::allocator<int> >, std::allocator<std::vector<int, std::allocator<int> > > > >, std::vector<int, std::allocator<int> >*>(__gnu_cxx::__normal_iterator<std::vector<int, std::allocator<int> > const*, std::vector<std::vector<int, std::allocator<int> >, std::allocator<std::vector<int, std::allocator<int> > > > >, __gnu_cxx::__normal_iterator<std::vector<int, std::allocator<int> > const*, std::vector<std::vector<int, std::allocator<int> >, std::allocator<std::vector<int, std::allocator<int> > > > >, std::vector<int, std::allocator<int> >*)
1073 32 0 0 32 0 0 0 0 0
fl=/usr/include/c++/12/bits/stl_uninitialized.h
fn=main
137 12 0 0 4 4 1 4 0 0
637 100 0 0 0 0 0 0 0 0
fn=std::vector<int, std::allocator<int> >* std::__do_uninit_copy<__gnu_cxx::__normal_iterator<std::vector<int, std::allocator<int> > const*, std::vector<std::vector<int, std::allocator<int> >, std::allocator<std::vector<int, std::allocator<int> > > > >, std::vector<int, std::allocator<int> >*>(__gnu_cxx::__normal_iterator<std::vector<int, std::allocator<int> > const*, std::vector<std::vector<int, std::allocator<int> >, std::allocator<std::vector<int, std::allocator<int> > > > >, __gnu_cxx::__normal_iterator<std::vector<int, std::allocator<int> > const*, std::vector<std::vector<int, std::allocator<int> >, std::allocator<std::vector<int, std::allocator<int> > > > >, std::vector<int, std::allocator<int> >*)
113 32 4 2 0 0 0 24 0 0
116 4 0 0 0 0 0 0 0 0
119 80 0 0 0 0 0 0 0 0
128 36 4 2 28 0 0 0 0 0
fn=std::vector<int, std::allocator<int> >::_M_default_append(unsigned long)
1104 32 0 0 16 0 0 0 0 0
1105 32 4 2 0 0 0 0 0 0
fn=std::vector<std::__cxx11::basic_string<char, std::char_traits<char>, std::allocator<char> >, std::allocator<std::__cxx11::basic_string<char, std::char_traits<char>, std::allocator<char> > > >::vector(std::initializer_list<std::__cxx11::basic_string<char, std::char_traits<char>, std::allocator<char> > >, std::allocator<std::__cxx11::basic_string<char, std::char_traits<char>, std::allocator<char> > > const&)
119 18 0 0 0 0 0 0 0 0
fl=/usr/include/c++/12/bits/stl_vector.h
fn=State::init(std::vector<std::__cxx11::basic_string<char, std::char_traits<char>, std::allocator<char> >, std::allocator<std::__cxx11::basic_string<char, std::char_traits<char>, std::allocator<char> > > > const&, std::vector<std::vector<int, std::allocator<int> >, std::allocator<std::vector<int, std::allocator<int> > > >)
1143 158 18 7 140 7 1 0 0 0
fn=main
100 76 4 2 0 0 0 36 7 2
367 99 3 1 66 9 0 0 0 0
368 66 6 2 9 6 0 33 0 0
378 28 0 0 0 0 0 0 0 0
386 66 0 0 0 0 0 0 0 0
395 20 4 2 0 0 0 12 0 0
397 28 0 0 0 0 0 12 0 0
600 4 0 0 0 0 0 4 0 0
730 18 0 0 18 0 0 0 0 0
988 88 4 2 40 0 0 0 0 0
1010 32 0 0 0 0 0 0 0 0
1011 52 0 0 0 0 0 16 0 0
1124 432 4 2 256 0 0 0 0 0
1143 24 0 0 12 0 0 0 0 0
1712 8 0 0 0 0 0 8 0 0
1904 24 8 4 0 0 0 0 0 0
fn=std::_Vector_base<int, std::allocator<int> >::_Vector_impl::~_Vector_impl()
133 144 3 1 48 0 0 48 0 0
fn=std::_Vector_base<std::__cxx11::basic_string<char, std::char_traits<char>, std::allocator<char> >, std::allocator<std::__cxx11::basic_string<char, std::char_traits<char>, std::allocator<char> > > >::_Vector_impl::~_Vector_impl()
133 18 0 0 6 0 0 6 0 0
fn=std::_Vector_base<std::vector<int, std::allocator<int> >, std::allocator<std::vector<int, std::allocator<int> > > >::_Vector_impl::~_Vector_impl()
133 36 0 0 12 0 0 12 0 0
fn=std::vector<int, std::allocator<int> >* std::__do_uninit_copy<__gnu_cxx::__normal_iterator<std::vector<int, std::allocator<int> > const*, std::vector<std::vector<int, std::allocator<int> >, std::allocator<std::vector<int, std::allocator<int> > > > >, std::vector<int, std::allocator<int> >*>(__gnu_cxx::__normal_iterator<std::vector<int, std::allocator<int> > const*, std::vector<std::vector<int, std::allocator<int> >, std::allocator<std::vector<int, std::allocator<int> > > > >, __gnu_cxx::__normal_iterator<std::vector<int, std::allocator<int> > const*, std::vector<std::vector<int, std::allocator<int> >, std::allocator<std::vector<int, std::allocator<int> > > > >, std::vector<int, std::allocator<int> >*)
100 48 0 0 0 0 0 32 1 1
378 16 0 0 0 0 0 0 0 0
395 48 0 0 0 0 0 16 0 0
397 32 0 0 0 0 0 16 0 0
988 32 4 2 32 0 0 0 0 0
fn=std::vector<int, std::allocator<int> >::_M_default_append(unsigned long)
386 32 0 0 0 0 0 0 0 0
988 80 0 0 32 0 0 0 0 0
1893 32 0 0 0 0 0 0 0 0
1896 16 0 0 0 0 0 0 0 0
1897 48 4 2 0 0 0 0 0 0
fn=std::vector<std::__cxx11::basic_string<char, std::char_traits<char>, std::allocator<char> >, std::allocator<std::__cxx11::basic_string<char, std::char_traits<char>, std::allocator<char> > > >::vector(std::initializer_list<std::__cxx11::basic_string<char, std::char_traits<char>, std::allocator<char> > >, std::allocator<std::__cxx11::basic_string<char, std::char_traits<char>, std::allocator<char> > > const&)
100 3 0 0 0 0 0 2 2 2
378 3 0 0 0 0 0 0 0 0
673 8 1 1 0 0 0 6 0 0
679 8 0 0 7 0 0 0 0 0
1687 1 0 0 0 0 0 1 0 0
1688 2 0 0 0 0 0 1 0 0
1689 1 1 1 0 0 0 1 0 0
1904 4 1 1 0 0 0 0 0 0
fl=/usr/include/c++/12/bits/vector.tcc
fn=std::vector<int, std::allocator<int> >::_M_default_append(unsigned long)
626 144 0 0 0 0 0 96 0 0
629 32 4 2 0 0 0 0 0 0
633 48 0 0 16 0 0 0 0 0
635 48 4 2 0 0 0 0 0 0
638 32 4 2 0 0 0 0 0 0
655 16 4 2 0 0 0 0 0 0
663 16 0 0 16 0 0 0 0 0
693 16 0 0 0 0 0 16 0 0
694 32 0 0 0 0 0 16 0 0
695 32 0 0 0 0 0 16 0 0
698 128 0 0 112 0 0 0 0 0
fl=/usr/include/c++/12/initializer_list
fn=std::vector<std::__cxx11::basic_string<char, std::char_traits<char>, std::allocator<char> >, std::allocator<std::__cxx11::basic_string<char, std::char_traits<char>, std::allocator<char> > > >::vector(std::initializer_list<std::__cxx11::basic_string<char, std::char_traits<char>, std::allocator<char> > >, std::allocator<std::__cxx11::basic_string<char, std::char_traits<char>, std::allocator<char> > > const&)
79 2 0 0 0 0 0 0 0 0
fl=/usr/include/c++/12/iostream
fn=__static_initialization_and_destruction_0(int, int)
74 10 0 0 1 1 0 2 0 0
fl=/usr/include/c++/12/ostream
fn=State::init(std::vector<std::__cxx11::basic_string<char, std::char_traits<char>, std::allocator<char> >, std::allocator<std::__cxx11::basic_string<char, std::char_traits<char>, std::allocator<char> > > > const&, std::vector<std::vector<int, std::allocator<int> >, std::allocator<std::vector<int, std::allocator<int> > > >)
620 5 0 0 0 0 0 1 0 0
fn=main
167 12 0 0 0 0 0 6 0 0
171 8 0 0 0 0 0 2 0 0
196 30 6 4 6 0 0 12 0 0
228 15 0 0 0 0 0 6 0 0
525 78 15 10 48 0 0 3 0 0
527 51 10 6 0 0 0 24 0 0
528 32 2 1 2 2 0 4 0 0
620 116 10 7 0 0 0 29 0 0
689 15 0 0 6 3 1 3 0 0
711 3 0 0 0 0 0 3 0 0
fl=/usr/lib/gcc/x86_64-linux-gnu/12/include/xmmintrin.h
fn=Brain::optimize(BrainNode**, State&, float*)
166 38005116 0 0 0 0 0 0 0 0
887 38005116 0 0 0 0 0 0 0 0
fl=???
fn=(below main)
0 11 2 2 2 1 0 3 0 0
fn=???
0 523900 390 269 511484 582 49 3185 20 13
fn=__cpu_indicator_init
0 128 11 11 13 3 2 17 0 0
fn=__cxa_get_globals
0 553 1 1 79 0 0 79 0 0
fn=__cxxabiv1::__si_class_type_info::__do_dyncast(long, __cxxabiv1::__class_type_info::__sub_kind, __cxxabiv1::__class_type_info const*, void const*, __cxxabiv1::__class_type_info const*, void const*, __cxxabiv1::__class_type_info::__dyncast_result&) const
0 1480 4 4 440 1 0 360 0 0
fn=__cxxabiv1::__vmi_class_type_info::__do_dyncast(long, __cxxabiv1::__class_type_info::__sub_kind, __cxxabiv1::__class_type_info const*, void const*, __cxxabiv1::__class_type_info const*, void const*, __cxxabiv1::__class_type_info::__dyncast_result&) const
0 1472 26 12 483 15 5 345 0 0
fn=__dynamic_cast
0 3087 17 8 1008 30 4 630 0 0
fn=__gnu_cxx::stdio_sync_filebuf<char, std::char_traits<char> >::overflow(int)
0 203 4 2 29 0 0 0 0 0
fn=__gnu_cxx::stdio_sync_filebuf<char, std::char_traits<char> >::sync()
0 1173 1 1 391 7 1 0 0 0
fn=__gnu_cxx::stdio_sync_filebuf<char, std::char_traits<char> >::uflow()
0 4800 0 0 1800 0 0 1800 0 0
fn=__gnu_cxx::stdio_sync_filebuf<char, std::char_traits<char> >::underflow()
0 13032 8 4 4344 0 0 2896 0 0
fn=__gnu_cxx::stdio_sync_filebuf<char, std::char_traits<char> >::xsputn(char const*, long)
0 336 7 2 56 7 1 0 0 0
fn=bool std::has_facet<std::ctype<char> >(std::locale const&)
0 88 2 2 36 1 0 12 0 0
fn=bool std::has_facet<std::ctype<wchar_t> >(std::locale const&)
0 88 2 2 36 2 0 12 0 0
fn=bool std::has_facet<std::num_get<char, std::istreambuf_iterator<char, std::char_traits<char> > > >(std::locale const&)
0 88 1 1 36 0 0 12 0 0
fn=bool std::has_facet<std::num_get<wchar_t, std::istreambuf_iterator<wchar_t, std::char_traits<wchar_t> > > >(std::locale const&)
0 88 0 0 36 0 0 12 0 0
fn=bool std::has_facet<std::num_put<char, std::ostreambuf_iterator<char, std::char_traits<char> > > >(std::locale const&)
0 88 2 2 36 1 0 12 0 0
fn=bool std::has_facet<std::num_put<wchar_t, std::ostreambuf_iterator<wchar_t, std::char_traits<wchar_t> > > >(std::locale const&)
0 88 2 2 36 1 0 12 0 0
fn=operator delete(void*)
0 70 0 0 0 0 0 0 0 0
fn=operator delete(void*, unsigned long)
0 70 3 1 0 0 0 0 0 0
fn=operator new(unsigned long)
0 564 8 4 94 0 0 94 0 0
fn=std::__cxx11::basic_string<char, std::char_traits<char>, std::allocator<char> >::_M_create(unsigned long&, unsigned long)
0 32 4 2 2 0 0 2 0 0
fn=std::__cxx11::basic_string<char, std::char_traits<char>, std::allocator<char> >::_M_mutate(unsigned long, unsigned long, char const*, unsigned long)
0 118 10 5 28 0 0 26 0 0
fn=std::__cxx11::basic_string<char, std::char_traits<char>, std::allocator<char> >::compare(char const*) const
0 373 8 4 90 5 0 77 5 0
fn=std::__cxx11::basic_string<char, std::char_traits<char>, std::allocator<char> >::~basic_string()
0 24 1 1 8 0 0 0 0 0
fn=std::__cxx11::messages<char>::messages(unsigned long)
0 20 1 1 4 1 0 8 1 1
fn=std::__cxx11::messages<wchar_t>::messages(unsigned long)
0 20 2 2 4 0 0 8 0 0
fn=std::__cxx11::moneypunct<char, false>::_M_initialize_moneypunct(__locale_struct*, char const*)
0 113 4 4 38 1 1 31 0 0
fn=std::__cxx11::moneypunct<char, true>::_M_initialize_moneypunct(__locale_struct*, char const*)
0 113 5 5 38 0 0 31 0 0
fn=std::__cxx11::moneypunct<wchar_t, false>::_M_initialize_moneypunct(__locale_struct*, char const*)
0 102 5 5 27 1 0 30 0 0
fn=std::__cxx11::moneypunct<wchar_t, true>::_M_initialize_moneypunct(__locale_struct*, char const*)
0 102 5 5 27 0 0 30 0 0
fn=std::__cxx11::numpunct<char>::_M_initialize_numpunct(__locale_struct*)
0 414 5 5 137 4 2 75 0 0
fn=std::__cxx11::numpunct<wchar_t>::_M_initialize_numpunct(__locale_struct*)
0 350 4 4 74 2 1 74 3 3
fn=std::__num_base::_S_format_float(std::ios_base const&, char*, char)
0 93 9 6 9 3 2 12 0 0
fn=std::__timepunct<char>::_M_initialize_timepunct(__locale_struct*)
0 149 15 15 6 0 0 29 0 0
fn=std::__timepunct<char>::__timepunct(std::__timepunct_cache<char>*, unsigned long)
0 23 2 2 4 0 0 9 1 1
fn=std::__timepunct<wchar_t>::_M_initialize_timepunct(__locale_struct*)
0 149 14 14 6 0 0 29 0 0
fn=std::__timepunct<wchar_t>::__timepunct(std::__timepunct_cache<wchar_t>*, unsigned long)
0 23 2 2 4 0 0 9 0 0
fn=std::basic_ios<char, std::char_traits<char> >::_M_cache_locale(std::locale const&)
0 124 2 2 12 0 0 44 0 0
fn=std::basic_ios<char, std::char_traits<char> >::clear(std::_Ios_Iostate)
0 553 1 1 237 0 0 79 0 0
fn=std::basic_ios<char, std::char_traits<char> >::init(std::basic_streambuf<char, std::char_traits<char> >*)
0 92 2 2 12 0 0 36 0 0
fn=std::basic_ios<wchar_t, std::char_traits<wchar_t> >::_M_cache_locale(std::locale const&)
0 124 2 2 12 0 0 44 0 0
fn=std::basic_ios<wchar_t, std::char_traits<wchar_t> >::init(std::basic_streambuf<wchar_t, std::char_traits<wchar_t> >*)
0 92 2 2 12 0 0 40 0 0
fn=std::basic_istream<char, std::char_traits<char> >& std::operator>><char, std::char_traits<char>, std::allocator<char> >(std::basic_istream<char, std::char_traits<char> >&, std::__cxx11::basic_string<char, std::char_traits<char>, std::allocator<char> >&)
0 9312 39 15 3402 0 0 1138 0 0
fn=std::basic_ostream<char, std::char_traits<char> >& std::__ostream_insert<char, std::char_traits<char> >(std::basic_ostream<char, std::char_traits<char> >&, char const*, long)
0 2490 11 5 999 14 2 540 1 0
fn=std::basic_ostream<char, std::char_traits<char> >& std::operator<< <std::char_traits<char> >(std::basic_ostream<char, std::char_traits<char> >&, char)
0 30 2 2 12 0 0 6 0 0
fn=std::chrono::_V2::steady_clock::now()
0 2235609 11 4 745203 0 0 248401 0 0
fn=std::codecvt<char, char, __mbstate_t>::codecvt(unsigned long)
0 18 2 2 4 0 0 6 2 2
fn=std::codecvt<wchar_t, char, __mbstate_t>::codecvt(unsigned long)
0 18 2 2 4 1 0 6 1 1
fn=std::ctype<char> const& std::use_facet<std::ctype<char> >(std::locale const&)
0 380 9 4 171 16 4 57 0 0
fn=std::ctype<char>::_M_widen_init() const
0 726 10 10 33 5 3 37 4 0
fn=std::ctype<char>::ctype(unsigned short const*, bool, unsigned long)
0 116 5 5 8 1 0 79 9 9
fn=std::ctype<wchar_t> const& std::use_facet<std::ctype<wchar_t> >(std::locale const&)
0 80 2 2 36 0 0 12 0 0
fn=std::ctype<wchar_t>::_M_convert_to_wmask(unsigned short) const
0 146 6 6 12 0 0 0 0 0
fn=std::ctype<wchar_t>::_M_initialize_ctype()
0 2733 5 5 5 0 0 810 20 20
fn=std::ctype<wchar_t>::ctype(unsigned long)
0 20 2 2 3 0 0 7 1 1
fn=std::error_category::error_category()
0 10 1 1 4 1 0 2 0 0
fn=std::future_category()
0 3 1 1 1 0 0 0 0 0
fn=std::ios_base::Init::Init()
0 273 29 29 51 15 1 146 17 2
fn=std::ios_base::_M_init()
0 160 2 2 32 1 1 56 0 0
fn=std::ios_base::ios_base()
0 464 3 3 8 0 0 192 30 12
fn=std::istream::ignore()
0 424 11 5 152 0 0 82 0 0
fn=std::istream::operator>>(int&)
0 11084 14 6 3177 5 0 2095 2 0
fn=std::istream::sentry::sentry(std::istream&, bool)
0 20039 27 13 8141 37 8 2607 1 0
fn=std::istreambuf_iterator<char, std::char_traits<char> > std::num_get<char, std::istreambuf_iterator<char, std::char_traits<char> > >::_M_extract_int<long>(std::istreambuf_iterator<char, std::char_traits<char> >, std::istreambuf_iterator<char, std::char_traits<char> >, std::ios_base&, std::_Ios_Iostate&, long&) const
0 42349 93 31 10619 10 1 7504 1 0
fn=std::locale::_Impl::_Impl(unsigned long)
0 661 55 55 85 21 1 384 50 50
fn=std::locale::_Impl::_M_install_facet(std::locale::id const*, std::locale::facet const*)
0 12128 7 7 3552 0 0 256 0 0
fn=std::locale::facet::_S_create_c_locale(__locale_struct*&, char const*, __locale_struct*)
0 10 2 2 2 0 0 3 0 0
fn=std::locale::facet::_S_get_c_locale()
0 153 4 2 34 3 1 17 0 0
fn=std::locale::facet::_S_get_c_name()
0 21 1 1 7 0 0 0 0 0
fn=std::locale::id::_M_id() const
0 2484 4 2 828 17 6 96 0 0
fn=std::locale::locale()
0 374 3 3 132 0 0 132 3 1
fn=std::locale::locale(std::locale const&)
0 84 3 1 36 1 0 12 0 0
fn=std::locale::locale(std::locale::_Impl*)
0 3 1 1 1 0 0 1 0 0
fn=std::locale::operator=(std::locale const&)
0 160 2 2 56 0 0 24 0 0
fn=std::locale::~locale()
0 160 8 2 80 0 0 20 0 0
fn=std::messages<char>::messages(unsigned long)
0 20 2 2 4 0 0 8 1 1
fn=std::messages<wchar_t>::messages(unsigned long)
0 20 1 1 4 0 0 8 0 0
fn=std::moneypunct<char, false>::_M_initialize_moneypunct(__locale_struct*, char const*)
0 113 4 4 38 0 0 31 1 0
fn=std::moneypunct<char, true>::_M_initialize_moneypunct(__locale_struct*, char const*)
0 113 5 5 38 0 0 31 0 0
fn=std::moneypunct<wchar_t, false>::_M_initialize_moneypunct(__locale_struct*, char const*)
0 102 6 6 27 0 0 30 0 0
fn=std::moneypunct<wchar_t, true>::_M_initialize_moneypunct(__locale_struct*, char const*)
0 102 4 4 27 0 0 30 0 0
fn=std::num_get<char, std::istreambuf_iterator<char, std::char_traits<char> > > const& std::use_facet<std::num_get<char, std::istreambuf_iterator<char, std::char_traits<char> > > >(std::locale const&)
0 80 1 1 36 0 0 12 0 0
fn=std::num_get<char, std::istreambuf_iterator<char, std::char_traits<char> > >::do_get(std::istreambuf_iterator<char, std::char_traits<char> >, std::istreambuf_iterator<char, std::char_traits<char> >, std::ios_base&, std::_Ios_Iostate&, long&) const
0 406 3 1 0 0 0 0 0 0
fn=std::num_get<wchar_t, std::istreambuf_iterator<wchar_t, std::char_traits<wchar_t> > > const& std::use_facet<std::num_get<wchar_t, std::istreambuf_iterator<wchar_t, std::char_traits<wchar_t> > > >(std::locale const&)
0 80 1 1 36 0 0 12 0 0
fn=std::num_put<char, std::ostreambuf_iterator<char, std::char_traits<char> > > const& std::use_facet<std::num_put<char, std::ostreambuf_iterator<char, std::char_traits<char> > > >(std::locale const&)
0 80 2 2 36 0 0 12 0 0
fn=std::num_put<char, std::ostreambuf_iterator<char, std::char_traits<char> > >::do_put(std::ostreambuf_iterator<char, std::char_traits<char> >, std::ios_base&, char, double) const
0 12 3 2 0 0 0 0 0 0
fn=std::num_put<char, std::ostreambuf_iterator<char, std::char_traits<char> > >::do_put(std::ostreambuf_iterator<char, std::char_traits<char> >, std::ios_base&, char, long) const
0 9 3 2 0 0 0 0 0 0
fn=std::num_put<char, std::ostreambuf_iterator<char, std::char_traits<char> > >::do_put(std::ostreambuf_iterator<char, std::char_traits<char> >, std::ios_base&, char, unsigned long) const
0 24 4 2 0 0 0 0 0 0
fn=std::num_put<wchar_t, std::ostreambuf_iterator<wchar_t, std::char_traits<wchar_t> > > const& std::use_facet<std::num_put<wchar_t, std::ostreambuf_iterator<wchar_t, std::char_traits<wchar_t> > > >(std::locale const&)
0 80 2 2 36 0 0 12 0 0
fn=std::numpunct<char>::_M_initialize_numpunct(__locale_struct*)
0 414 6 6 137 0 0 75 0 0
fn=std::numpunct<wchar_t>::_M_initialize_numpunct(__locale_struct*)
0 350 6 6 74 0 0 74 0 0
fn=std::ostream& std::ostream::_M_insert<double>(double)
0 183 15 10 69 0 0 30 0 0
fn=std::ostream& std::ostream::_M_insert<long>(long)
0 183 15 10 69 9 3 30 0 0
fn=std::ostream& std::ostream::_M_insert<unsigned long>(unsigned long)
0 506 30 11 190 2 0 83 0 0
fn=std::ostream::flush()
0 10296 3 3 4992 30 4 1248 1 0
fn=std::ostream::put(char)
0 1304 14 6 542 0 0 197 0 0
fn=std::ostream::sentry::sentry(std::ostream&)
0 9684 2 2 3334 19 3 2064 1 0
fn=std::ostreambuf_iterator<char, std::char_traits<char> > std::num_put<char, std::ostreambuf_iterator<char, std::char_traits<char> > >::_M_insert_float<double>(std::ostreambuf_iterator<char, std::char_traits<char> >, std::ios_base&, char, char, double) const
0 363 30 20 69 0 0 84 0 0
fn=std::ostreambuf_iterator<char, std::char_traits<char> > std::num_put<char, std::ostreambuf_iterator<char, std::char_traits<char> > >::_M_insert_int<long>(std::ostreambuf_iterator<char, std::char_traits<char> >, std::ios_base&, char, long) const
0 249 15 10 45 0 0 51 0 0
fn=std::ostreambuf_iterator<char, std::char_traits<char> > std::num_put<char, std::ostreambuf_iterator<char, std::char_traits<char> > >::_M_insert_int<unsigned long>(std::ostreambuf_iterator<char, std::char_traits<char> >, std::ios_base&, char, unsigned long) const
0 616 25 12 120 0 0 136 0 0
fn=std::uncaught_exception()
0 632 6 4 158 7 1 79 0 0
summary: 2042252469 4897 3223 535496656 1909900 7824 209830466 209856 108879
