[2024-06-14 18:22:52] [Action] Run
[2024-06-14 18:23:07] [Action] Add Bot main
[2024-06-14 18:23:27] [Action] Add Bot main2
[2024-06-14 18:23:48] [Action] Show
[2024-06-14 18:23:50] [Action] Show
[2024-06-14 18:23:50] [Action] Show
[2024-06-14 18:23:51] [Action] Show
[2024-06-14 18:23:51] [Action] Show
[2024-06-14 18:23:51] [Action] Show
[2024-06-14 18:23:52] [Action] Show
[2024-06-14 18:24:04] [Action] Show
[2024-06-14 18:24:05] [Action] Show
[2024-06-14 18:24:05] [Action] Show
[2024-06-14 18:24:15] [Action] Add Bot main3
[2024-06-14 18:24:25] [Action] Show
[2024-06-14 18:24:25] [Action] Show
[2024-06-14 18:24:26] [Action] Show
[2024-06-14 18:24:26] [Action] Show
[2024-06-14 18:24:26] [Action] Show
[2024-06-14 18:24:26] [Action] Show
[2024-06-14 18:24:27] [Action] Show
[2024-06-14 18:24:27] [Action] Show
[2024-06-14 18:24:27] [Action] Show
[2024-06-14 18:24:28] [Action] Show
[2024-06-14 18:24:28] [Action] Show
[2024-06-14 18:24:29] [Action] Show
[2024-06-14 18:24:29] [Action] Show
[2024-06-14 18:24:29] [Action] Show
[2024-06-14 18:24:30] [Action] Show
[2024-06-14 18:24:30] [Action] Show
[2024-06-14 18:24:38] [Action] Show
[2024-06-14 18:24:39] [Action] Show
[2024-06-14 18:24:39] [Action] Show
[2024-06-14 18:24:40] [Action] Show
[2024-06-14 18:24:40] [Action] Show
[2024-06-14 18:24:41] [Action] Show
[2024-06-14 18:24:41] [Action] Show
[2024-06-14 18:24:41] [Action] Show
[2024-06-14 18:24:42] [Action] Show
[2024-06-14 18:24:42] [Action] Show
[2024-06-14 18:24:42] [Action] Show
[2024-06-14 18:24:43] [Action] Show
[2024-06-14 18:24:43] [Action] Show
[2024-06-14 18:24:43] [Action] Show
[2024-06-14 18:24:44] [Action] Show
[2024-06-14 18:24:44] [Action] Show
[2024-06-14 18:24:44] [Action] Show
[2024-06-14 18:24:45] [Action] Show
[2024-06-14 18:24:46] [Action] Show
[2024-06-14 18:24:46] [Action] Show
[2024-06-14 18:24:47] [Action] Show
[2024-06-14 18:24:47] [Action] Show
[2024-06-14 18:24:48] [Action] Show
[2024-06-14 18:24:48] [Action] Show
[2024-06-14 18:24:49] [Action] Show
[2024-06-14 18:24:49] [Action] Show
[2024-06-14 18:24:49] [Action] Show
[2024-06-14 18:24:49] [Action] Show
[2024-06-14 18:24:50] [Action] Show
[2024-06-14 18:24:50] [Action] Show
[2024-06-14 18:24:50] [Action] Show
[2024-06-14 18:24:50] [Action] Show
[2024-06-14 18:24:51] [Action] Show
[2024-06-14 18:24:51] [Action] Show
[2024-06-14 18:24:52] [Action] Show
[2024-06-14 18:24:52] [Action] Show
[2024-06-14 18:24:52] [Action] Show
[2024-06-14 18:24:52] [Action] Show
[2024-06-14 18:24:52] [Action] Show
[2024-06-14 18:24:52] [Action] Show
[2024-06-14 18:24:53] [Action] Show
[2024-06-14 18:24:53] [Action] Show
[2024-06-14 18:24:53] [Action] Show
[2024-06-14 18:24:53] [Action] Show
[2024-06-14 18:24:53] [Action] Show
[2024-06-14 18:24:54] [Action] Show
[2024-06-14 18:24:54] [Action] Show
[2024-06-14 18:24:55] [Action] Show
[2024-06-14 18:24:55] [Action] Show
[2024-06-14 18:24:55] [Action] Show
[2024-06-14 18:24:55] [Action] Show
[2024-06-14 18:24:55] [Action] Show
[2024-06-14 18:24:56] [Action] Show
[2024-06-14 18:24:56] [Action] Show
[2024-06-14 18:24:57] [Action] Show
[2024-06-14 18:25:14] [Action] Show
[2024-06-14 18:26:36] [Action] Show
[2024-06-14 18:31:26] [Action] Show
[2024-06-14 18:31:53] [Action] Run
[2024-06-14 18:32:36] [Action] Add Bot mcts
[2024-06-14 18:32:43] [Action] Show
[2024-06-14 18:33:30] [Action] Show
[2024-06-14 18:33:42] [Action] Show
[2024-06-14 18:33:42] [Action] Show
[2024-06-14 18:33:43] [Action] Show
[2024-06-14 18:33:43] [Action] Show
[2024-06-14 18:33:43] [Action] Show
[2024-06-14 18:33:43] [Action] Show
[2024-06-14 18:33:43] [Action] Show
[2024-06-14 18:33:43] [Action] Show
[2024-06-14 18:33:44] [Action] Show
[2024-06-14 18:33:44] [Action] Show
[2024-06-14 18:33:44] [Action] Show
[2024-06-14 18:33:44] [Action] Show
[2024-06-14 18:33:44] [Action] Show
[2024-06-14 18:33:45] [Action] Show
[2024-06-14 18:33:45] [Action] Show
[2024-06-14 18:33:45] [Action] Show
[2024-06-14 18:33:45] [Action] Show
[2024-06-14 18:33:45] [Action] Show
[2024-06-14 18:33:46] [Action] Show
[2024-06-14 18:33:46] [Action] Show
[2024-06-14 18:33:46] [Action] Show
[2024-06-14 18:33:46] [Action] Show
[2024-06-14 18:33:46] [Action] Show
[2024-06-14 18:33:47] [Action] Show
[2024-06-14 18:33:47] [Action] Show
[2024-06-14 18:33:48] [Action] Show
[2024-06-14 18:33:48] [Action] Show
[2024-06-14 18:33:49] [Action] Show
[2024-06-14 18:33:49] [Action] Show
[2024-06-14 18:33:49] [Action] Show
[2024-06-14 18:33:49] [Action] Show
[2024-06-14 18:33:50] [Action] Show
[2024-06-14 18:33:50] [Action] Show
[2024-06-14 18:34:05] [Action] Remove Bot main
[2024-06-14 18:34:06] [Action] Remove Bot main2
[2024-06-14 18:34:08] [Action] Remove Bot main3
[2024-06-14 18:34:09] [Action] Remove Bot mcts
[2024-06-14 18:34:11] [Action] Show
[2024-06-14 18:35:08] [Action] Add Bot mcts
[2024-06-14 18:35:13] [Action] Show
[2024-06-14 18:35:41] [Action] Add Bot greedy
[2024-06-14 18:35:53] [Action] Show
[2024-06-14 18:36:21] [Action] Add Bot only_up
[2024-06-14 18:36:36] [Action] Show
[2024-06-14 18:36:38] [Action] Show
[2024-06-14 18:36:38] [Action] Show
[2024-06-14 18:36:39] [Action] Show
[2024-06-14 18:36:42] [Action] Show
[2024-06-14 18:36:43] [Action] Show
[2024-06-14 18:36:49] [Action] Show
[2024-06-14 18:36:50] [Action] Show
[2024-06-14 18:36:50] [Action] Show
[2024-06-14 18:36:51] [Action] Show
[2024-06-14 18:36:52] [Action] Show
[2024-06-14 18:36:52] [Action] Show
[2024-06-14 18:36:53] [Action] Show
[2024-06-14 18:36:54] [Action] Show
[2024-06-14 18:36:54] [Action] Show
[2024-06-14 18:36:55] [Action] Show
[2024-06-14 18:36:55] [Action] Show
[2024-06-14 18:36:55] [Action] Show
[2024-06-14 18:37:04] [Action] Show
[2024-06-14 18:37:04] [Action] Show
[2024-06-14 18:37:05] [Action] Show
[2024-06-14 18:37:06] [Action] Show
[2024-06-14 18:37:06] [Action] Show
[2024-06-14 18:37:07] [Action] Show
[2024-06-14 18:37:07] [Action] Show
[2024-06-14 18:37:08] [Action] Show
[2024-06-14 18:37:08] [Action] Show
[2024-06-14 18:37:09] [Action] Show
[2024-06-14 18:37:09] [Action] Show
[2024-06-14 18:37:10] [Action] Show
[2024-06-14 18:37:10] [Action] Show
[2024-06-14 18:37:11] [Action] Show
[2024-06-14 18:37:11] [Action] Show
[2024-06-14 18:37:12] [Action] Show
[2024-06-14 18:37:12] [Action] Show
[2024-06-14 18:37:12] [Action] Show
[2024-06-14 18:37:13] [Action] Show
[2024-06-14 18:37:14] [Action] Show
[2024-06-14 18:37:14] [Action] Show
[2024-06-14 18:38:47] [Action] Show
[2024-06-14 18:40:10] [Action] Show
[2024-06-14 18:46:23] [Action] Show
[2024-06-14 18:49:52] [Action] Show
[2024-06-14 18:50:13] [Action] Show
[2024-06-14 18:50:15] [Action] Show
[2024-06-14 18:50:28] [Action] Show
[2024-06-14 18:50:29] [Action] Show
[2024-06-14 18:50:30] [Action] Show
[2024-06-14 18:50:34] [Action] Show
[2024-06-14 18:55:28] [Action] Add Bot mcts_memory_reduction
[2024-06-14 18:55:31] [Action] Show
[2024-06-14 18:55:35] [Action] Show
[2024-06-14 18:55:36] [Action] Show
[2024-06-14 18:55:54] [Action] Show
[2024-06-14 18:55:54] [Action] Show
[2024-06-14 18:55:55] [Action] Show
[2024-06-14 18:55:55] [Action] Show
[2024-06-14 18:55:55] [Action] Show
[2024-06-14 18:55:56] [Action] Show
[2024-06-14 18:55:56] [Action] Show
[2024-06-14 18:55:57] [Action] Show
[2024-06-14 18:55:58] [Action] Show
[2024-06-14 18:55:58] [Action] Show
[2024-06-14 18:55:59] [Action] Show
[2024-06-14 18:56:00] [Action] Show
[2024-06-14 18:56:00] [Action] Show
[2024-06-14 18:56:02] [Action] Show
[2024-06-14 18:56:34] [Action] Show
[2024-06-14 18:56:34] [Action] Show
[2024-06-14 18:56:35] [Action] Show
[2024-06-14 18:56:35] [Action] Show
[2024-06-14 18:56:36] [Action] Show
[2024-06-14 18:56:36] [Action] Show
[2024-06-14 18:56:37] [Action] Show
[2024-06-14 18:56:37] [Action] Show
[2024-06-14 18:56:39] [Action] Show
[2024-06-14 18:56:40] [Action] Show
[2024-06-14 18:56:40] [Action] Show
[2024-06-14 18:57:00] [Action] Show
[2024-06-14 18:57:01] [Action] Show
[2024-06-14 18:57:01] [Action] Show
[2024-06-14 18:57:02] [Action] Show
[2024-06-14 18:57:02] [Action] Show
[2024-06-14 18:57:03] [Action] Show
[2024-06-14 18:57:03] [Action] Show
[2024-06-14 18:57:03] [Action] Show
[2024-06-14 18:57:04] [Action] Show
[2024-06-14 18:57:04] [Action] Show
[2024-06-14 18:57:05] [Action] Show
[2024-06-14 18:57:05] [Action] Show
[2024-06-14 18:57:06] [Action] Show
[2024-06-14 18:57:06] [Action] Show
[2024-06-14 18:57:07] [Action] Show
[2024-06-14 18:57:08] [Action] Show
[2024-06-14 18:57:08] [Action] Show
[2024-06-14 18:57:09] [Action] Show
[2024-06-14 18:57:09] [Action] Show
[2024-06-14 18:57:10] [Action] Show
[2024-06-14 18:57:10] [Action] Show
[2024-06-14 18:57:11] [Action] Show
[2024-06-14 18:57:11] [Action] Show
[2024-06-14 18:57:11] [Action] Show
[2024-06-14 18:57:12] [Action] Show
[2024-06-14 18:57:13] [Action] Show
[2024-06-14 18:57:13] [Action] Show
[2024-06-14 18:58:22] [Action] Show
[2024-06-14 18:58:24] [Action] Show
[2024-06-14 18:58:25] [Action] Show
[2024-06-14 18:58:25] [Action] Show
[2024-06-14 18:58:26] [Action] Show
[2024-06-14 18:58:27] [Action] Show
[2024-06-14 18:58:27] [Action] Show
[2024-06-14 18:58:28] [Action] Show
[2024-06-14 18:58:29] [Action] Show
[2024-06-14 18:58:29] [Action] Show
[2024-06-14 18:58:30] [Action] Show
[2024-06-14 18:58:30] [Action] Show
[2024-06-14 18:58:31] [Action] Show
[2024-06-14 18:58:31] [Action] Show
[2024-06-14 18:58:32] [Action] Show
[2024-06-14 18:58:33] [Action] Show
[2024-06-14 18:58:33] [Action] Show
[2024-06-14 18:58:34] [Action] Show
[2024-06-14 18:58:34] [Action] Show
[2024-06-14 18:59:21] [Action] Show
[2024-06-14 18:59:23] [Action] Show
[2024-06-14 18:59:23] [Action] Show
[2024-06-14 18:59:24] [Action] Show
[2024-06-14 18:59:25] [Action] Show
[2024-06-14 19:02:40] [Action] Show
[2024-06-14 19:10:51] [Action] Show
[2024-06-14 19:21:37] [Action] Add Bot mcts_bugfix
[2024-06-14 19:21:41] [Action] Show
[2024-06-14 19:21:53] [Action] Show
[2024-06-14 19:21:54] [Action] Show
[2024-06-14 19:21:54] [Action] Show
[2024-06-14 19:21:55] [Action] Show
[2024-06-14 19:21:55] [Action] Show
[2024-06-14 19:21:56] [Action] Show
[2024-06-14 19:21:56] [Action] Show
[2024-06-14 19:21:57] [Action] Show
[2024-06-14 19:21:58] [Action] Show
[2024-06-14 19:21:58] [Action] Show
[2024-06-14 19:21:58] [Action] Show
[2024-06-14 19:21:59] [Action] Show
[2024-06-14 19:21:59] [Action] Show
[2024-06-14 19:22:00] [Action] Show
[2024-06-14 19:22:01] [Action] Show
[2024-06-14 19:22:01] [Action] Show
[2024-06-14 19:22:02] [Action] Show
[2024-06-14 19:22:02] [Action] Show
[2024-06-14 19:22:26] [Action] Show
[2024-06-14 19:23:37] [Action] Update Bot mcts_bugfix
[2024-06-14 19:24:12] [Action] Remove Bot mcts_bugfix
[2024-06-14 19:24:22] [Action] Add Bot mcts_bugfix
[2024-06-14 19:24:29] [Action] Show
[2024-06-14 19:24:34] [Action] Show
[2024-06-14 19:24:34] [Action] Show
[2024-06-14 19:24:34] [Action] Show
[2024-06-14 19:24:34] [Action] Show
[2024-06-14 19:24:35] [Action] Show
[2024-06-14 19:24:35] [Action] Show
[2024-06-14 19:24:36] [Action] Show
[2024-06-14 19:24:36] [Action] Show
[2024-06-14 19:24:52] [Action] Show
[2024-06-14 19:24:53] [Action] Show
[2024-06-14 19:24:53] [Action] Show
[2024-06-14 19:24:54] [Action] Show
[2024-06-14 19:24:57] [Action] Remove Bot mcts_bugfix
[2024-06-14 19:24:58] [Action] Show
[2024-06-14 19:24:59] [Action] Show
[2024-06-14 19:24:59] [Action] Show
[2024-06-14 19:25:44] [Action] Add Bot mcts2
[2024-06-14 19:25:46] [Action] Show
[2024-06-14 19:27:35] [Action] Show
[2024-06-14 19:27:38] [Action] Show
[2024-06-14 19:27:39] [Action] Show
[2024-06-14 19:27:40] [Action] Show
[2024-06-14 19:27:40] [Action] Show
[2024-06-14 19:27:41] [Action] Show
[2024-06-14 19:27:41] [Action] Show
[2024-06-14 19:27:42] [Action] Show
[2024-06-14 19:27:42] [Action] Show
[2024-06-14 19:27:42] [Action] Show
[2024-06-14 19:27:43] [Action] Show
[2024-06-14 19:27:43] [Action] Show
[2024-06-14 19:27:43] [Action] Show
[2024-06-14 19:27:44] [Action] Show
[2024-06-14 19:27:44] [Action] Show
[2024-06-14 19:27:44] [Action] Show
[2024-06-14 19:27:45] [Action] Show
[2024-06-14 19:27:45] [Action] Show
[2024-06-14 19:29:02] [Action] Show
[2024-06-14 19:43:49] [Action] Show
[2024-06-14 19:55:50] [Action] Add Bot mcts3
[2024-06-14 19:57:21] [Action] Show
[2024-06-14 19:57:26] [Action] Show
[2024-06-14 19:57:27] [Action] Show
[2024-06-14 19:57:50] [Action] Show
[2024-06-14 19:58:00] [Action] Show
[2024-06-14 19:58:00] [Action] Show
[2024-06-14 19:58:01] [Action] Show
[2024-06-14 19:58:01] [Action] Show
[2024-06-14 19:58:02] [Action] Show
[2024-06-14 19:58:02] [Action] Show
[2024-06-14 19:58:03] [Action] Show
[2024-06-14 19:58:03] [Action] Show
[2024-06-14 19:58:04] [Action] Show
[2024-06-14 19:58:04] [Action] Show
[2024-06-14 19:58:04] [Action] Show
[2024-06-14 19:58:05] [Action] Show
[2024-06-14 19:58:05] [Action] Show
[2024-06-14 19:58:06] [Action] Show
[2024-06-14 19:58:06] [Action] Show
[2024-06-14 19:58:06] [Action] Show
[2024-06-14 19:58:07] [Action] Show
[2024-06-14 19:58:58] [Action] Show
[2024-06-14 19:59:08] [Action] Show
[2024-06-14 19:59:08] [Action] Show
[2024-06-14 19:59:09] [Action] Show
[2024-06-14 19:59:09] [Action] Show
[2024-06-14 19:59:09] [Action] Show
[2024-06-14 19:59:10] [Action] Show
[2024-06-14 19:59:10] [Action] Show
[2024-06-14 19:59:10] [Action] Show
[2024-06-14 19:59:11] [Action] Show
[2024-06-14 19:59:11] [Action] Show
[2024-06-14 19:59:11] [Action] Show
[2024-06-14 19:59:12] [Action] Show
[2024-06-14 19:59:12] [Action] Show
[2024-06-14 19:59:13] [Action] Show
[2024-06-14 19:59:13] [Action] Show
[2024-06-14 19:59:13] [Action] Show
[2024-06-14 19:59:14] [Action] Show
[2024-06-14 19:59:14] [Action] Show
[2024-06-14 19:59:16] [Action] Show
[2024-06-14 19:59:17] [Action] Show
[2024-06-14 19:59:17] [Action] Show
[2024-06-14 19:59:18] [Action] Show
[2024-06-14 19:59:18] [Action] Show
[2024-06-14 19:59:18] [Action] Show
[2024-06-14 19:59:19] [Action] Show
[2024-06-14 19:59:19] [Action] Show
[2024-06-14 19:59:20] [Action] Show
[2024-06-14 20:01:29] [Action] Show
[2024-06-14 20:02:12] [Action] Show
[2024-06-14 20:04:34] [Action] Show
[2024-06-14 20:25:56] [Action] Show
[2024-06-14 20:27:13] [Action] Add Bot mcts_old
[2024-06-14 20:27:18] [Action] Show
[2024-06-14 20:27:24] [Action] Show
[2024-06-14 20:27:25] [Action] Show
[2024-06-14 20:27:25] [Action] Show
[2024-06-14 20:27:25] [Action] Show
[2024-06-14 20:27:26] [Action] Show
[2024-06-14 20:27:26] [Action] Show
[2024-06-14 20:27:26] [Action] Show
[2024-06-14 20:27:27] [Action] Show
[2024-06-14 20:27:27] [Action] Show
[2024-06-14 20:27:31] [Action] Show
[2024-06-14 20:27:32] [Action] Show
[2024-06-14 20:27:32] [Action] Show
[2024-06-14 20:27:32] [Action] Show
[2024-06-14 20:27:33] [Action] Show
[2024-06-14 20:27:33] [Action] Show
[2024-06-14 20:27:34] [Action] Show
[2024-06-14 20:27:34] [Action] Show
[2024-06-14 20:27:35] [Action] Show
[2024-06-14 20:27:35] [Action] Show
[2024-06-14 20:27:36] [Action] Show
[2024-06-14 20:27:36] [Action] Show
[2024-06-14 20:27:37] [Action] Show
[2024-06-14 20:27:37] [Action] Show
[2024-06-14 20:27:38] [Action] Show
[2024-06-14 20:27:38] [Action] Show
[2024-06-14 20:27:39] [Action] Show
[2024-06-14 20:27:39] [Action] Show
[2024-06-14 20:27:40] [Action] Show
[2024-06-14 20:27:41] [Action] Show
[2024-06-14 20:28:52] [Action] Show
[2024-06-14 20:30:24] [Action] Show
[2024-06-14 20:30:25] [Action] Show
[2024-06-14 20:30:25] [Action] Show
[2024-06-14 20:30:26] [Action] Show
[2024-06-14 20:30:26] [Action] Show
[2024-06-14 20:30:26] [Action] Show
[2024-06-14 20:30:27] [Action] Show
[2024-06-14 20:30:27] [Action] Show
[2024-06-14 20:30:28] [Action] Show
[2024-06-14 20:30:28] [Action] Show
[2024-06-14 20:30:34] [Action] Show
[2024-06-14 20:30:34] [Action] Show
[2024-06-14 20:30:35] [Action] Show
[2024-06-14 20:30:35] [Action] Show
[2024-06-14 20:30:36] [Action] Show
[2024-06-14 20:30:36] [Action] Show
[2024-06-14 20:30:36] [Action] Show
[2024-06-14 20:30:37] [Action] Show
[2024-06-14 20:32:26] [Action] Show
[2024-06-14 20:33:54] [Action] Show
[2024-06-14 20:37:38] [Action] Show
[2024-06-14 20:38:09] [Action] Add Bot mcts4_1-4
[2024-06-14 20:38:32] [Action] Add Bot mcts4_2-0
[2024-06-14 20:38:47] [Action] Add Bot mcts4_1-2
[2024-06-14 20:38:57] [Action] Add Bot mcts4_1-0
[2024-06-14 20:39:09] [Action] Add Bot mcts4_0-8
[2024-06-14 20:39:13] [Action] Show
[2024-06-14 20:40:26] [Action] Show
[2024-06-14 20:41:00] [Action] Show
[2024-06-14 20:42:08] [Action] Show
[2024-06-14 20:42:44] [Action] Show
[2024-06-14 20:42:45] [Action] Show
[2024-06-14 20:42:46] [Action] Show
[2024-06-14 20:42:47] [Action] Show
[2024-06-14 20:42:47] [Action] Show
[2024-06-14 20:43:03] [Action] Show
[2024-06-14 20:46:28] [Action] Show
[2024-06-14 20:47:02] [Action] Show
[2024-06-14 20:54:12] [Action] Show
[2024-06-14 21:00:52] [Action] Show
[2024-06-14 21:00:53] [Action] Show
[2024-06-14 21:00:54] [Action] Show
[2024-06-14 21:00:54] [Action] Show
[2024-06-14 21:00:55] [Action] Show
[2024-06-14 21:00:55] [Action] Show
[2024-06-14 21:00:55] [Action] Show
[2024-06-14 21:00:55] [Action] Show
[2024-06-14 21:00:56] [Action] Show
[2024-06-14 21:00:56] [Action] Show
[2024-06-14 21:00:56] [Action] Show
[2024-06-14 21:00:57] [Action] Show
[2024-06-14 21:00:58] [Action] Show
[2024-06-14 21:00:58] [Action] Show
[2024-06-14 21:00:58] [Action] Show
[2024-06-14 21:00:59] [Action] Show
[2024-06-14 21:01:00] [Action] Show
[2024-06-14 21:01:00] [Action] Show
[2024-06-14 21:01:50] [Action] Add Bot mcts_1-0
[2024-06-14 21:02:12] [Action] Show
[2024-06-14 21:02:15] [Action] Show
[2024-06-14 21:03:11] [Action] Show
[2024-06-14 21:03:19] [Action] Show
[2024-06-14 21:03:19] [Action] Show
[2024-06-14 21:03:20] [Action] Show
[2024-06-14 21:03:20] [Action] Show
[2024-06-14 21:03:20] [Action] Show
[2024-06-14 21:03:21] [Action] Show
[2024-06-14 21:03:21] [Action] Show
[2024-06-14 21:03:21] [Action] Show
[2024-06-14 21:03:22] [Action] Show
[2024-06-14 21:03:22] [Action] Show
[2024-06-14 21:03:22] [Action] Show
[2024-06-14 21:03:22] [Action] Show
[2024-06-14 21:03:23] [Action] Show
[2024-06-14 21:07:35] [Action] Show
[2024-06-14 21:07:36] [Action] Show
[2024-06-14 21:07:37] [Action] Show
[2024-06-14 21:07:37] [Action] Show
[2024-06-14 21:07:37] [Action] Show
[2024-06-14 21:07:38] [Action] Show
[2024-06-14 21:07:38] [Action] Show
[2024-06-14 21:07:38] [Action] Show
[2024-06-14 21:07:39] [Action] Show
[2024-06-14 21:07:39] [Action] Show
[2024-06-14 21:07:39] [Action] Show
[2024-06-14 21:07:39] [Action] Show
[2024-06-14 21:07:40] [Action] Show
[2024-06-14 21:07:40] [Action] Show
[2024-06-14 21:07:41] [Action] Show
[2024-06-14 21:07:41] [Action] Show
[2024-06-14 21:07:42] [Action] Show
[2024-06-14 21:07:42] [Action] Show
[2024-06-14 21:07:43] [Action] Show
[2024-06-14 21:07:43] [Action] Show
[2024-06-14 21:07:44] [Action] Show
[2024-06-14 21:08:36] [Action] Run
[2024-06-14 21:09:31] [Action] Show
[2024-06-14 21:09:47] [Action] Show
[2024-06-14 21:10:13] [Action] Add Bot greedy
[2024-06-14 21:10:25] [Action] Add Bot mcts_1-0
[2024-06-14 21:10:42] [Action] Add Bot mcts_bugfix
[2024-06-14 21:10:57] [Action] Add Bot mcts_memory_reduction
[2024-06-14 21:11:09] [Action] Add Bot mcts_old
[2024-06-14 21:11:16] [Action] Add Bot mcts
[2024-06-14 21:11:23] [Action] Add Bot mcts2
[2024-06-14 21:11:29] [Action] Add Bot mcts3
[2024-06-14 21:11:51] [Action] Add Bot mcts4_0-8
[2024-06-14 21:12:07] [Action] Add Bot mcts4_1-0
[2024-06-14 21:12:20] [Action] Add Bot mcts4_1-2
[2024-06-14 21:12:33] [Action] Add Bot mcts4_1-4
[2024-06-14 21:12:47] [Action] Add Bot mcts4_2-0
[2024-06-14 21:12:56] [Action] Add Bot only_up
[2024-06-14 21:13:25] [Action] Show
[2024-06-14 21:13:27] [Action] Show
[2024-06-14 21:13:27] [Action] Show
[2024-06-14 21:13:28] [Action] Show
[2024-06-14 21:13:28] [Action] Show
[2024-06-14 21:13:29] [Action] Show
[2024-06-14 21:13:29] [Action] Show
[2024-06-14 21:13:29] [Action] Show
[2024-06-14 21:13:30] [Action] Show
[2024-06-14 21:13:30] [Action] Show
[2024-06-14 21:13:31] [Action] Show
[2024-06-14 21:13:36] [Action] Show
[2024-06-14 21:18:43] [Action] Show
[2024-06-14 21:18:44] [Action] Show
[2024-06-14 21:18:44] [Action] Show
[2024-06-14 21:18:45] [Action] Show
[2024-06-14 21:18:45] [Action] Show
[2024-06-14 21:18:45] [Action] Show
[2024-06-14 21:18:46] [Action] Show
[2024-06-14 21:18:46] [Action] Show
[2024-06-14 21:18:47] [Action] Show
[2024-06-14 21:34:48] [Action] Show
[2024-06-14 21:37:21] [Action] Show
[2024-06-14 21:37:22] [Action] Show
[2024-06-14 21:37:22] [Action] Show
[2024-06-14 21:37:22] [Action] Show
[2024-06-14 21:37:23] [Action] Show
[2024-06-14 21:37:23] [Action] Show
[2024-06-14 21:37:24] [Action] Show
[2024-06-14 21:37:24] [Action] Show
[2024-06-14 21:37:24] [Action] Show
[2024-06-14 21:37:25] [Action] Show
[2024-06-14 21:37:25] [Action] Show
[2024-06-14 21:37:25] [Action] Show
[2024-06-14 21:37:26] [Action] Show
[2024-06-14 21:37:26] [Action] Show
[2024-06-14 21:37:26] [Action] Show
[2024-06-14 21:37:26] [Action] Show
[2024-06-14 21:37:28] [Action] Show
[2024-06-14 21:39:46] [Action] Show
[2024-06-14 21:39:46] [Action] Show
[2024-06-14 21:39:47] [Action] Show
[2024-06-14 21:39:47] [Action] Show
[2024-06-14 21:39:47] [Action] Show
[2024-06-14 21:39:48] [Action] Show
[2024-06-14 21:39:48] [Action] Show
[2024-06-14 21:39:48] [Action] Show
[2024-06-14 21:39:49] [Action] Show
[2024-06-14 21:39:49] [Action] Show
[2024-06-14 21:39:49] [Action] Show
[2024-06-14 21:39:50] [Action] Show
[2024-06-14 21:39:51] [Action] Show
[2024-06-14 21:39:51] [Action] Show
[2024-06-14 21:39:52] [Action] Show
[2024-06-14 21:39:52] [Action] Show
[2024-06-14 21:39:52] [Action] Show
[2024-06-14 21:39:53] [Action] Show
[2024-06-14 21:39:53] [Action] Show
[2024-06-14 21:39:54] [Action] Show
[2024-06-14 21:39:54] [Action] Show
[2024-06-14 21:39:55] [Action] Show
[2024-06-14 21:39:56] [Action] Show
[2024-06-14 21:39:57] [Action] Show
[2024-06-14 21:39:57] [Action] Show
[2024-06-14 21:45:49] [Action] Show
[2024-06-14 21:55:52] [Action] Show
[2024-06-14 21:55:55] [Action] Show
[2024-06-14 21:55:56] [Action] Show
[2024-06-14 21:55:56] [Action] Show
[2024-06-14 21:55:56] [Action] Show
[2024-06-14 21:55:57] [Action] Show
[2024-06-14 21:55:57] [Action] Show
[2024-06-14 21:55:57] [Action] Show
[2024-06-14 21:55:58] [Action] Show
[2024-06-14 21:55:58] [Action] Show
[2024-06-14 21:55:59] [Action] Show
[2024-06-14 22:04:06] [Action] Show
[2024-06-14 22:10:53] [Action] Show
[2024-06-14 22:10:54] [Action] Show
[2024-06-14 22:10:55] [Action] Show
[2024-06-14 22:10:55] [Action] Show
[2024-06-14 22:10:55] [Action] Show
[2024-06-14 22:10:55] [Action] Show
[2024-06-14 22:10:56] [Action] Show
[2024-06-14 22:10:56] [Action] Show
[2024-06-14 22:10:57] [Action] Show
[2024-06-14 22:10:57] [Action] Show
[2024-06-14 22:10:57] [Action] Show
[2024-06-14 22:10:58] [Action] Show
[2024-06-14 22:10:58] [Action] Show
[2024-06-14 22:10:58] [Action] Show
[2024-06-14 22:10:58] [Action] Show
[2024-06-14 22:10:59] [Action] Show
[2024-06-14 22:10:59] [Action] Show
[2024-06-14 22:10:59] [Action] Show
[2024-06-14 22:11:00] [Action] Show
[2024-06-14 22:11:00] [Action] Show
[2024-06-14 22:11:01] [Action] Show
[2024-06-14 22:11:01] [Action] Show
[2024-06-14 22:11:02] [Action] Show
[2024-06-14 22:18:26] [Action] Show
[2024-06-14 22:18:27] [Action] Show
[2024-06-14 22:18:27] [Action] Show
[2024-06-14 22:18:27] [Action] Show
[2024-06-14 22:18:28] [Action] Show
[2024-06-14 22:18:28] [Action] Show
[2024-06-14 22:18:28] [Action] Show
[2024-06-14 22:18:28] [Action] Show
[2024-06-14 22:18:29] [Action] Show
[2024-06-14 22:18:29] [Action] Show
[2024-06-14 22:18:30] [Action] Show
[2024-06-14 22:18:30] [Action] Show
[2024-06-14 22:18:30] [Action] Show
[2024-06-14 22:18:30] [Action] Show
[2024-06-14 22:18:31] [Action] Show
[2024-06-14 22:18:31] [Action] Show
[2024-06-14 22:18:32] [Action] Show
[2024-06-14 22:18:33] [Action] Show
[2024-06-14 22:18:33] [Action] Show
[2024-06-14 22:18:33] [Action] Show
[2024-06-14 22:18:34] [Action] Show
[2024-06-14 22:18:34] [Action] Show
[2024-06-14 22:18:34] [Action] Show
[2024-06-14 22:18:35] [Action] Show
[2024-06-14 22:21:57] [Action] Show
[2024-06-14 22:21:58] [Action] Show
[2024-06-14 22:21:59] [Action] Show
[2024-06-14 22:22:00] [Action] Show
[2024-06-14 22:22:00] [Action] Show
[2024-06-14 22:22:00] [Action] Show
[2024-06-14 22:22:01] [Action] Show
[2024-06-14 22:22:01] [Action] Show
[2024-06-14 22:22:01] [Action] Show
[2024-06-14 22:22:02] [Action] Show
[2024-06-14 22:22:02] [Action] Show
[2024-06-14 22:22:03] [Action] Show
[2024-06-14 22:22:03] [Action] Show
[2024-06-14 22:22:03] [Action] Show
[2024-06-14 22:22:04] [Action] Show
[2024-06-14 22:22:04] [Action] Show
[2024-06-14 22:22:04] [Action] Show
[2024-06-14 22:22:05] [Action] Show
[2024-06-14 22:28:17] [Action] Show
[2024-06-14 22:28:25] [Action] Show
[2024-06-14 22:28:25] [Action] Show
[2024-06-14 22:28:25] [Action] Show
[2024-06-14 22:28:26] [Action] Show
[2024-06-14 22:28:26] [Action] Show
[2024-06-14 22:28:26] [Action] Show
[2024-06-14 22:28:27] [Action] Show
[2024-06-14 22:28:27] [Action] Show
[2024-06-14 22:28:27] [Action] Show
[2024-06-14 22:28:28] [Action] Show
[2024-06-14 22:28:28] [Action] Show
[2024-06-14 22:28:28] [Action] Show
[2024-06-14 22:28:28] [Action] Show
[2024-06-14 22:28:28] [Action] Show
[2024-06-14 22:28:29] [Action] Show
[2024-06-14 22:28:29] [Action] Show
[2024-06-14 22:28:32] [Action] Show
[2024-06-14 22:28:53] [Action] Show
[2024-06-14 22:28:53] [Action] Show
[2024-06-14 22:28:54] [Action] Show
[2024-06-14 22:28:54] [Action] Show
[2024-06-14 22:28:54] [Action] Show
[2024-06-14 22:28:54] [Action] Show
[2024-06-14 22:28:54] [Action] Show
[2024-06-14 22:28:54] [Action] Show
[2024-06-14 22:28:55] [Action] Show
[2024-06-14 22:28:56] [Action] Show
[2024-06-14 22:29:14] [Action] Show
[2024-06-14 22:29:24] [Action] Remove Bot mcts_memory_reduction
[2024-06-14 22:29:30] [Action] Remove Bot mcts_bugfix
[2024-06-14 22:29:36] [Action] Remove Bot mcts2
[2024-06-14 22:29:42] [Action] Remove Bot only_up
[2024-06-14 22:29:49] [Action] Show
[2024-06-14 22:30:00] [Action] Show
[2024-06-14 22:30:00] [Action] Show
[2024-06-14 22:30:00] [Action] Show
[2024-06-14 22:30:01] [Action] Show
[2024-06-14 22:30:01] [Action] Show
[2024-06-14 22:30:01] [Action] Show
[2024-06-14 22:30:01] [Action] Show
[2024-06-14 22:30:01] [Action] Show
[2024-06-14 22:30:02] [Action] Show
[2024-06-14 22:30:02] [Action] Show
[2024-06-14 22:30:02] [Action] Show
[2024-06-14 22:30:03] [Action] Show
[2024-06-14 22:30:03] [Action] Show
[2024-06-14 22:30:03] [Action] Show
[2024-06-14 22:30:03] [Action] Show
[2024-06-14 22:30:03] [Action] Show
[2024-06-14 22:30:04] [Action] Show
[2024-06-14 22:30:04] [Action] Show
[2024-06-14 22:30:04] [Action] Show
[2024-06-14 22:30:04] [Action] Show
[2024-06-14 22:30:04] [Action] Show
[2024-06-14 22:30:04] [Action] Show
[2024-06-14 22:30:05] [Action] Show
[2024-06-14 22:30:05] [Action] Show
[2024-06-14 22:30:05] [Action] Show
[2024-06-14 22:30:05] [Action] Show
[2024-06-14 22:30:05] [Action] Show
[2024-06-14 22:30:06] [Action] Show
[2024-06-14 22:34:38] [Action] Show
[2024-06-14 22:34:39] [Action] Show
[2024-06-14 22:34:39] [Action] Show
[2024-06-14 22:34:39] [Action] Show
[2024-06-14 22:34:40] [Action] Show
[2024-06-14 22:34:40] [Action] Show
[2024-06-14 22:34:40] [Action] Show
[2024-06-14 22:34:40] [Action] Show
[2024-06-14 22:34:40] [Action] Show
[2024-06-14 22:34:41] [Action] Show
[2024-06-14 22:34:41] [Action] Show
[2024-06-14 22:34:42] [Action] Show
[2024-06-14 22:34:42] [Action] Show
[2024-06-14 22:34:42] [Action] Show
[2024-06-14 22:34:42] [Action] Show
[2024-06-14 22:34:42] [Action] Show
[2024-06-14 22:34:43] [Action] Show
[2024-06-14 22:34:43] [Action] Show
[2024-06-14 22:34:44] [Action] Show
[2024-06-14 22:34:44] [Action] Show
[2024-06-14 22:34:44] [Action] Show
[2024-06-14 22:34:45] [Action] Show
[2024-06-14 22:45:05] [Action] Show
[2024-06-14 22:45:05] [Action] Show
[2024-06-14 22:45:06] [Action] Show
[2024-06-14 22:45:06] [Action] Show
[2024-06-14 22:45:07] [Action] Show
[2024-06-14 22:45:07] [Action] Show
[2024-06-14 22:45:07] [Action] Show
[2024-06-14 22:45:08] [Action] Show
[2024-06-14 22:45:09] [Action] Show
[2024-06-14 22:45:09] [Action] Show
[2024-06-14 22:50:08] [Action] Show
[2024-06-14 22:51:32] [Action] Show
[2024-06-14 22:55:31] [Action] Show
[2024-06-14 22:55:32] [Action] Show
[2024-06-14 22:55:32] [Action] Show
[2024-06-14 22:55:33] [Action] Show
[2024-06-14 22:55:33] [Action] Show
[2024-06-14 22:55:33] [Action] Show
[2024-06-14 22:55:34] [Action] Show
[2024-06-14 22:55:34] [Action] Show
[2024-06-14 22:55:34] [Action] Show
[2024-06-14 22:55:35] [Action] Show
[2024-06-14 22:55:35] [Action] Show
[2024-06-14 22:55:36] [Action] Show
[2024-06-14 22:55:36] [Action] Show
[2024-06-14 22:55:37] [Action] Show
[2024-06-14 22:55:37] [Action] Show
[2024-06-14 22:55:37] [Action] Show
[2024-06-14 22:55:38] [Action] Show
[2024-06-14 22:55:38] [Action] Show
[2024-06-14 22:55:39] [Action] Show
[2024-06-14 22:55:39] [Action] Show
[2024-06-14 23:02:20] [Action] Show
[2024-06-14 23:02:20] [Action] Show
[2024-06-14 23:02:21] [Action] Show
[2024-06-14 23:02:21] [Action] Show
[2024-06-14 23:02:21] [Action] Show
[2024-06-14 23:02:22] [Action] Show
[2024-06-14 23:02:22] [Action] Show
[2024-06-14 23:02:23] [Action] Show
[2024-06-14 23:02:23] [Action] Show
[2024-06-14 23:02:23] [Action] Show
[2024-06-14 23:02:24] [Action] Show
[2024-06-14 23:02:24] [Action] Show
[2024-06-14 23:02:25] [Action] Show
[2024-06-14 23:02:25] [Action] Show
[2024-06-14 23:02:26] [Action] Show
[2024-06-14 23:02:26] [Action] Show
[2024-06-14 23:02:26] [Action] Show
[2024-06-14 23:02:27] [Action] Show
[2024-06-14 23:02:27] [Action] Show
[2024-06-14 23:02:27] [Action] Show
[2024-06-14 23:02:27] [Action] Show
[2024-06-14 23:02:27] [Action] Show
[2024-06-14 23:02:28] [Action] Show
[2024-06-14 23:02:28] [Action] Show
[2024-06-14 23:02:29] [Action] Show
[2024-06-14 23:02:29] [Action] Show
[2024-06-14 23:02:29] [Action] Show
[2024-06-14 23:02:29] [Action] Show
[2024-06-14 23:02:30] [Action] Show
[2024-06-14 23:02:30] [Action] Show
[2024-06-14 23:02:31] [Action] Show
[2024-06-14 23:02:32] [Action] Show
[2024-06-14 23:13:53] [Action] Show
[2024-06-14 23:17:56] [Action] Show
[2024-06-14 23:17:59] [Action] Show
[2024-06-14 23:17:59] [Action] Show
[2024-06-14 23:18:00] [Action] Show
[2024-06-14 23:18:00] [Action] Show
[2024-06-14 23:18:00] [Action] Show
[2024-06-14 23:18:01] [Action] Show
[2024-06-14 23:18:02] [Action] Show
[2024-06-14 23:18:02] [Action] Show
[2024-06-14 23:18:02] [Action] Show
[2024-06-14 23:18:03] [Action] Show
[2024-06-14 23:18:03] [Action] Show
[2024-06-14 23:18:03] [Action] Show
[2024-06-14 23:18:04] [Action] Show
[2024-06-14 23:33:30] [Action] Add Bot mcts_skating
[2024-06-14 23:33:35] [Action] Show
[2024-06-14 23:33:39] [Action] Show
[2024-06-14 23:33:39] [Action] Show
[2024-06-14 23:33:40] [Action] Show
[2024-06-14 23:33:40] [Action] Show
[2024-06-14 23:33:41] [Action] Show
[2024-06-14 23:33:41] [Action] Show
[2024-06-14 23:34:06] [Action] Show
[2024-06-14 23:34:06] [Action] Show
[2024-06-14 23:34:07] [Action] Show
[2024-06-14 23:34:07] [Action] Show
[2024-06-14 23:34:08] [Action] Show
[2024-06-14 23:34:08] [Action] Show
[2024-06-14 23:34:08] [Action] Show
[2024-06-14 23:34:09] [Action] Show
[2024-06-14 23:34:09] [Action] Show
[2024-06-14 23:34:09] [Action] Show
[2024-06-14 23:34:09] [Action] Show
[2024-06-14 23:34:10] [Action] Show
[2024-06-14 23:34:54] [Action] Remove Bot mcts_skating
[2024-06-14 23:36:49] [Action] Add Bot mcts5
[2024-06-14 23:36:52] [Action] Show
[2024-06-14 23:37:48] [Action] Show
[2024-06-14 23:37:50] [Action] Show
[2024-06-14 23:37:51] [Action] Show
[2024-06-14 23:37:51] [Action] Show
[2024-06-14 23:37:51] [Action] Show
[2024-06-14 23:37:52] [Action] Show
[2024-06-14 23:37:52] [Action] Show
[2024-06-14 23:37:52] [Action] Show
[2024-06-14 23:37:52] [Action] Show
[2024-06-14 23:37:53] [Action] Show
[2024-06-14 23:37:53] [Action] Show
[2024-06-14 23:37:53] [Action] Show
[2024-06-14 23:37:54] [Action] Show
[2024-06-14 23:37:54] [Action] Show
[2024-06-14 23:37:54] [Action] Show
[2024-06-14 23:37:55] [Action] Show
[2024-06-14 23:37:57] [Action] Show
[2024-06-14 23:39:04] [Action] Show
[2024-06-14 23:41:37] [Action] Show
[2024-06-14 23:41:56] [Action] Show
[2024-06-14 23:41:56] [Action] Show
[2024-06-14 23:41:57] [Action] Show
[2024-06-14 23:41:57] [Action] Show
[2024-06-14 23:41:57] [Action] Show
[2024-06-14 23:41:58] [Action] Show
[2024-06-14 23:41:59] [Action] Show
[2024-06-14 23:42:00] [Action] Show
[2024-06-14 23:42:00] [Action] Show
[2024-06-14 23:42:00] [Action] Show
[2024-06-14 23:42:01] [Action] Show
[2024-06-14 23:42:01] [Action] Show
[2024-06-14 23:42:01] [Action] Show
[2024-06-14 23:42:01] [Action] Show
[2024-06-14 23:42:02] [Action] Show
[2024-06-14 23:42:03] [Action] Show
[2024-06-14 23:42:03] [Action] Show
[2024-06-14 23:42:04] [Action] Show
[2024-06-14 23:42:04] [Action] Show
[2024-06-14 23:42:05] [Action] Show
[2024-06-14 23:42:05] [Action] Show
[2024-06-14 23:42:06] [Action] Show
[2024-06-14 23:42:06] [Action] Show
[2024-06-14 23:42:06] [Action] Show
[2024-06-14 23:42:07] [Action] Show
[2024-06-14 23:42:07] [Action] Show
[2024-06-14 23:42:08] [Action] Show
[2024-06-14 23:42:08] [Action] Show
[2024-06-14 23:42:09] [Action] Show
[2024-06-14 23:42:09] [Action] Show
[2024-06-14 23:42:09] [Action] Show
[2024-06-14 23:42:10] [Action] Show
[2024-06-14 23:42:10] [Action] Show
[2024-06-14 23:42:11] [Action] Show
[2024-06-14 23:42:25] [Action] Run
[2024-06-14 23:42:29] [Action] Show
[2024-06-14 23:42:30] [Action] Show
[2024-06-14 23:42:31] [Action] Show
[2024-06-14 23:42:31] [Action] Show
[2024-06-14 23:42:31] [Action] Show
[2024-06-14 23:42:35] [Action] Show
[2024-06-14 23:42:36] [Action] Show
[2024-06-14 23:42:36] [Action] Show
[2024-06-14 23:42:37] [Action] Show
[2024-06-14 23:42:37] [Action] Show
[2024-06-14 23:42:37] [Action] Show
[2024-06-14 23:42:38] [Action] Show
[2024-06-14 23:42:38] [Action] Show
[2024-06-14 23:42:38] [Action] Show
[2024-06-14 23:42:38] [Action] Show
[2024-06-14 23:42:39] [Action] Show
[2024-06-14 23:42:39] [Action] Show
[2024-06-14 23:42:40] [Action] Show
[2024-06-14 23:50:12] [Action] Run
[2024-06-14 23:50:21] [Action] Show
[2024-06-14 23:50:36] [Action] Show
[2024-06-14 23:50:36] [Action] Show
[2024-06-14 23:50:37] [Action] Show
[2024-06-14 23:50:37] [Action] Show
[2024-06-14 23:50:38] [Action] Show
[2024-06-14 23:50:38] [Action] Show
[2024-06-14 23:50:38] [Action] Show
[2024-06-14 23:50:39] [Action] Show
[2024-06-14 23:50:39] [Action] Show
[2024-06-14 23:50:40] [Action] Show
[2024-06-14 23:52:05] [Action] Show
[2024-06-14 23:53:03] [Action] Show
[2024-06-14 23:53:05] [Action] Show
[2024-06-14 23:53:05] [Action] Show
[2024-06-14 23:53:05] [Action] Show
[2024-06-14 23:53:06] [Action] Show
[2024-06-14 23:53:06] [Action] Show
[2024-06-14 23:53:07] [Action] Show
[2024-06-14 23:53:07] [Action] Show
[2024-06-14 23:53:07] [Action] Show
[2024-06-14 23:53:08] [Action] Show
[2024-06-14 23:53:08] [Action] Show
[2024-06-14 23:53:09] [Action] Show
[2024-06-14 23:53:09] [Action] Show
[2024-06-14 23:53:10] [Action] Show
[2024-06-14 23:53:10] [Action] Show
[2024-06-14 23:53:11] [Action] Show
[2024-06-14 23:53:11] [Action] Show
[2024-06-15 00:04:06] [Action] Show
[2024-06-15 00:04:07] [Action] Show
[2024-06-15 00:04:07] [Action] Show
[2024-06-15 00:04:08] [Action] Show
[2024-06-15 00:04:08] [Action] Show
[2024-06-15 00:04:08] [Action] Show
[2024-06-15 00:04:09] [Action] Show
[2024-06-15 00:04:09] [Action] Show
[2024-06-15 00:04:09] [Action] Show
[2024-06-15 00:04:10] [Action] Show
[2024-06-15 00:04:11] [Action] Show
[2024-06-15 00:04:11] [Action] Show
[2024-06-15 00:04:11] [Action] Show
[2024-06-15 00:04:12] [Action] Show
[2024-06-15 00:04:12] [Action] Show
[2024-06-15 00:04:12] [Action] Show
[2024-06-15 00:04:13] [Action] Show
[2024-06-15 00:04:13] [Action] Show
[2024-06-15 00:04:14] [Action] Show
[2024-06-15 00:04:14] [Action] Show
[2024-06-15 00:04:14] [Action] Show
[2024-06-15 00:04:15] [Action] Show
[2024-06-15 00:04:16] [Action] Show
[2024-06-15 00:04:16] [Action] Show
[2024-06-15 00:04:17] [Action] Show
[2024-06-15 00:04:17] [Action] Show
[2024-06-15 00:04:18] [Action] Show
[2024-06-15 00:04:18] [Action] Show
[2024-06-15 00:04:18] [Action] Show
[2024-06-15 00:04:19] [Action] Show
[2024-06-15 00:41:21] [Action] Show
[2024-06-15 10:27:36] [Action] Run
[2024-06-15 10:27:41] [Action] Show
[2024-06-15 10:30:48] [Action] Show
[2024-06-15 10:31:04] [Action] Show
[2024-06-15 10:31:05] [Action] Show
[2024-06-15 10:31:05] [Action] Show
[2024-06-15 10:31:06] [Action] Show
[2024-06-15 10:31:07] [Action] Show
[2024-06-15 10:31:08] [Action] Show
[2024-06-15 10:35:48] [Action] Add Bot mcts6
[2024-06-15 10:36:13] [Action] Add Bot mcts6_0-6
[2024-06-15 10:36:24] [Action] Add Bot mcts6_0-5
[2024-06-15 10:36:27] [Action] Show
[2024-06-15 10:38:24] [Action] Show
[2024-06-15 10:38:45] [Action] Show
[2024-06-15 10:38:46] [Action] Show
[2024-06-15 10:38:47] [Action] Show
[2024-06-15 10:38:47] [Action] Show
[2024-06-15 10:38:47] [Action] Show
[2024-06-15 10:40:04] [Action] Show
[2024-06-15 10:54:38] [Action] Show
[2024-06-15 10:54:40] [Action] Show
[2024-06-15 11:05:04] [Action] Show
[2024-06-15 11:06:44] [Action] Show
[2024-06-15 11:57:32] [Action] Show
[2024-06-15 15:39:17] [Action] Run
[2024-06-15 15:39:29] [Action] Add Bot mcts7
[2024-06-15 15:39:35] [Action] Show
[2024-06-15 15:39:42] [Action] Show
[2024-06-15 15:45:37] [Action] Show
[2024-06-15 15:45:39] [Action] Show
[2024-06-15 15:45:40] [Action] Show
[2024-06-15 15:45:41] [Action] Show
[2024-06-15 15:45:42] [Action] Show
[2024-06-15 15:45:43] [Action] Show
[2024-06-15 15:45:43] [Action] Show
[2024-06-15 15:45:44] [Action] Show
[2024-06-15 15:45:44] [Action] Show
[2024-06-15 15:45:45] [Action] Show
[2024-06-15 15:45:46] [Action] Show
[2024-06-15 15:45:47] [Action] Show
[2024-06-15 15:45:48] [Action] Show
[2024-06-15 15:45:48] [Action] Show
[2024-06-15 15:46:10] [Action] Show
[2024-06-15 16:08:52] [Action] Show
[2024-06-15 16:08:57] [Action] Show
[2024-06-15 16:08:58] [Action] Show
[2024-06-15 16:08:58] [Action] Show
[2024-06-15 16:08:59] [Action] Show
[2024-06-15 16:09:00] [Action] Show
[2024-06-15 16:09:00] [Action] Show
[2024-06-15 16:09:00] [Action] Show
[2024-06-15 16:09:01] [Action] Show
[2024-06-15 16:09:02] [Action] Show
[2024-06-15 16:09:31] [Action] Add Bot mcts7_0-4
[2024-06-15 16:09:39] [Action] Add Bot mcts7_0-3
[2024-06-15 16:09:52] [Action] Add Bot mcts7_0-2
[2024-06-15 16:09:54] [Action] Show
[2024-06-15 16:09:59] [Action] Show
[2024-06-15 16:10:30] [Action] Add Bot mcts7_0-6
[2024-06-15 16:10:42] [Action] Add Bot mcts7_0-7
[2024-06-15 16:10:50] [Action] Add Bot mcts7_0-8
[2024-06-15 16:10:53] [Action] Show
[2024-06-15 16:11:14] [Action] Stop Bot greedy
[2024-06-15 16:11:16] [Action] Show
[2024-06-15 16:11:31] [Action] Show
[2024-06-15 16:12:09] [Action] Show
[2024-06-15 16:16:25] [Action] Show
[2024-06-15 17:14:48] [Action] Show
[2024-06-15 17:15:57] [Action] Show
[2024-06-15 17:15:58] [Action] Show
[2024-06-15 17:15:58] [Action] Show
[2024-06-15 17:15:59] [Action] Show
[2024-06-15 17:16:00] [Action] Show
[2024-06-15 17:16:01] [Action] Show
[2024-06-15 17:16:01] [Action] Show
[2024-06-15 17:16:02] [Action] Show
[2024-06-15 17:16:02] [Action] Show
[2024-06-15 17:16:03] [Action] Show
[2024-06-15 17:16:11] [Action] Show
[2024-06-15 17:18:14] [Action] Show
[2024-06-15 17:18:20] [Action] Show
[2024-06-15 17:18:20] [Action] Show
[2024-06-15 17:18:21] [Action] Show
[2024-06-15 17:18:22] [Action] Show
[2024-06-15 17:18:22] [Action] Show
[2024-06-15 17:18:23] [Action] Show
[2024-06-15 17:18:23] [Action] Show
[2024-06-15 17:21:54] [Action] Show
[2024-06-15 18:04:08] [Action] Show
[2024-06-15 18:05:31] [Action] Show
[2024-06-15 18:21:50] [Action] Show
[2024-06-15 18:21:53] [Action] Show
[2024-06-15 18:21:54] [Action] Show
[2024-06-15 18:21:54] [Action] Show
[2024-06-15 18:21:55] [Action] Show
[2024-06-15 18:21:55] [Action] Show
[2024-06-15 18:21:56] [Action] Show
[2024-06-15 18:49:04] [Action] Show
[2024-06-15 19:50:23] [Action] Show
[2024-06-15 19:53:31] [Action] Show
[2024-06-15 19:53:32] [Action] Show
[2024-06-15 19:53:32] [Action] Show
[2024-06-15 19:53:33] [Action] Show
[2024-06-15 19:53:33] [Action] Show
[2024-06-15 19:53:34] [Action] Show
[2024-06-15 19:53:34] [Action] Show
[2024-06-15 19:53:35] [Action] Show
[2024-06-15 19:53:35] [Action] Show
[2024-06-15 19:53:36] [Action] Show
[2024-06-15 19:53:40] [Action] Show
[2024-06-15 19:53:40] [Action] Show
[2024-06-15 19:53:41] [Action] Show
[2024-06-15 19:53:42] [Action] Show
[2024-06-15 19:53:42] [Action] Show
[2024-06-15 19:53:43] [Action] Show
[2024-06-15 19:53:43] [Action] Show
[2024-06-15 19:53:44] [Action] Show
[2024-06-15 19:53:44] [Action] Show
[2024-06-15 21:11:24] [Action] Show
[2024-06-15 21:11:24] [Action] Show
[2024-06-15 21:46:36] [Action] Show
[2024-06-15 22:08:55] [Action] Show
[2024-06-15 22:39:13] [Action] Show
[2024-06-15 22:45:21] [Action] Run
[2024-06-15 22:45:24] [Action] Show
[2024-06-15 22:45:33] [Action] Show
[2024-06-15 22:45:53] [Action] Show
[2024-06-15 22:46:21] [Action] Run
[2024-06-15 22:46:26] [Action] Show
[2024-06-15 22:47:30] [Action] Add Bot mcts8
[2024-06-15 22:47:34] [Action] Show
[2024-06-15 22:47:43] [Action] Remove Bot mcts8
[2024-06-15 22:47:45] [Action] Show
[2024-06-15 22:48:25] [Action] Add Bot mcts8_0-1
[2024-06-15 22:48:36] [Action] Add Bot mcts8_0-2
[2024-06-15 22:48:44] [Action] Add Bot mcts8_0-3
[2024-06-15 22:48:51] [Action] Add Bot mcts8_0-4
[2024-06-15 22:48:59] [Action] Add Bot mcts8_0-5
[2024-06-15 22:49:07] [Action] Add Bot mcts8_0-6
[2024-06-15 22:49:14] [Action] Add Bot mcts8_0-7
[2024-06-15 22:49:22] [Action] Add Bot mcts8_0-8
[2024-06-15 22:49:31] [Action] Add Bot mcts8_0-9
[2024-06-15 22:49:38] [Action] Add Bot mcts8_1-0
[2024-06-15 22:49:39] [Action] Show
[2024-06-15 22:50:42] [Action] Add Bot cg
[2024-06-15 22:50:45] [Action] Show
[2024-06-15 22:51:17] [Action] Show
[2024-06-15 22:51:18] [Action] Show
[2024-06-15 22:51:18] [Action] Show
[2024-06-15 22:51:19] [Action] Show
[2024-06-15 22:51:20] [Action] Show
[2024-06-15 22:51:21] [Action] Show
[2024-06-15 22:51:21] [Action] Show
[2024-06-15 22:51:22] [Action] Show
[2024-06-15 22:51:22] [Action] Show
[2024-06-15 22:51:23] [Action] Show
[2024-06-15 22:51:23] [Action] Show
[2024-06-15 22:51:24] [Action] Show
[2024-06-15 22:52:12] [Action] Show
[2024-06-15 22:52:14] [Action] Show
[2024-06-15 22:52:15] [Action] Show
[2024-06-15 22:52:17] [Action] Show
[2024-06-15 22:52:17] [Action] Show
[2024-06-15 22:52:18] [Action] Show
[2024-06-15 22:52:19] [Action] Show
[2024-06-15 22:52:20] [Action] Show
[2024-06-15 22:53:38] [Action] Show
[2024-06-15 22:53:39] [Action] Show
[2024-06-15 22:53:40] [Action] Show
[2024-06-15 22:53:41] [Action] Show
[2024-06-15 22:53:41] [Action] Show
[2024-06-15 22:53:42] [Action] Show
[2024-06-15 22:53:42] [Action] Show
[2024-06-15 22:53:43] [Action] Show
[2024-06-15 22:53:44] [Action] Show
[2024-06-15 22:53:45] [Action] Show
[2024-06-15 22:53:45] [Action] Show
[2024-06-15 22:53:46] [Action] Show
[2024-06-15 22:53:46] [Action] Show
[2024-06-15 22:53:47] [Action] Show
[2024-06-15 22:55:08] [Action] Show
[2024-06-15 22:55:09] [Action] Show
[2024-06-15 22:55:09] [Action] Show
[2024-06-15 22:55:14] [Action] Show
[2024-06-15 22:55:14] [Action] Show
[2024-06-15 22:55:15] [Action] Show
[2024-06-15 22:55:16] [Action] Show
[2024-06-15 22:55:17] [Action] Show
[2024-06-15 22:55:17] [Action] Show
[2024-06-15 22:55:18] [Action] Show
[2024-06-15 22:55:19] [Action] Show
[2024-06-15 22:59:46] [Action] Show
[2024-06-15 22:59:47] [Action] Show
[2024-06-15 22:59:48] [Action] Show
[2024-06-15 22:59:48] [Action] Show
[2024-06-15 22:59:49] [Action] Show
[2024-06-15 22:59:49] [Action] Show
[2024-06-15 22:59:50] [Action] Show
[2024-06-15 23:03:23] [Action] Show
[2024-06-15 23:03:24] [Action] Show
[2024-06-15 23:03:25] [Action] Show
[2024-06-15 23:03:26] [Action] Show
[2024-06-15 23:03:26] [Action] Show
[2024-06-15 23:03:27] [Action] Show
[2024-06-15 23:03:27] [Action] Show
[2024-06-15 23:03:28] [Action] Show
[2024-06-15 23:03:29] [Action] Show
[2024-06-15 23:03:30] [Action] Show
[2024-06-15 23:05:36] [Action] Show
[2024-06-15 23:05:37] [Action] Show
[2024-06-15 23:05:37] [Action] Show
[2024-06-15 23:05:38] [Action] Show
[2024-06-15 23:05:38] [Action] Show
[2024-06-15 23:05:39] [Action] Show
[2024-06-15 23:05:39] [Action] Show
[2024-06-15 23:05:40] [Action] Show
[2024-06-15 23:05:40] [Action] Show
[2024-06-15 23:05:41] [Action] Show
[2024-06-15 23:05:41] [Action] Show
[2024-06-15 23:05:42] [Action] Show
[2024-06-15 23:05:42] [Action] Show
[2024-06-15 23:05:43] [Action] Show
[2024-06-15 23:05:43] [Action] Show
[2024-06-15 23:05:44] [Action] Show
[2024-06-15 23:05:45] [Action] Show
[2024-06-15 23:14:01] [Action] Show
[2024-06-15 23:15:54] [Action] Add Bot mcts_10limit
[2024-06-15 23:16:08] [Action] Show
[2024-06-15 23:16:20] [Action] Remove Bot mcts_10limit
[2024-06-15 23:16:34] [Action] Add Bot mcts_10limit
[2024-06-15 23:16:36] [Action] Show
[2024-06-15 23:16:53] [Action] Show
[2024-06-15 23:16:53] [Action] Show
[2024-06-15 23:16:54] [Action] Show
[2024-06-15 23:16:54] [Action] Show
[2024-06-15 23:16:55] [Action] Show
[2024-06-15 23:16:55] [Action] Show
[2024-06-15 23:16:56] [Action] Show
[2024-06-15 23:16:56] [Action] Show
[2024-06-15 23:16:57] [Action] Show
[2024-06-15 23:16:57] [Action] Show
[2024-06-15 23:16:58] [Action] Show
[2024-06-15 23:17:55] [Action] Show
[2024-06-15 23:19:15] [Action] Show
[2024-06-15 23:21:47] [Action] Show
[2024-06-15 23:21:52] [Action] Show
[2024-06-15 23:21:52] [Action] Show
[2024-06-15 23:21:53] [Action] Show
[2024-06-15 23:21:54] [Action] Show
[2024-06-15 23:21:54] [Action] Show
[2024-06-15 23:21:54] [Action] Show
[2024-06-15 23:21:55] [Action] Show
[2024-06-15 23:21:56] [Action] Show
[2024-06-15 23:21:56] [Action] Show
[2024-06-15 23:21:57] [Action] Show
[2024-06-15 23:21:57] [Action] Show
[2024-06-15 23:21:58] [Action] Show
[2024-06-15 23:21:58] [Action] Show
[2024-06-15 23:21:59] [Action] Show
[2024-06-15 23:21:59] [Action] Show
[2024-06-15 23:22:00] [Action] Show
[2024-06-15 23:22:00] [Action] Show
[2024-06-15 23:22:01] [Action] Show
[2024-06-15 23:27:04] [Action] Show
[2024-06-15 23:27:04] [Action] Show
[2024-06-15 23:30:58] [Action] Show
[2024-06-15 23:30:58] [Action] Show
[2024-06-15 23:30:59] [Action] Show
[2024-06-15 23:30:59] [Action] Show
[2024-06-15 23:31:00] [Action] Show
[2024-06-15 23:31:01] [Action] Show
[2024-06-15 23:31:02] [Action] Show
[2024-06-15 23:31:03] [Action] Show
[2024-06-15 23:31:03] [Action] Show
[2024-06-15 23:31:04] [Action] Show
[2024-06-15 23:31:04] [Action] Show
[2024-06-15 23:31:05] [Action] Show
[2024-06-15 23:31:06] [Action] Show
[2024-06-15 23:31:08] [Action] Show
[2024-06-15 23:31:09] [Action] Show
[2024-06-15 23:31:09] [Action] Show
[2024-06-15 23:31:10] [Action] Show
[2024-06-15 23:31:11] [Action] Show
[2024-06-15 23:31:12] [Action] Show
[2024-06-15 23:31:12] [Action] Show
[2024-06-15 23:31:13] [Action] Show
[2024-06-15 23:31:13] [Action] Show
[2024-06-15 23:31:14] [Action] Show
[2024-06-15 23:31:15] [Action] Show
[2024-06-15 23:31:15] [Action] Show
[2024-06-15 23:31:16] [Action] Show
[2024-06-15 23:34:56] [Action] Show
[2024-06-15 23:35:49] [Action] Show
[2024-06-15 23:36:14] [Action] Add Bot mcts9_0-6
[2024-06-15 23:36:16] [Action] Show
[2024-06-15 23:44:33] [Action] Show
[2024-06-15 23:53:38] [Action] Show
[2024-06-15 23:57:26] [Action] Show
[2024-06-15 23:57:30] [Action] Show
[2024-06-15 23:57:32] [Action] Show
[2024-06-15 23:57:32] [Action] Show
[2024-06-15 23:57:33] [Action] Show
[2024-06-15 23:57:34] [Action] Show
[2024-06-15 23:57:34] [Action] Show
[2024-06-15 23:57:35] [Action] Show
[2024-06-15 23:57:35] [Action] Show
[2024-06-15 23:57:36] [Action] Show
[2024-06-15 23:57:37] [Action] Show
[2024-06-15 23:57:37] [Action] Show
[2024-06-15 23:57:37] [Action] Show
[2024-06-15 23:57:38] [Action] Show
[2024-06-15 23:57:39] [Action] Show
[2024-06-16 00:07:42] [Action] Show
[2024-06-16 00:10:36] [Action] Show
[2024-06-16 00:10:37] [Action] Show
[2024-06-16 00:10:38] [Action] Show
[2024-06-16 00:10:38] [Action] Show
[2024-06-16 00:10:39] [Action] Show
[2024-06-16 00:10:40] [Action] Show
[2024-06-16 00:10:40] [Action] Show
[2024-06-16 00:10:41] [Action] Show
[2024-06-16 00:10:41] [Action] Show
[2024-06-16 00:10:42] [Action] Show
[2024-06-16 00:10:42] [Action] Show
[2024-06-16 00:10:43] [Action] Show
[2024-06-16 00:10:43] [Action] Show
[2024-06-16 00:11:59] [Action] Show
[2024-06-16 00:17:48] [Action] Show
[2024-06-16 00:18:21] [Action] Show
[2024-06-16 00:20:18] [Action] Add Bot mcts9_0-7
[2024-06-16 00:20:22] [Action] Show
[2024-06-16 00:28:31] [Action] Show
[2024-06-16 00:35:53] [Action] Show
[2024-06-16 00:37:39] [Action] Show
[2024-06-16 00:38:19] [Action] Add Bot mcts10_0-6
[2024-06-16 00:38:21] [Action] Show
[2024-06-16 00:43:43] [Action] Show
[2024-06-16 00:43:43] [Action] Show
[2024-06-16 00:43:44] [Action] Show
[2024-06-16 00:43:44] [Action] Show
[2024-06-16 00:43:45] [Action] Show
[2024-06-16 00:43:45] [Action] Show
[2024-06-16 00:43:46] [Action] Show
[2024-06-16 00:43:46] [Action] Show
[2024-06-16 00:43:46] [Action] Show
[2024-06-16 00:43:47] [Action] Show
[2024-06-16 00:43:47] [Action] Show
[2024-06-16 00:43:48] [Action] Show
[2024-06-16 00:43:48] [Action] Show
[2024-06-16 00:43:48] [Action] Show
[2024-06-16 00:43:49] [Action] Show
[2024-06-16 00:43:49] [Action] Show
[2024-06-16 00:43:50] [Action] Show
[2024-06-16 00:43:50] [Action] Show
[2024-06-16 00:43:50] [Action] Show
[2024-06-16 00:43:51] [Action] Show
[2024-06-16 00:49:04] [Action] Show
[2024-06-16 00:50:48] [Action] Show
[2024-06-16 00:50:49] [Action] Show
[2024-06-16 00:50:49] [Action] Show
[2024-06-16 00:50:50] [Action] Show
[2024-06-16 00:50:50] [Action] Show
[2024-06-16 00:50:51] [Action] Show
[2024-06-16 00:50:51] [Action] Show
[2024-06-16 00:50:52] [Action] Show
[2024-06-16 00:56:49] [Action] Show
[2024-06-16 01:02:33] [Action] Show
[2024-06-16 01:02:54] [Action] Add Bot mcts11_0-6
[2024-06-16 01:02:57] [Action] Show
[2024-06-16 01:03:10] [Action] Show
[2024-06-16 01:03:10] [Action] Show
[2024-06-16 01:03:11] [Action] Show
[2024-06-16 01:03:11] [Action] Show
[2024-06-16 01:03:12] [Action] Show
[2024-06-16 01:03:12] [Action] Show
[2024-06-16 01:03:13] [Action] Show
[2024-06-16 01:03:13] [Action] Show
[2024-06-16 01:03:14] [Action] Show
[2024-06-16 01:03:23] [Action] Stop Bot mcts8_0-1
[2024-06-16 01:03:34] [Action] Stop Bot mcts8_0-9
[2024-06-16 01:03:39] [Action] Stop Bot mcts9_0-7
[2024-06-16 01:03:46] [Action] Stop Bot mcts8_1-0
[2024-06-16 01:03:53] [Action] Stop Bot mcts9_0-6
[2024-06-16 01:03:57] [Action] Stop Bot mcts8_0-7
[2024-06-16 01:04:01] [Action] Stop Bot mcts8_0-8
[2024-06-16 01:04:03] [Action] Stop Bot mcts8_0-2
[2024-06-16 01:04:08] [Action] Stop Bot mcts_10limit
[2024-06-16 01:04:12] [Action] Show
[2024-06-16 01:04:20] [Action] Show
[2024-06-16 01:05:10] [Action] Show
[2024-06-16 01:05:11] [Action] Show
[2024-06-16 01:05:11] [Action] Show
[2024-06-16 01:05:12] [Action] Show
[2024-06-16 01:05:12] [Action] Show
[2024-06-16 01:05:13] [Action] Show
[2024-06-16 01:05:13] [Action] Show
[2024-06-16 01:05:14] [Action] Show
[2024-06-16 01:05:14] [Action] Show
[2024-06-16 01:06:08] [Action] Show
[2024-06-16 01:06:08] [Action] Show
[2024-06-16 01:06:09] [Action] Show
[2024-06-16 01:06:09] [Action] Show
[2024-06-16 01:06:10] [Action] Show
[2024-06-16 01:06:10] [Action] Show
[2024-06-16 01:06:11] [Action] Show
[2024-06-16 01:06:11] [Action] Show
[2024-06-16 01:06:12] [Action] Show
[2024-06-16 01:06:12] [Action] Show
[2024-06-16 01:06:13] [Action] Show
[2024-06-16 01:06:13] [Action] Show
[2024-06-16 01:07:13] [Action] Show
[2024-06-16 01:07:14] [Action] Show
[2024-06-16 01:07:15] [Action] Show
[2024-06-16 01:07:16] [Action] Show
[2024-06-16 01:07:16] [Action] Show
[2024-06-16 01:07:17] [Action] Show
[2024-06-16 01:07:17] [Action] Show
[2024-06-16 01:08:18] [Action] Show
[2024-06-16 01:08:20] [Action] Show
[2024-06-16 01:08:21] [Action] Show
[2024-06-16 01:08:21] [Action] Show
[2024-06-16 01:08:22] [Action] Show
[2024-06-16 01:08:22] [Action] Show
[2024-06-16 01:08:23] [Action] Show
[2024-06-16 01:08:23] [Action] Show
[2024-06-16 01:08:24] [Action] Show
[2024-06-16 01:08:25] [Action] Show
[2024-06-16 01:08:25] [Action] Show
[2024-06-16 01:08:26] [Action] Show
[2024-06-16 01:09:29] [Action] Show
[2024-06-16 01:09:32] [Action] Show
[2024-06-16 01:09:34] [Action] Show
[2024-06-16 01:09:35] [Action] Show
[2024-06-16 01:09:36] [Action] Show
[2024-06-16 01:09:36] [Action] Show
[2024-06-16 01:09:37] [Action] Show
[2024-06-16 01:09:38] [Action] Show
[2024-06-16 01:09:38] [Action] Show
[2024-06-16 01:09:40] [Action] Show
[2024-06-16 01:11:50] [Action] Show
[2024-06-16 01:11:51] [Action] Show
[2024-06-16 01:18:12] [Action] Add Bot mcts12
[2024-06-16 01:18:14] [Action] Show
[2024-06-16 01:18:18] [Action] Show
[2024-06-16 01:19:03] [Action] Show
[2024-06-16 01:19:03] [Action] Show
[2024-06-16 01:19:04] [Action] Show
[2024-06-16 01:19:04] [Action] Show
[2024-06-16 01:19:05] [Action] Show
[2024-06-16 01:19:05] [Action] Show
[2024-06-16 01:19:06] [Action] Show
[2024-06-16 01:19:06] [Action] Show
[2024-06-16 01:19:07] [Action] Show
[2024-06-16 01:19:07] [Action] Show
[2024-06-16 01:19:07] [Action] Show
[2024-06-16 01:19:08] [Action] Show
[2024-06-16 01:19:08] [Action] Show
[2024-06-16 01:19:09] [Action] Show
[2024-06-16 01:19:13] [Action] Show
[2024-06-16 01:51:07] [Action] Show
[2024-06-16 01:51:12] [Action] Show
[2024-06-16 02:09:06] [Action] Show
[2024-06-16 02:09:07] [Action] Show
[2024-06-16 22:48:14] [Action] Run
[2024-06-16 22:48:18] [Action] Show
[2024-06-16 22:48:34] [Action] Run
[2024-06-16 22:48:53] [Action] Add Bot cg
[2024-06-16 22:48:55] [Action] Show
[2024-06-16 22:49:49] [Action] Add Bot cg2
[2024-06-16 22:49:51] [Action] Show
[2024-06-16 22:50:09] [Action] Show
[2024-06-16 22:50:42] [Action] Show
[2024-06-16 22:51:15] [Action] Add Bot mcts13
[2024-06-16 22:51:17] [Action] Show
[2024-06-16 22:51:24] [Action] Show
[2024-06-16 22:51:24] [Action] Show
[2024-06-16 22:51:24] [Action] Show
[2024-06-16 22:51:24] [Action] Show
[2024-06-16 22:51:25] [Action] Show
[2024-06-16 22:51:25] [Action] Show
[2024-06-16 22:51:25] [Action] Show
[2024-06-16 22:51:26] [Action] Show
[2024-06-16 22:51:26] [Action] Show
[2024-06-16 22:51:27] [Action] Show
[2024-06-16 22:51:27] [Action] Show
[2024-06-16 22:51:27] [Action] Show
[2024-06-16 22:51:28] [Action] Show
[2024-06-16 22:51:29] [Action] Show
[2024-06-16 22:51:29] [Action] Show
[2024-06-16 22:52:35] [Action] Show
[2024-06-16 22:52:38] [Action] Show
[2024-06-16 22:52:39] [Action] Show
[2024-06-16 22:52:39] [Action] Show
[2024-06-16 22:52:39] [Action] Show
[2024-06-16 22:52:40] [Action] Show
[2024-06-16 22:52:40] [Action] Show
[2024-06-16 22:52:41] [Action] Show
[2024-06-16 22:52:42] [Action] Show
[2024-06-16 22:52:56] [Action] Show
[2024-06-16 22:52:57] [Action] Show
[2024-06-16 22:52:57] [Action] Show
[2024-06-16 22:52:58] [Action] Show
[2024-06-16 22:52:58] [Action] Show
[2024-06-16 22:52:59] [Action] Show
[2024-06-16 22:52:59] [Action] Show
[2024-06-16 22:53:00] [Action] Show
[2024-06-16 22:57:24] [Action] Show
[2024-06-16 22:57:30] [Action] Show
[2024-06-16 22:57:31] [Action] Show
[2024-06-16 22:57:31] [Action] Show
[2024-06-16 22:57:31] [Action] Show
[2024-06-16 22:57:32] [Action] Show
[2024-06-16 22:57:32] [Action] Show
[2024-06-16 22:57:33] [Action] Show
[2024-06-16 22:58:15] [Action] Remove Bot cg2
[2024-06-16 22:58:25] [Action] Run
[2024-06-16 22:59:17] [Action] Add Bot cg
[2024-06-16 22:59:23] [Action] Add Bot cg2
[2024-06-16 22:59:29] [Action] Add Bot mcts12
[2024-06-16 22:59:30] [Action] Show
[2024-06-16 22:59:38] [Action] Show
[2024-06-16 23:00:44] [Action] Show
[2024-06-16 23:00:50] [Action] Show
[2024-06-16 23:04:23] [Action] Show
[2024-06-16 23:11:30] [Action] Show
[2024-06-16 23:20:55] [Action] Show
[2024-06-16 23:20:55] [Action] Show
[2024-06-16 23:20:56] [Action] Show
[2024-06-16 23:20:56] [Action] Show
[2024-06-16 23:20:57] [Action] Show
[2024-06-16 23:20:57] [Action] Show
[2024-06-16 23:20:58] [Action] Show
[2024-06-16 23:20:58] [Action] Show
[2024-06-16 23:20:59] [Action] Show
[2024-06-16 23:20:59] [Action] Show
[2024-06-16 23:21:00] [Action] Show
[2024-06-16 23:21:01] [Action] Show
[2024-06-16 23:32:22] [Action] Add Bot greedy
[2024-06-16 23:32:24] [Action] Show
[2024-06-16 23:49:49] [Action] Show
[2024-06-17 00:35:02] [Action] Show
[2024-06-17 00:36:25] [Action] Show
[2024-06-17 00:38:47] [Action] Show
[2024-06-17 00:38:59] [Action] Add Bot mcts_smart
[2024-06-17 00:39:01] [Action] Show
[2024-06-17 00:39:57] [Action] Show
[2024-06-17 00:39:58] [Action] Show
[2024-06-17 00:39:59] [Action] Show
[2024-06-17 00:39:59] [Action] Show
[2024-06-17 00:40:00] [Action] Show
[2024-06-17 00:40:01] [Action] Show
[2024-06-17 00:40:45] [Action] Show
[2024-06-17 00:43:04] [Action] Show
[2024-06-17 00:43:06] [Action] Show
[2024-06-17 00:43:07] [Action] Show
[2024-06-17 00:43:07] [Action] Show
[2024-06-17 00:43:08] [Action] Show
[2024-06-17 00:43:59] [Action] Show
[2024-06-17 00:43:59] [Action] Show
[2024-06-17 00:44:00] [Action] Show
[2024-06-17 00:44:00] [Action] Show
[2024-06-17 00:44:01] [Action] Show
[2024-06-17 00:44:36] [Action] Show
[2024-06-17 00:44:37] [Action] Show
[2024-06-17 00:44:38] [Action] Show
[2024-06-17 00:44:39] [Action] Show
[2024-06-17 00:44:40] [Action] Show
[2024-06-17 00:44:41] [Action] Show
[2024-06-17 00:44:41] [Action] Show
[2024-06-17 00:44:42] [Action] Show
[2024-06-17 00:44:42] [Action] Show
[2024-06-17 00:44:43] [Action] Show
[2024-06-17 00:44:43] [Action] Show
[2024-06-17 00:44:44] [Action] Show
[2024-06-17 00:44:44] [Action] Show
[2024-06-17 00:44:44] [Action] Show
[2024-06-17 00:44:44] [Action] Show
[2024-06-17 00:44:45] [Action] Show
[2024-06-17 00:44:45] [Action] Show
[2024-06-17 00:44:45] [Action] Show
[2024-06-17 00:44:47] [Action] Show
[2024-06-17 00:49:07] [Action] Show
[2024-06-17 00:49:08] [Action] Show
[2024-06-17 00:49:08] [Action] Show
[2024-06-17 00:49:08] [Action] Show
[2024-06-17 00:49:09] [Action] Show
[2024-06-17 00:49:09] [Action] Show
[2024-06-17 00:49:09] [Action] Show
[2024-06-17 00:49:10] [Action] Show
[2024-06-17 00:49:10] [Action] Show
[2024-06-17 00:49:10] [Action] Show
[2024-06-17 00:49:11] [Action] Show
[2024-06-17 00:49:12] [Action] Show
[2024-06-17 00:49:12] [Action] Show
[2024-06-17 00:49:13] [Action] Show
[2024-06-17 00:49:13] [Action] Show
[2024-06-17 00:49:13] [Action] Show
[2024-06-17 00:49:13] [Action] Show
[2024-06-17 00:49:14] [Action] Show
[2024-06-17 00:49:14] [Action] Show
[2024-06-17 00:49:14] [Action] Show
[2024-06-17 00:49:14] [Action] Show
[2024-06-17 00:49:15] [Action] Show
[2024-06-17 00:49:15] [Action] Show
[2024-06-17 00:49:15] [Action] Show
[2024-06-17 00:49:16] [Action] Show
[2024-06-17 00:49:16] [Action] Show
[2024-06-17 00:49:16] [Action] Show
[2024-06-17 00:49:17] [Action] Show
[2024-06-17 00:49:17] [Action] Show
[2024-06-17 00:49:17] [Action] Show
[2024-06-17 00:49:18] [Action] Show
[2024-06-17 00:50:21] [Action] Add Bot cg3
[2024-06-17 00:50:23] [Action] Show
[2024-06-17 00:50:59] [Action] Show
[2024-06-17 00:51:00] [Action] Show
[2024-06-17 00:51:01] [Action] Show
[2024-06-17 00:51:01] [Action] Show
[2024-06-17 00:51:01] [Action] Show
[2024-06-17 00:51:02] [Action] Show
[2024-06-17 00:51:02] [Action] Show
[2024-06-17 00:51:03] [Action] Show
[2024-06-17 00:51:03] [Action] Show
[2024-06-17 00:51:04] [Action] Show
[2024-06-17 00:51:04] [Action] Show
[2024-06-17 00:51:05] [Action] Show
[2024-06-17 00:51:05] [Action] Show
[2024-06-17 00:51:05] [Action] Show
[2024-06-17 00:51:06] [Action] Show
[2024-06-17 00:51:06] [Action] Show
[2024-06-17 00:51:07] [Action] Show
[2024-06-17 00:51:07] [Action] Show
[2024-06-17 00:51:08] [Action] Show
[2024-06-17 00:51:08] [Action] Show
[2024-06-17 00:51:09] [Action] Show
[2024-06-17 00:51:09] [Action] Show
[2024-06-17 00:51:10] [Action] Show
[2024-06-17 00:51:10] [Action] Show
[2024-06-17 00:51:10] [Action] Show
[2024-06-17 00:51:11] [Action] Show
[2024-06-17 00:51:11] [Action] Show
[2024-06-17 00:51:11] [Action] Show
[2024-06-17 00:51:11] [Action] Show
[2024-06-17 00:51:12] [Action] Show
[2024-06-17 00:51:12] [Action] Show
[2024-06-17 00:51:13] [Action] Show
[2024-06-17 00:51:13] [Action] Show
[2024-06-17 00:51:14] [Action] Show
[2024-06-17 00:51:14] [Action] Show
[2024-06-17 00:51:49] [Action] Add Bot cg4
[2024-06-17 00:54:59] [Action] Show
[2024-06-17 00:55:06] [Action] Add Bot cg5
[2024-06-17 00:55:07] [Action] Show
[2024-06-17 00:56:23] [Action] Show
[2024-06-17 00:57:10] [Action] Show
[2024-06-17 00:57:37] [Action] Show
[2024-06-17 00:58:16] [Action] Show
[2024-06-17 00:58:17] [Action] Show
[2024-06-17 00:58:17] [Action] Show
[2024-06-17 00:58:18] [Action] Show
[2024-06-17 00:58:19] [Action] Show
[2024-06-17 00:59:27] [Action] Add Bot cg6
[2024-06-17 00:59:29] [Action] Show
[2024-06-17 00:59:53] [Action] Show
[2024-06-17 01:05:09] [Action] Show
[2024-06-17 01:05:48] [Action] Show
[2024-06-17 01:15:39] [Action] Show
[2024-06-17 12:50:06] [Action] Show
[2024-06-18 17:58:52] [Action] Show
[2024-06-18 17:59:06] [Action] Run
[2024-06-18 17:59:10] [Action] Show
[2024-06-18 17:59:26] [Action] Add Bot cg7
[2024-06-18 18:13:20] [Action] Add Bot bot_10
[2024-06-18 18:13:25] [Action] Add Bot bot_11
[2024-06-18 18:13:30] [Action] Add Bot bot_12
[2024-06-18 18:13:35] [Action] Add Bot bot_13
[2024-06-18 18:13:38] [Action] Add Bot bot_14
[2024-06-18 18:13:43] [Action] Add Bot bot_15
[2024-06-18 18:13:46] [Action] Add Bot bot_16
[2024-06-18 18:13:50] [Action] Add Bot bot_17
[2024-06-18 18:13:53] [Action] Add Bot bot_18
[2024-06-18 18:13:57] [Action] Add Bot bot_19
[2024-06-18 18:14:00] [Action] Add Bot bot_5
[2024-06-18 18:14:06] [Action] Add Bot bot_6
[2024-06-18 18:14:10] [Action] Add Bot bot_7
[2024-06-18 18:14:15] [Action] Add Bot bot_8
[2024-06-18 18:14:19] [Action] Add Bot bot_9
[2024-06-18 18:14:29] [Action] Run
[2024-06-18 18:18:51] [Action] Show
[2024-06-18 18:19:32] [Action] Show
[2024-06-18 18:19:34] [Action] Show
[2024-06-18 18:19:35] [Action] Show
[2024-06-18 18:19:36] [Action] Show
[2024-06-18 18:19:36] [Action] Show
[2024-06-18 18:19:38] [Action] Show
[2024-06-18 18:19:40] [Action] Show
[2024-06-18 18:22:53] [Action] Show
[2024-06-18 18:24:12] [Action] Add Bot cg20
[2024-06-18 21:55:33] [Action] Show
[2024-06-18 22:07:02] [Action] Show
[2024-06-18 22:07:21] [Action] Stop Bot greedy
[2024-06-18 22:07:25] [Action] Stop Bot mcts_smart
[2024-06-18 22:12:17] [Action] Add Bot bot_10-15
[2024-06-18 22:12:20] [Action] Add Bot bot_10-1
[2024-06-18 22:12:24] [Action] Add Bot bot_10-22
[2024-06-18 22:12:27] [Action] Add Bot bot_10-29
[2024-06-18 22:12:30] [Action] Show
[2024-06-18 22:12:31] [Action] Add Bot bot_10-36
[2024-06-18 22:12:34] [Action] Add Bot bot_10-43
[2024-06-18 22:12:37] [Action] Add Bot bot_10-8
[2024-06-18 22:12:41] [Action] Add Bot bot_1-15
[2024-06-18 22:12:44] [Action] Add Bot bot_1-1
[2024-06-18 22:12:47] [Action] Add Bot bot_1-22
[2024-06-18 22:13:14] [Action] Run
[2024-06-18 22:13:39] [Action] Run
[2024-06-18 22:13:52] [Action] Run
[2024-06-18 22:13:59] [Action] Show
[2024-06-18 22:14:24] [Action] Add Bot cg_last
[2024-06-18 22:14:26] [Action] Show
[2024-06-18 22:14:33] [Action] Add Bot bot_10-15
[2024-06-18 22:14:37] [Action] Add Bot bot_10-1
[2024-06-18 22:14:43] [Action] Add Bot bot_10-22
[2024-06-18 22:14:50] [Action] Add Bot bot_10-29
[2024-06-18 22:14:59] [Action] Add Bot bot_10-36
[2024-06-18 22:15:07] [Action] Add Bot bot_10-43
[2024-06-18 22:15:17] [Action] Add Bot bot_10-8
[2024-06-18 22:15:23] [Action] Add Bot bot_1-15
[2024-06-18 22:15:33] [Action] Add Bot bot_1-1
[2024-06-18 22:15:41] [Action] Add Bot bot_1-22
[2024-06-18 22:15:48] [Action] Add Bot bot_1-29
[2024-06-18 22:15:54] [Action] Add Bot bot_13-15
[2024-06-18 22:16:02] [Action] Add Bot bot_13-1
[2024-06-18 22:16:08] [Action] Add Bot bot_13-22
[2024-06-18 22:16:14] [Action] Add Bot bot_13-29
[2024-06-18 22:16:21] [Action] Add Bot bot_13-36
[2024-06-18 22:16:28] [Action] Add Bot bot_13-43
[2024-06-18 22:16:33] [Action] Add Bot bot_1-36
[2024-06-18 22:16:40] [Action] Add Bot bot_13-8
[2024-06-18 22:16:46] [Action] Add Bot bot_1-43
[2024-06-18 22:16:52] [Action] Add Bot bot_16-15
[2024-06-18 22:16:59] [Action] Add Bot bot_16-1
[2024-06-18 22:17:05] [Action] Add Bot bot_16-22
[2024-06-18 22:17:12] [Action] Add Bot bot_16-29
[2024-06-18 22:17:18] [Action] Add Bot bot_16-36
[2024-06-18 22:17:25] [Action] Add Bot bot_16-43
[2024-06-18 22:17:33] [Action] Add Bot bot_16-8
[2024-06-18 22:17:39] [Action] Add Bot bot_1-8
[2024-06-18 22:17:46] [Action] Add Bot bot_19-15
[2024-06-18 22:17:51] [Action] Add Bot bot_19-1
[2024-06-18 22:17:58] [Action] Add Bot bot_19-22
[2024-06-18 22:18:04] [Action] Add Bot bot_19-29
[2024-06-18 22:18:10] [Action] Add Bot bot_19-36
[2024-06-18 22:18:17] [Action] Add Bot bot_19-43
[2024-06-18 22:18:23] [Action] Add Bot bot_19-8
[2024-06-18 22:18:30] [Action] Add Bot bot_4-15
[2024-06-18 22:18:36] [Action] Add Bot bot_4-1
[2024-06-18 22:18:42] [Action] Add Bot bot_4-22
[2024-06-18 22:18:49] [Action] Add Bot bot_4-29
[2024-06-18 22:18:55] [Action] Add Bot bot_4-36
[2024-06-18 22:19:01] [Action] Add Bot bot_4-43
[2024-06-18 22:19:10] [Action] Add Bot bot_4-8
[2024-06-18 22:19:17] [Action] Add Bot bot_7-15
[2024-06-18 22:19:24] [Action] Add Bot bot_7-1
[2024-06-18 22:19:28] [Action] Add Bot bot_7-22
[2024-06-18 22:19:34] [Action] Add Bot bot_7-29
[2024-06-18 22:19:39] [Action] Add Bot bot_7-36
[2024-06-18 22:19:44] [Action] Add Bot bot_7-43
[2024-06-18 22:19:49] [Action] Add Bot bot_7-8
[2024-06-18 22:20:44] [Action] Show
[2024-06-18 22:21:14] [Action] Run
[2024-06-18 22:22:44] [Action] Show
[2024-06-18 22:22:58] [Action] Show
[2024-06-18 22:24:23] [Action] Show
[2024-06-18 22:27:30] [Action] Show
[2024-06-18 22:31:39] [Action] Show
[2024-06-18 22:32:13] [Action] Show
[2024-06-18 22:34:10] [Action] Show
[2024-06-18 22:34:40] [Action] Show
[2024-06-18 22:35:00] [Action] Run
[2024-06-18 22:44:45] [Action] Show
[2024-06-18 22:53:08] [Action] Show
[2024-06-18 22:53:54] [Action] Run
[2024-06-18 22:54:09] [Action] Show
[2024-06-18 22:55:05] [Action] Show
[2024-06-18 22:55:43] [Action] Show
[2024-06-18 22:56:50] [Action] Show
[2024-06-18 22:57:11] [Action] Show
[2024-06-19 00:28:47] [Action] Show
[2024-06-19 00:29:17] [Action] Stop Bot bot_19-43
[2024-06-19 00:29:22] [Action] Stop Bot bot_7-43
[2024-06-19 00:29:28] [Action] Stop Bot bot_4-36
[2024-06-19 00:29:33] [Action] Stop Bot bot_13-43
[2024-06-19 00:29:37] [Action] Stop Bot bot_19-36
[2024-06-19 00:29:45] [Action] Stop Bot bot_16-43
[2024-06-19 00:29:49] [Action] Stop Bot bot_16-36
[2024-06-19 00:29:53] [Action] Stop Bot bot_4-43
[2024-06-19 00:29:57] [Action] Stop Bot bot_1-43
[2024-06-19 00:30:01] [Action] Stop Bot bot_10-36
[2024-06-19 00:30:05] [Action] Stop Bot bot_10-36
[2024-06-19 00:30:10] [Action] Stop Bot bot_7-36
[2024-06-19 00:30:14] [Action] Stop Bot bot_13-29
[2024-06-19 00:30:18] [Action] Stop Bot bot_10-43
[2024-06-19 00:30:22] [Action] Stop Bot bot_13-36
[2024-06-19 00:30:27] [Action] Stop Bot bot_19-29
[2024-06-19 00:30:31] [Action] Stop Bot bot_1-36
[2024-06-19 00:30:35] [Action] Stop Bot bot_7-29
[2024-06-19 00:30:39] [Action] Stop Bot bot_10-29
[2024-06-19 00:30:43] [Action] Stop Bot bot_16-29
[2024-06-19 00:30:49] [Action] Stop Bot bot_1-29
[2024-06-19 00:30:51] [Action] Show
[2024-06-19 00:30:55] [Action] Show
[2024-06-19 00:31:03] [Action] Show
[2024-06-19 00:31:19] [Action] Stop Bot bot_4-29
[2024-06-19 00:31:24] [Action] Stop Bot bot_19-22
[2024-06-19 00:31:27] [Action] Stop Bot bot_19-22
[2024-06-19 00:31:31] [Action] Stop Bot bot_13-22
[2024-06-19 00:31:35] [Action] Stop Bot bot_16-22
[2024-06-19 00:31:39] [Action] Stop Bot bot_10-22
[2024-06-19 00:31:42] [Action] Stop Bot bot_7-22
[2024-06-19 00:31:45] [Action] Stop Bot bot_4-22
[2024-06-19 00:31:48] [Action] Stop Bot bot_1-22
[2024-06-19 00:31:51] [Action] Stop Bot bot_10-15
[2024-06-19 00:31:55] [Action] Stop Bot bot_7-15
[2024-06-19 00:31:58] [Action] Stop Bot bot_19-15
[2024-06-19 00:32:02] [Action] Stop Bot bot_13-15
[2024-06-19 00:32:05] [Action] Stop Bot bot_16-15
[2024-06-19 00:32:09] [Action] Stop Bot bot_4-15
[2024-06-19 00:32:11] [Action] Show
[2024-06-19 00:33:25] [Action] Show
[2024-06-19 00:33:28] [Action] Show
[2024-06-19 00:35:37] [Action] Show
[2024-06-19 00:38:15] [Action] Show
[2024-06-19 11:56:38] [Action] Run
[2024-06-19 11:56:48] [Action] Show
[2024-06-19 11:56:52] [Action] Show
[2024-06-19 11:58:11] [Action] Show
[2024-06-19 11:58:12] [Action] Show
[2024-06-19 11:58:13] [Action] Show
[2024-06-19 11:58:13] [Action] Show
[2024-06-19 11:58:14] [Action] Show
[2024-06-19 11:58:14] [Action] Show
[2024-06-19 11:58:15] [Action] Show
[2024-06-19 11:58:15] [Action] Show
[2024-06-19 11:58:16] [Action] Show
[2024-06-19 11:58:16] [Action] Show
[2024-06-19 11:58:16] [Action] Show
[2024-06-19 11:58:17] [Action] Show
[2024-06-19 12:02:04] [Action] Show
[2024-06-19 12:19:25] [Action] Show
[2024-06-19 18:19:56] [Action] Run
[2024-06-19 18:20:06] [Action] Show
[2024-06-19 18:20:10] [Action] Show
[2024-06-19 18:20:29] [Action] Add Bot brain_damage
[2024-06-19 18:20:49] [Action] Show
[2024-06-19 18:23:21] [Action] Show
[2024-06-19 18:27:58] [Action] Show
[2024-06-19 18:27:59] [Action] Show
[2024-06-19 18:28:00] [Action] Show
[2024-06-19 18:28:00] [Action] Show
[2024-06-19 18:28:01] [Action] Show
[2024-06-19 18:28:01] [Action] Show
[2024-06-19 18:28:02] [Action] Show
[2024-06-19 18:28:03] [Action] Show
[2024-06-19 18:28:03] [Action] Show
[2024-06-19 18:28:04] [Action] Show
[2024-06-19 18:28:04] [Action] Show
[2024-06-19 18:28:05] [Action] Show
[2024-06-19 18:28:05] [Action] Show
[2024-06-19 18:28:06] [Action] Show
[2024-06-19 18:28:06] [Action] Show
[2024-06-19 18:28:07] [Action] Show
[2024-06-19 18:28:07] [Action] Show
[2024-06-19 18:28:08] [Action] Show
[2024-06-19 18:28:27] [Action] Show
[2024-06-19 18:40:52] [Action] Show
[2024-06-19 18:41:24] [Action] Add Bot brain_damage2
[2024-06-19 18:41:29] [Action] Show
[2024-06-19 18:41:32] [Action] Show
[2024-06-19 18:41:54] [Action] Show
[2024-06-19 18:41:56] [Action] Show
[2024-06-19 18:41:57] [Action] Show
[2024-06-19 18:46:30] [Action] Show
[2024-06-19 18:46:40] [Action] Show
[2024-06-19 18:46:45] [Action] Show
[2024-06-19 18:46:47] [Action] Show
[2024-06-19 18:46:48] [Action] Show
[2024-06-19 18:46:49] [Action] Show
[2024-06-19 18:46:49] [Action] Show
[2024-06-19 18:46:50] [Action] Show
[2024-06-19 18:46:51] [Action] Show
[2024-06-19 18:46:51] [Action] Show
[2024-06-19 18:46:52] [Action] Show
[2024-06-19 18:46:52] [Action] Show
[2024-06-19 18:46:53] [Action] Show
[2024-06-19 18:46:53] [Action] Show
[2024-06-19 18:46:54] [Action] Show
[2024-06-19 18:46:54] [Action] Show
[2024-06-19 18:46:55] [Action] Show
[2024-06-19 18:46:55] [Action] Show
[2024-06-19 18:46:56] [Action] Show
[2024-06-19 18:47:36] [Action] Show
[2024-06-19 18:53:02] [Action] Show
[2024-06-19 19:03:28] [Action] Add Bot bd3
[2024-06-19 19:03:30] [Action] Run
[2024-06-19 19:03:38] [Action] Show
[2024-06-19 19:03:41] [Action] Show
[2024-06-19 19:04:40] [Action] Show
[2024-06-19 19:06:31] [Action] Show
[2024-06-19 19:26:15] [Action] Show
[2024-06-19 19:32:10] [Action] Show
[2024-06-19 19:36:44] [Action] Run
[2024-06-19 19:36:49] [Action] Show
[2024-06-19 19:37:09] [Action] Add Bot bd4
[2024-06-19 19:39:05] [Action] Show
[2024-06-19 19:39:17] [Action] Run
[2024-06-19 19:41:07] [Action] Show
[2024-06-19 20:03:13] [Action] Add Bot bd5
[2024-06-19 20:03:15] [Action] Run
[2024-06-19 20:03:22] [Action] Show
[2024-06-19 20:04:02] [Action] Add Bot bd6
[2024-06-19 20:08:25] [Action] Add Bot bd8
[2024-06-19 20:08:28] [Action] Show
[2024-06-19 20:08:34] [Action] Run
[2024-06-19 20:08:50] [Action] Show
[2024-06-19 20:09:19] [Action] Show
[2024-06-19 20:09:22] [Action] Show
[2024-06-19 20:09:25] [Action] Show
[2024-06-19 20:15:10] [Action] Show
[2024-06-19 20:20:10] [Action] Add Bot bd9
[2024-06-19 20:20:13] [Action] Show
[2024-06-19 20:20:17] [Action] Show
[2024-06-19 20:21:10] [Action] Show
[2024-06-19 20:21:45] [Action] Remove Bot bd9
[2024-06-19 20:22:06] [Action] Add Bot bd9
[2024-06-19 20:22:55] [Action] Show
[2024-06-19 20:23:10] [Action] Show
[2024-06-19 20:23:11] [Action] Show
[2024-06-19 20:23:12] [Action] Show
[2024-06-19 20:23:13] [Action] Show
[2024-06-19 20:23:15] [Action] Show
[2024-06-19 20:26:30] [Action] Show
[2024-06-19 20:26:44] [Action] Show
[2024-06-19 20:27:29] [Action] Show
[2024-06-19 20:27:37] [Action] Run
[2024-06-19 20:35:14] [Action] Show
[2024-06-19 20:35:18] [Action] Show
[2024-06-19 20:35:44] [Action] Stop Bot bot_19-43
[2024-06-19 20:35:53] [Action] Stop Bot bot_7-43
[2024-06-19 20:35:58] [Action] Stop Bot bot_16-43
[2024-06-19 20:36:02] [Action] Stop Bot bot_19-36
[2024-06-19 20:36:06] [Action] Stop Bot bot_4-36
[2024-06-19 20:36:09] [Action] Stop Bot bot_13-43
[2024-06-19 20:36:15] [Action] Stop Bot bot_4-43
[2024-06-19 20:36:18] [Action] Stop Bot bot_16-36
[2024-06-19 20:36:22] [Action] Stop Bot bot_1-43
[2024-06-19 20:36:25] [Action] Stop Bot bot_10-36
[2024-06-19 20:36:28] [Action] Stop Bot bot_7-36
[2024-06-19 20:36:31] [Action] Stop Bot bot_13-36
[2024-06-19 20:36:35] [Action] Stop Bot bot_10-43
[2024-06-19 20:36:40] [Action] Stop Bot bot_13-29
[2024-06-19 20:36:46] [Action] Stop Bot bot_19-29
[2024-06-19 20:36:50] [Action] Stop Bot bot_1-36
[2024-06-19 20:36:54] [Action] Stop Bot bot_7-29
[2024-06-19 20:36:58] [Action] Stop Bot bot_16-29
[2024-06-19 20:37:03] [Action] Stop Bot bot_10-29
[2024-06-19 20:37:07] [Action] Show
[2024-06-19 20:37:23] [Action] Stop Bot bot_4-29
[2024-06-19 20:37:26] [Action] Stop Bot bot_1-29
[2024-06-19 20:37:31] [Action] Stop Bot bot_19-22
[2024-06-19 20:37:35] [Action] Stop Bot bot_13-22
[2024-06-19 20:37:39] [Action] Stop Bot bot_16-22
[2024-06-19 20:37:42] [Action] Stop Bot bot_7-22
[2024-06-19 20:37:46] [Action] Stop Bot bot_10-22
[2024-06-19 20:37:52] [Action] Stop Bot bot_4-22
[2024-06-19 20:37:56] [Action] Stop Bot bot_1-22
[2024-06-19 20:37:58] [Action] Show
[2024-06-19 20:41:05] [Action] Show
[2024-06-19 20:42:53] [Action] Show
[2024-06-19 20:46:09] [Action] Show
[2024-06-19 20:49:48] [Action] Show
[2024-06-19 20:55:49] [Action] Show
[2024-06-19 20:59:31] [Action] Show
[2024-06-19 21:01:06] [Action] Show
[2024-06-19 21:05:36] [Action] Show
[2024-06-19 21:05:40] [Action] Run
[2024-06-19 21:08:32] [Action] Run
[2024-06-20 15:19:59] [Action] Run
[2024-06-20 15:22:13] [Action] Show
[2024-06-20 15:22:16] [Action] Show
[2024-06-20 15:22:42] [Action] Add Bot 1
[2024-06-20 15:23:09] [Action] Add Bot 2
[2024-06-20 15:23:42] [Action] Add Bot 3
[2024-06-20 15:23:46] [Action] Show
[2024-06-20 15:32:54] [Action] Show
[2024-06-20 15:32:56] [Action] Show
[2024-06-20 15:33:36] [Action] Add Bot coef_bot_1-20-40-50
[2024-06-20 15:33:42] [Action] Add Bot coef_bot_1-50-1-50
[2024-06-20 15:33:46] [Action] Add Bot coef_bot_1-50-20-50
[2024-06-20 15:33:50] [Action] Add Bot coef_bot_1-50-40-20
[2024-06-20 15:33:54] [Action] Add Bot coef_bot_1-50-40-50
[2024-06-20 15:33:59] [Action] Add Bot coef_bot_20-1-40-50
[2024-06-20 15:34:03] [Action] Add Bot coef_bot_20-20-20-50
[2024-06-20 15:34:07] [Action] Add Bot coef_bot_20-20-40-20
[2024-06-20 15:34:11] [Action] Add Bot coef_bot_20-20-40-50
[2024-06-20 15:34:16] [Action] Add Bot coef_bot_20-50-1-50
[2024-06-20 15:34:20] [Action] Add Bot coef_bot_20-50-20-20
[2024-06-20 15:34:24] [Action] Add Bot coef_bot_20-50-20-50
[2024-06-20 15:34:29] [Action] Add Bot coef_bot_20-50-40-1
[2024-06-20 15:34:33] [Action] Add Bot coef_bot_20-50-40-20
[2024-06-20 15:34:37] [Action] Add Bot coef_bot_20-50-40-50
[2024-06-20 15:34:41] [Action] Add Bot coef_bot_50-1-1-50
[2024-06-20 15:34:45] [Action] Add Bot coef_bot_50-1-20-50
[2024-06-20 15:34:50] [Action] Add Bot coef_bot_50-1-40-20
[2024-06-20 15:34:54] [Action] Add Bot coef_bot_50-1-40-50
[2024-06-20 15:34:59] [Action] Add Bot coef_bot_50-20-1-50
[2024-06-20 15:35:04] [Action] Add Bot coef_bot_50-20-20-20
[2024-06-20 15:35:05] [Action] Run
[2024-06-20 15:35:11] [Action] Add Bot coef_bot_50-20-20-50
[2024-06-20 15:35:16] [Action] Add Bot coef_bot_50-20-40-1
[2024-06-20 15:35:20] [Action] Add Bot coef_bot_50-20-40-20
[2024-06-20 15:35:20] [Action] Run
[2024-06-20 15:35:25] [Action] Add Bot coef_bot_50-20-40-50
[2024-06-20 15:35:28] [Action] Add Bot coef_bot_50-50-1-1
[2024-06-20 15:35:32] [Action] Add Bot coef_bot_50-50-1-20
[2024-06-20 15:35:35] [Action] Add Bot coef_bot_50-50-1-50
[2024-06-20 15:35:38] [Action] Add Bot coef_bot_50-50-20-1
[2024-06-20 15:35:41] [Action] Add Bot coef_bot_50-50-20-20
[2024-06-20 15:35:45] [Action] Add Bot coef_bot_50-50-20-50
[2024-06-20 15:35:48] [Action] Add Bot coef_bot_50-50-40-1
[2024-06-20 15:35:51] [Action] Add Bot coef_bot_50-50-40-20
[2024-06-20 15:35:54] [Action] Add Bot coef_bot_50-50-40-50
[2024-06-20 15:36:44] [Action] Run
[2024-06-20 15:36:50] [Action] Show
[2024-06-20 15:36:54] [Action] Show
[2024-06-20 15:39:07] [Action] Show
[2024-06-20 15:41:23] [Action] Stop Bot bot_19-15
[2024-06-20 15:41:23] [Action] Stop Bot bot_10-15
[2024-06-20 15:41:23] [Action] Stop Bot bot_7-15
[2024-06-20 15:41:24] [Action] Stop Bot bot_13-15
[2024-06-20 15:41:24] [Action] Stop Bot bot_16-15
[2024-06-20 15:41:24] [Action] Stop Bot bot_4-15
[2024-06-20 15:41:24] [Action] Stop Bot bot_1-15
[2024-06-20 15:41:24] [Action] Stop Bot bot_19-8
[2024-06-20 15:41:24] [Action] Stop Bot bot_16-8
[2024-06-20 15:41:25] [Action] Stop Bot bot_13-8
[2024-06-20 15:41:25] [Action] Stop Bot bot_10-8
[2024-06-20 15:41:25] [Action] Stop Bot bot_7-8
[2024-06-20 15:41:25] [Action] Stop Bot bot_4-8
[2024-06-20 15:41:39] [Action] Show
[2024-06-20 15:54:59] [Action] Run
[2024-06-20 15:55:08] [Action] Show
[2024-06-20 15:55:30] [Action] Show
[2024-06-20 15:55:31] [Action] Show
[2024-06-20 15:55:32] [Action] Show
[2024-06-20 15:55:33] [Action] Show
[2024-06-20 15:55:33] [Action] Show
[2024-06-20 15:55:34] [Action] Show
[2024-06-20 15:55:34] [Action] Show
[2024-06-20 15:55:35] [Action] Show
[2024-06-20 15:55:35] [Action] Show
[2024-06-20 15:55:36] [Action] Show
[2024-06-20 15:55:36] [Action] Show
[2024-06-20 15:55:37] [Action] Show
[2024-06-20 15:55:38] [Action] Show
[2024-06-20 15:55:38] [Action] Show
[2024-06-20 15:55:39] [Action] Show
[2024-06-20 15:55:39] [Action] Show
[2024-06-20 15:55:40] [Action] Show
[2024-06-20 15:55:40] [Action] Show
[2024-06-20 15:55:41] [Action] Show
[2024-06-20 15:56:02] [Action] Show
[2024-06-20 15:56:21] [Action] Show
[2024-06-20 16:17:40] [Action] Show
[2024-06-20 16:19:51] [Action] Show
[2024-06-20 17:31:56] [Action] Show
[2024-06-20 17:34:36] [Action] Show
[2024-06-20 17:35:40] [Action] Show
[2024-06-20 17:40:06] [Action] Show
[2024-06-20 17:43:26] [Action] Stop Bot coef_bot_50-20-40-1
[2024-06-20 17:43:26] [Action] Stop Bot coef_bot_50-50-20-20
[2024-06-20 17:43:26] [Action] Stop Bot bot_4-22
[2024-06-20 17:43:26] [Action] Stop Bot coef_bot_20-50-40-1
[2024-06-20 17:43:26] [Action] Stop Bot bot_10-22
[2024-06-20 17:43:27] [Action] Stop Bot bot_7-22
[2024-06-20 17:43:27] [Action] Stop Bot coef_bot_50-1-40-20
[2024-06-20 17:43:27] [Action] Stop Bot bot_16-22
[2024-06-20 17:43:27] [Action] Stop Bot coef_bot_1-50-40-20
[2024-06-20 17:43:27] [Action] Stop Bot coef_bot_50-20-40-20
[2024-06-20 17:43:27] [Action] Stop Bot coef_bot_20-20-40-20
[2024-06-20 17:43:27] [Action] Stop Bot bot_13-22
[2024-06-20 17:43:28] [Action] Stop Bot coef_bot_50-50-40-20
[2024-06-20 17:43:28] [Action] Stop Bot bot_19-22
[2024-06-20 17:43:28] [Action] Stop Bot coef_bot_20-50-40-20
[2024-06-20 17:43:28] [Action] Stop Bot bot_4-29
[2024-06-20 17:43:28] [Action] Stop Bot bot_1-29
[2024-06-20 17:43:28] [Action] Stop Bot coef_bot_50-1-1-50
[2024-06-20 17:43:28] [Action] Stop Bot coef_bot_20-50-1-50
[2024-06-20 17:43:29] [Action] Stop Bot bot_16-29
[2024-06-20 17:43:29] [Action] Stop Bot coef_bot_50-20-1-50
[2024-06-20 17:43:29] [Action] Stop Bot bot_10-29
[2024-06-20 17:43:29] [Action] Stop Bot bot_7-29
[2024-06-20 17:43:29] [Action] Stop Bot coef_bot_20-50-20-50
[2024-06-20 17:43:29] [Action] Stop Bot coef_bot_20-50-40-50
[2024-06-20 17:43:29] [Action] Stop Bot coef_bot_1-50-1-50
[2024-06-20 17:43:30] [Action] Stop Bot bot_1-36
[2024-06-20 17:43:30] [Action] Stop Bot coef_bot_20-20-20-50
[2024-06-20 17:43:30] [Action] Stop Bot bot_19-29
[2024-06-20 17:43:30] [Action] Stop Bot coef_bot_20-1-40-50
[2024-06-20 17:43:30] [Action] Stop Bot coef_bot_50-1-40-50
[2024-06-20 17:43:31] [Action] Stop Bot coef_bot_50-20-20-50
[2024-06-20 17:43:31] [Action] Stop Bot coef_bot_50-1-20-50
[2024-06-20 17:43:31] [Action] Stop Bot bot_13-29
[2024-06-20 17:43:31] [Action] Stop Bot coef_bot_1-50-20-50
[2024-06-20 17:43:31] [Action] Stop Bot bot_10-43
[2024-06-20 17:43:31] [Action] Stop Bot coef_bot_50-50-1-50
[2024-06-20 17:43:32] [Action] Stop Bot coef_bot_50-20-40-50
[2024-06-20 17:43:32] [Action] Stop Bot bot_13-36
[2024-06-20 17:43:32] [Action] Stop Bot coef_bot_1-50-40-50
[2024-06-20 17:43:32] [Action] Stop Bot bot_10-36
[2024-06-20 17:43:32] [Action] Stop Bot bot_7-36
[2024-06-20 17:43:32] [Action] Stop Bot coef_bot_20-20-40-50
[2024-06-20 17:43:32] [Action] Stop Bot coef_bot_50-50-40-50
[2024-06-20 17:43:33] [Action] Stop Bot coef_bot_50-50-20-50
[2024-06-20 17:43:33] [Action] Stop Bot bot_1-43
[2024-06-20 17:43:33] [Action] Stop Bot bot_13-43
[2024-06-20 17:43:33] [Action] Stop Bot bot_16-36
[2024-06-20 17:43:33] [Action] Stop Bot bot_4-43
[2024-06-20 17:43:33] [Action] Stop Bot bot_4-36
[2024-06-20 17:43:34] [Action] Stop Bot bot_19-36
[2024-06-20 17:43:34] [Action] Stop Bot bot_16-43
[2024-06-20 17:43:34] [Action] Stop Bot coef_bot_1-20-40-50
[2024-06-20 17:43:34] [Action] Stop Bot bot_7-43
[2024-06-20 17:43:34] [Action] Stop Bot bot_19-43
[2024-06-20 17:43:40] [Action] Show
[2024-06-20 17:48:25] [Action] Show
[2024-06-20 17:48:27] [Action] Show
[2024-06-20 17:48:50] [Action] Show
[2024-06-20 17:52:56] [Action] Add Bot coef_bot_30-20-40-16
[2024-06-20 17:53:00] [Action] Add Bot coef_bot_30-30-40-16
[2024-06-20 17:53:04] [Action] Add Bot coef_bot_30-30-40-1
[2024-06-20 17:53:07] [Action] Add Bot coef_bot_30-30-40-4
[2024-06-20 17:53:11] [Action] Add Bot coef_bot_50-10-40-16
[2024-06-20 17:53:14] [Action] Add Bot coef_bot_50-10-40-1
[2024-06-20 17:53:17] [Action] Add Bot coef_bot_50-10-40-4
[2024-06-20 17:53:20] [Action] Add Bot coef_bot_50-20-20-16
[2024-06-20 17:53:23] [Action] Add Bot coef_bot_50-20-40-16
[2024-06-20 17:53:27] [Action] Add Bot coef_bot_50-20-40-4
[2024-06-20 17:53:30] [Action] Add Bot coef_bot_50-30-20-16
[2024-06-20 17:53:33] [Action] Add Bot coef_bot_50-30-20-1
[2024-06-20 17:53:36] [Action] Add Bot coef_bot_50-30-20-4
[2024-06-20 17:53:39] [Action] Add Bot coef_bot_50-30-40-16
[2024-06-20 17:53:43] [Action] Add Bot coef_bot_50-30-40-1
[2024-06-20 17:53:46] [Action] Add Bot coef_bot_50-30-40-4
[2024-06-20 17:53:49] [Action] Add Bot coef_bot_50-30-5-16
[2024-06-20 17:53:52] [Action] Add Bot coef_bot_50-7-40-16
[2024-06-20 17:53:55] [Action] Add Bot coef_bot_50-7-40-4
[2024-06-20 17:53:59] [Action] Add Bot coef_bot_70-10-20-16
[2024-06-20 17:54:02] [Action] Add Bot coef_bot_70-10-20-1
[2024-06-20 17:54:05] [Action] Add Bot coef_bot_70-10-20-4
[2024-06-20 17:54:08] [Action] Add Bot coef_bot_70-10-40-16
[2024-06-20 17:54:11] [Action] Add Bot coef_bot_70-10-40-1
[2024-06-20 17:54:14] [Action] Add Bot coef_bot_70-10-40-4
[2024-06-20 17:54:18] [Action] Add Bot coef_bot_70-10-5-16
[2024-06-20 17:54:21] [Action] Add Bot coef_bot_70-20-1-16
[2024-06-20 17:54:24] [Action] Add Bot coef_bot_70-20-20-16
[2024-06-20 17:54:27] [Action] Add Bot coef_bot_70-20-20-1
[2024-06-20 17:54:31] [Action] Add Bot coef_bot_70-20-20-4
[2024-06-20 17:54:34] [Action] Add Bot coef_bot_70-20-40-16
[2024-06-20 17:54:37] [Action] Add Bot coef_bot_70-20-40-1
[2024-06-20 17:54:40] [Action] Add Bot coef_bot_70-20-40-4
[2024-06-20 17:54:43] [Action] Add Bot coef_bot_70-20-5-16
[2024-06-20 17:54:46] [Action] Add Bot coef_bot_70-30-1-16
[2024-06-20 17:54:49] [Action] Add Bot coef_bot_70-30-1-1
[2024-06-20 17:54:53] [Action] Add Bot coef_bot_70-30-1-4
[2024-06-20 17:54:56] [Action] Add Bot coef_bot_70-30-20-16
[2024-06-20 17:54:59] [Action] Add Bot coef_bot_70-30-20-1
[2024-06-20 17:55:02] [Action] Add Bot coef_bot_70-30-20-4
[2024-06-20 17:55:05] [Action] Add Bot coef_bot_70-30-40-16
[2024-06-20 17:55:08] [Action] Add Bot coef_bot_70-30-40-1
[2024-06-20 17:55:12] [Action] Add Bot coef_bot_70-30-40-4
[2024-06-20 17:55:15] [Action] Add Bot coef_bot_70-30-5-16
[2024-06-20 17:55:18] [Action] Add Bot coef_bot_70-30-5-1
[2024-06-20 17:55:21] [Action] Add Bot coef_bot_70-30-5-4
[2024-06-20 17:55:24] [Action] Add Bot coef_bot_70-7-20-16
[2024-06-20 17:55:28] [Action] Add Bot coef_bot_70-7-20-4
[2024-06-20 17:55:31] [Action] Add Bot coef_bot_70-7-40-16
[2024-06-20 17:55:34] [Action] Add Bot coef_bot_70-7-40-1
[2024-06-20 17:55:37] [Action] Add Bot coef_bot_70-7-40-4
[2024-06-20 17:57:28] [Action] Run
[2024-06-20 17:57:39] [Action] Show
[2024-06-20 18:00:16] [Action] Show
[2024-06-20 18:03:38] [Action] Show
[2024-06-20 18:05:25] [Action] Show
[2024-06-20 18:06:27] [Action] Run
[2024-06-20 18:46:18] [Action] Show
[2024-06-20 19:13:36] [Action] Run
[2024-06-20 19:13:39] [Action] Show
[2024-06-20 19:17:30] [Action] Add Bot old1
[2024-06-20 19:17:45] [Action] Add Bot old2
[2024-06-20 19:18:00] [Action] Add Bot old3
[2024-06-20 19:18:15] [Action] Add Bot old0
[2024-06-20 19:18:19] [Action] Show
[2024-06-20 19:19:22] [Action] Show
[2024-06-20 19:24:01] [Action] Add Bot mcts_log
[2024-06-20 19:24:16] [Action] Add Bot brain_log
[2024-06-20 19:24:21] [Action] Show
[2024-06-20 19:27:23] [Action] Show
[2024-06-20 19:28:57] [Action] Show
[2024-06-20 19:31:44] [Action] Stop Bot coef_bot_70-10-20-1
[2024-06-20 19:31:44] [Action] Stop Bot coef_bot_50-50-20-1
[2024-06-20 19:31:45] [Action] Stop Bot coef_bot_50-30-20-4
[2024-06-20 19:31:45] [Action] Stop Bot coef_bot_70-30-20-4
[2024-06-20 19:31:45] [Action] Stop Bot coef_bot_70-20-20-4
[2024-06-20 19:31:45] [Action] Stop Bot coef_bot_70-30-20-1
[2024-06-20 19:31:45] [Action] Stop Bot coef_bot_70-20-1-16
[2024-06-20 19:31:45] [Action] Stop Bot coef_bot_70-20-20-1
[2024-06-20 19:31:45] [Action] Stop Bot coef_bot_70-10-20-4
[2024-06-20 19:31:46] [Action] Stop Bot coef_bot_70-20-5-16
[2024-06-20 19:31:46] [Action] Stop Bot coef_bot_70-10-5-16
[2024-06-20 19:31:46] [Action] Stop Bot coef_bot_50-30-5-16
[2024-06-20 19:31:46] [Action] Stop Bot coef_bot_50-30-20-1
[2024-06-20 19:31:46] [Action] Stop Bot coef_bot_70-7-20-4
[2024-06-20 19:31:46] [Action] Stop Bot coef_bot_50-50-1-20
[2024-06-20 19:31:46] [Action] Stop Bot coef_bot_70-30-1-16
[2024-06-20 19:31:46] [Action] Stop Bot coef_bot_70-30-5-16
[2024-06-20 19:31:47] [Action] Stop Bot coef_bot_70-30-1-16
[2024-06-20 19:31:47] [Action] Stop Bot coef_bot_50-20-20-20
[2024-06-20 19:31:47] [Action] Stop Bot coef_bot_20-50-20-20
[2024-06-20 19:31:47] [Action] Stop Bot coef_bot_50-20-20-16
[2024-06-20 19:31:47] [Action] Stop Bot coef_bot_50-50-40-1
[2024-06-20 19:31:47] [Action] Stop Bot coef_bot_70-30-20-16
[2024-06-20 19:31:47] [Action] Stop Bot coef_bot_50-7-40-4
[2024-06-20 19:31:47] [Action] Stop Bot coef_bot_50-30-20-16
[2024-06-20 19:31:48] [Action] Stop Bot coef_bot_70-20-20-16
[2024-06-20 19:31:48] [Action] Stop Bot coef_bot_70-30-40-4
[2024-06-20 19:31:48] [Action] Stop Bot coef_bot_70-7-20-16
[2024-06-20 19:31:48] [Action] Stop Bot coef_bot_50-20-40-4
[2024-06-20 19:31:48] [Action] Stop Bot coef_bot_70-20-40-4
[2024-06-20 19:31:48] [Action] Stop Bot coef_bot_70-10-20-16
[2024-06-20 19:31:49] [Action] Stop Bot coef_bot_70-7-40-4
[2024-06-20 19:31:49] [Action] Stop Bot coef_bot_70-20-40-16
[2024-06-20 19:31:49] [Action] Stop Bot coef_bot_70-30-40-1
[2024-06-20 19:31:49] [Action] Stop Bot coef_bot_70-30-40-16
[2024-06-20 19:31:49] [Action] Stop Bot coef_bot_50-10-40-1
[2024-06-20 19:31:49] [Action] Stop Bot coef_bot_70-20-40-1
[2024-06-20 19:31:49] [Action] Stop Bot coef_bot_70-10-40-4
[2024-06-20 19:31:49] [Action] Stop Bot coef_bot_30-30-40-4
[2024-06-20 19:31:50] [Action] Stop Bot coef_bot_50-30-40-16
[2024-06-20 19:31:50] [Action] Stop Bot coef_bot_50-10-40-4
[2024-06-20 19:31:50] [Action] Stop Bot coef_bot_70-10-40-1
[2024-06-20 19:31:50] [Action] Stop Bot coef_bot_30-30-40-1
[2024-06-20 19:31:50] [Action] Stop Bot coef_bot_30-30-40-16
[2024-06-20 19:31:50] [Action] Stop Bot coef_bot_50-20-40-16
[2024-06-20 19:31:50] [Action] Stop Bot coef_bot_50-7-40-16
[2024-06-20 19:31:50] [Action] Stop Bot coef_bot_70-7-40-1
[2024-06-20 19:31:51] [Action] Stop Bot coef_bot_70-10-40-16
[2024-06-20 19:31:51] [Action] Stop Bot coef_bot_50-30-40-4
[2024-06-20 19:31:51] [Action] Stop Bot coef_bot_30-20-40-16
[2024-06-20 19:31:51] [Action] Stop Bot coef_bot_50-10-40-16
[2024-06-20 19:31:51] [Action] Stop Bot coef_bot_50-30-40-1
[2024-06-20 19:31:51] [Action] Stop Bot coef_bot_70-7-40-16
[2024-06-20 19:31:56] [Action] Show
[2024-06-20 19:32:06] [Action] Show
[2024-06-20 19:32:16] [Action] Run
[2024-06-20 19:33:05] [Action] Show
[2024-06-20 19:34:29] [Action] Run
[2024-06-20 19:34:37] [Action] Show
[2024-06-20 19:37:45] [Action] Show
[2024-06-20 19:38:07] [Action] Show
[2024-06-20 19:40:19] [Action] Show
[2024-06-20 19:40:44] [Action] Show
[2024-06-20 19:40:45] [Action] Show
[2024-06-20 19:40:45] [Action] Show
[2024-06-20 19:40:46] [Action] Show
[2024-06-20 19:44:12] [Action] Add Bot brain_50
[2024-06-20 19:44:27] [Action] Add Bot brain_40
[2024-06-20 19:44:39] [Action] Add Bot brain_30
[2024-06-20 19:44:54] [Action] Add Bot brain_20
[2024-06-20 19:45:05] [Action] Add Bot brain_10
[2024-06-20 19:46:27] [Action] Show
[2024-06-20 19:48:46] [Action] Show
[2024-06-20 19:50:34] [Action] Run
[2024-06-20 20:10:46] [Action] Show
[2024-06-20 20:15:06] [Action] Show
[2024-06-20 20:24:25] [Action] Show
[2024-06-20 20:27:49] [Action] Show
[2024-06-20 20:35:17] [Action] Show
[2024-06-20 20:48:20] [Action] Show
[2024-06-20 20:53:16] [Action] Show
[2024-06-20 21:02:49] [Action] Show
[2024-06-20 21:23:43] [Action] Show
[2024-06-20 21:38:46] [Action] Show
[2024-06-20 21:45:31] [Action] Add Bot mcts_bugless
[2024-06-20 21:45:34] [Action] Run
[2024-06-20 21:48:21] [Action] Show
[2024-06-20 21:48:41] [Action] Show
[2024-06-20 21:49:52] [Action] Show
[2024-06-20 21:52:48] [Action] Run
[2024-06-20 21:55:03] [Action] Add Bot 10
[2024-06-20 21:55:26] [Action] Show
[2024-06-20 21:56:09] [Action] Show
[2024-06-20 21:57:41] [Action] Show
[2024-06-20 22:00:26] [Action] Show
[2024-06-20 22:00:28] [Action] Show
[2024-06-20 22:00:29] [Action] Show
[2024-06-20 22:00:29] [Action] Show
[2024-06-20 22:00:30] [Action] Show
[2024-06-20 22:00:30] [Action] Show
[2024-06-20 22:00:30] [Action] Show
[2024-06-20 22:00:31] [Action] Show
[2024-06-20 22:00:31] [Action] Show
[2024-06-20 22:00:31] [Action] Show
[2024-06-20 22:00:32] [Action] Show
[2024-06-20 22:00:32] [Action] Show
[2024-06-20 22:00:33] [Action] Show
[2024-06-20 22:00:34] [Action] Show
[2024-06-20 22:00:35] [Action] Show
[2024-06-20 22:04:39] [Action] Show
[2024-06-20 22:06:15] [Action] Add Bot 11
[2024-06-20 22:06:28] [Action] Add Bot 12
[2024-06-20 22:06:39] [Action] Show
[2024-06-20 22:06:40] [Action] Show
[2024-06-20 22:07:14] [Action] Show
[2024-06-20 22:07:16] [Action] Show
[2024-06-20 22:07:17] [Action] Show
[2024-06-20 22:07:18] [Action] Show
[2024-06-20 22:07:18] [Action] Show
[2024-06-20 22:07:18] [Action] Show
[2024-06-20 22:07:19] [Action] Show
[2024-06-20 22:07:19] [Action] Show
[2024-06-20 22:09:40] [Action] Show
[2024-06-20 22:17:42] [Action] Show
[2024-06-20 22:18:41] [Action] Show
[2024-06-20 22:18:42] [Action] Show
[2024-06-20 22:18:43] [Action] Show
[2024-06-20 22:18:43] [Action] Show
[2024-06-20 22:22:06] [Action] Show
[2024-06-20 22:25:11] [Action] Show
[2024-06-20 22:30:29] [Action] Show
[2024-06-20 23:59:10] [Action] Show
[2024-06-20 23:59:53] [Action] Run
[2024-06-20 23:59:57] [Action] Run
[2024-06-21 00:01:13] [Action] Run
[2024-06-21 00:01:46] [Action] Add Bot cg
[2024-06-21 00:02:39] [Action] Add Bot brain
[2024-06-21 00:02:46] [Action] Show
[2024-06-21 00:06:52] [Action] Add Bot coef_bot_65-30-3-2
[2024-06-21 00:06:55] [Action] Show
[2024-06-21 00:06:56] [Action] Show
[2024-06-21 00:06:56] [Action] Show
[2024-06-21 00:06:56] [Action] Show
[2024-06-21 00:06:57] [Action] Show
[2024-06-21 00:06:57] [Action] Show
[2024-06-21 00:06:57] [Action] Add Bot coef_bot_65-30-5-1
[2024-06-21 00:06:58] [Action] Show
[2024-06-21 00:06:58] [Action] Show
[2024-06-21 00:06:58] [Action] Show
[2024-06-21 00:06:59] [Action] Show
[2024-06-21 00:06:59] [Action] Show
[2024-06-21 00:06:59] [Action] Show
[2024-06-21 00:07:00] [Action] Show
[2024-06-21 00:07:00] [Action] Show
[2024-06-21 00:07:00] [Action] Show
[2024-06-21 00:07:01] [Action] Show
[2024-06-21 00:07:02] [Action] Show
[2024-06-21 00:07:04] [Action] Add Bot coef_bot_65-30-5-2
[2024-06-21 00:07:05] [Action] Show
[2024-06-21 00:07:06] [Action] Show
[2024-06-21 00:07:07] [Action] Show
[2024-06-21 00:07:08] [Action] Show
[2024-06-21 00:07:08] [Action] Add Bot coef_bot_65-30-7-1
[2024-06-21 00:07:13] [Action] Add Bot coef_bot_65-30-7-2
[2024-06-21 00:07:14] [Action] Show
[2024-06-21 00:07:15] [Action] Show
[2024-06-21 00:07:15] [Action] Show
[2024-06-21 00:07:16] [Action] Show
[2024-06-21 00:07:16] [Action] Show
[2024-06-21 00:07:18] [Action] Add Bot coef_bot_65-35-3-1
[2024-06-21 00:07:21] [Action] Show
[2024-06-21 00:07:23] [Action] Add Bot coef_bot_65-35-3-2
[2024-06-21 00:07:26] [Action] Show
[2024-06-21 00:07:27] [Action] Add Bot coef_bot_65-35-5-1
[2024-06-21 00:07:28] [Action] Show
[2024-06-21 00:07:29] [Action] Show
[2024-06-21 00:07:31] [Action] Show
[2024-06-21 00:07:31] [Action] Show
[2024-06-21 00:07:32] [Action] Add Bot coef_bot_65-35-5-2
[2024-06-21 00:07:32] [Action] Show
[2024-06-21 00:07:33] [Action] Show
[2024-06-21 00:07:33] [Action] Show
[2024-06-21 00:07:33] [Action] Show
[2024-06-21 00:07:34] [Action] Show
[2024-06-21 00:07:34] [Action] Show
[2024-06-21 00:07:35] [Action] Show
[2024-06-21 00:07:35] [Action] Show
[2024-06-21 00:07:36] [Action] Show
[2024-06-21 00:07:36] [Action] Show
[2024-06-21 00:07:37] [Action] Add Bot coef_bot_65-35-7-1
[2024-06-21 00:07:41] [Action] Run
[2024-06-21 00:07:42] [Action] Add Bot coef_bot_65-35-7-2
[2024-06-21 00:07:51] [Action] Add Bot coef_bot_70-25-3-2
[2024-06-21 00:08:09] [Action] Show
[2024-06-21 00:08:10] [Action] Show
[2024-06-21 00:08:12] [Action] Show
[2024-06-21 00:08:12] [Action] Show
[2024-06-21 00:08:13] [Action] Show
[2024-06-21 00:08:17] [Action] Show
[2024-06-21 00:08:18] [Action] Show
[2024-06-21 00:08:32] [Action] Show
[2024-06-21 00:10:06] [Action] Add Bot coef_bot_65-30-3-2
[2024-06-21 00:10:09] [Action] Add Bot coef_bot_65-30-5-1
[2024-06-21 00:10:12] [Action] Add Bot coef_bot_65-30-5-2
[2024-06-21 00:10:25] [Action] Run
[2024-06-21 00:10:40] [Action] Run
[2024-06-21 00:11:01] [Action] Add Bot coef_bot_65-30-3-2
[2024-06-21 00:11:04] [Action] Add Bot coef_bot_65-30-5-1
[2024-06-21 00:11:07] [Action] Add Bot coef_bot_65-30-5-2
[2024-06-21 00:11:11] [Action] Add Bot coef_bot_65-30-7-1
[2024-06-21 00:11:14] [Action] Add Bot coef_bot_65-30-7-2
[2024-06-21 00:11:18] [Action] Add Bot coef_bot_65-35-3-1
[2024-06-21 00:11:22] [Action] Add Bot coef_bot_65-35-3-2
[2024-06-21 00:11:25] [Action] Add Bot coef_bot_65-35-5-1
[2024-06-21 00:11:29] [Action] Add Bot coef_bot_65-35-5-2
[2024-06-21 00:11:33] [Action] Add Bot coef_bot_65-35-7-1
[2024-06-21 00:11:36] [Action] Add Bot coef_bot_65-35-7-2
[2024-06-21 00:11:40] [Action] Add Bot coef_bot_70-25-3-2
[2024-06-21 00:11:43] [Action] Add Bot coef_bot_70-25-5-1
[2024-06-21 00:11:47] [Action] Add Bot coef_bot_70-25-5-2
[2024-06-21 00:11:51] [Action] Add Bot coef_bot_70-25-7-1
[2024-06-21 00:11:54] [Action] Add Bot coef_bot_70-25-7-2
[2024-06-21 00:11:58] [Action] Add Bot coef_bot_70-30-3-1
[2024-06-21 00:12:02] [Action] Add Bot coef_bot_70-30-3-2
[2024-06-21 00:12:05] [Action] Add Bot coef_bot_70-30-5-1
[2024-06-21 00:12:09] [Action] Add Bot coef_bot_70-30-5-2
[2024-06-21 00:12:13] [Action] Add Bot coef_bot_70-30-7-1
[2024-06-21 00:12:16] [Action] Add Bot coef_bot_70-30-7-2
[2024-06-21 00:12:20] [Action] Add Bot coef_bot_70-35-3-1
[2024-06-21 00:12:23] [Action] Add Bot coef_bot_70-35-3-2
[2024-06-21 00:12:27] [Action] Add Bot coef_bot_70-35-5-1
[2024-06-21 00:12:31] [Action] Add Bot coef_bot_70-35-5-2
[2024-06-21 00:12:35] [Action] Add Bot coef_bot_70-35-7-1
[2024-06-21 00:12:38] [Action] Add Bot coef_bot_70-35-7-2
[2024-06-21 00:12:42] [Action] Add Bot coef_bot_75-25-3-1
[2024-06-21 00:12:46] [Action] Add Bot coef_bot_75-25-3-2
[2024-06-21 00:12:50] [Action] Add Bot coef_bot_75-25-5-1
[2024-06-21 00:12:53] [Action] Add Bot coef_bot_75-25-5-2
[2024-06-21 00:12:57] [Action] Add Bot coef_bot_75-25-7-1
[2024-06-21 00:13:01] [Action] Add Bot coef_bot_75-25-7-2
[2024-06-21 00:13:04] [Action] Add Bot coef_bot_75-30-3-1
[2024-06-21 00:13:08] [Action] Add Bot coef_bot_75-30-3-2
[2024-06-21 00:13:12] [Action] Add Bot coef_bot_75-30-5-1
[2024-06-21 00:13:16] [Action] Add Bot coef_bot_75-30-5-2
[2024-06-21 00:13:20] [Action] Add Bot coef_bot_75-30-7-1
[2024-06-21 00:13:23] [Action] Add Bot coef_bot_75-30-7-2
[2024-06-21 00:13:27] [Action] Add Bot coef_bot_75-35-3-1
[2024-06-21 00:13:31] [Action] Add Bot coef_bot_75-35-3-2
[2024-06-21 00:13:35] [Action] Add Bot coef_bot_75-35-5-1
[2024-06-21 00:13:38] [Action] Add Bot coef_bot_75-35-5-2
[2024-06-21 00:13:42] [Action] Add Bot coef_bot_75-35-7-1
[2024-06-21 00:13:46] [Action] Add Bot coef_bot_75-35-7-2
[2024-06-21 00:15:07] [Action] Add Bot coef_bot2_65-30-3-2
[2024-06-21 00:15:11] [Action] Add Bot coef_bot2_65-30-5-1
[2024-06-21 00:15:14] [Action] Add Bot coef_bot2_65-30-5-2
[2024-06-21 00:15:18] [Action] Add Bot coef_bot2_65-30-7-1
[2024-06-21 00:15:26] [Action] Add Bot coef_bot2_65-30-7-2
[2024-06-21 00:15:32] [Action] Add Bot coef_bot2_65-35-3-1
[2024-06-21 00:15:39] [Action] Add Bot coef_bot2_65-35-3-2
[2024-06-21 00:15:47] [Action] Add Bot coef_bot2_65-35-5-1
[2024-06-21 00:15:57] [Action] Add Bot coef_bot2_65-35-5-2
[2024-06-21 00:16:04] [Action] Add Bot coef_bot2_65-35-7-1
[2024-06-21 00:16:09] [Action] Add Bot cg
[2024-06-21 00:16:11] [Action] Add Bot coef_bot2_65-35-7-2
[2024-06-21 00:16:17] [Action] Add Bot coef_bot2_70-25-3-2
[2024-06-21 00:16:23] [Action] Add Bot coef_bot2_70-25-5-1
[2024-06-21 00:16:28] [Action] Add Bot coef_bot2_70-25-5-2
[2024-06-21 00:16:33] [Action] Add Bot coef_bot2_70-25-7-1
[2024-06-21 00:16:42] [Action] Add Bot coef_bot2_70-25-7-2
[2024-06-21 00:16:45] [Action] Add Bot coef_bot2_70-30-3-1
[2024-06-21 00:16:49] [Action] Add Bot coef_bot2_70-30-3-2
[2024-06-21 00:16:55] [Action] Add Bot coef_bot2_70-30-5-1
[2024-06-21 00:17:00] [Action] Add Bot coef_bot2_70-30-5-2
[2024-06-21 00:17:04] [Action] Add Bot coef_bot2_70-30-7-1
[2024-06-21 00:17:07] [Action] Add Bot coef_bot2_70-30-7-2
[2024-06-21 00:17:11] [Action] Add Bot coef_bot2_70-35-3-1
[2024-06-21 00:17:15] [Action] Add Bot coef_bot2_70-35-3-2
[2024-06-21 00:17:19] [Action] Add Bot coef_bot2_70-35-5-1
[2024-06-21 00:17:24] [Action] Add Bot coef_bot2_70-35-5-2
[2024-06-21 00:17:29] [Action] Add Bot coef_bot2_70-35-7-1
[2024-06-21 00:17:34] [Action] Add Bot coef_bot2_70-35-7-2
[2024-06-21 00:17:38] [Action] Add Bot coef_bot2_75-25-3-1
[2024-06-21 00:17:41] [Action] Add Bot coef_bot2_75-25-3-2
[2024-06-21 00:17:45] [Action] Add Bot coef_bot2_75-25-5-1
[2024-06-21 00:17:49] [Action] Add Bot coef_bot2_75-25-5-2
[2024-06-21 00:17:54] [Action] Add Bot coef_bot2_75-25-7-1
[2024-06-21 00:17:59] [Action] Add Bot coef_bot2_75-25-7-2
[2024-06-21 00:18:03] [Action] Add Bot coef_bot2_75-30-3-1
[2024-06-21 00:18:08] [Action] Add Bot coef_bot2_75-30-3-2
[2024-06-21 00:18:13] [Action] Add Bot coef_bot2_75-30-5-1
[2024-06-21 00:18:18] [Action] Add Bot coef_bot2_75-30-5-2
[2024-06-21 00:18:21] [Action] Add Bot coef_bot2_75-30-7-1
[2024-06-21 00:18:25] [Action] Add Bot coef_bot2_75-30-7-2
[2024-06-21 00:18:31] [Action] Add Bot coef_bot2_75-35-3-1
[2024-06-21 00:18:35] [Action] Add Bot coef_bot2_75-35-3-2
[2024-06-21 00:18:41] [Action] Add Bot coef_bot2_75-35-5-1
[2024-06-21 00:18:46] [Action] Add Bot coef_bot2_75-35-5-2
[2024-06-21 00:18:51] [Action] Add Bot coef_bot2_75-35-7-1
[2024-06-21 00:18:55] [Action] Add Bot coef_bot2_75-35-7-2
[2024-06-21 00:19:22] [Action] Show
[2024-06-21 00:19:48] [Action] Run
[2024-06-21 00:20:20] [Action] Show
[2024-06-21 00:21:25] [Action] Show
[2024-06-21 01:29:45] [Action] Show
[2024-06-21 01:30:41] [Action] Show
[2024-06-21 01:31:42] [Action] Show
[2024-06-21 01:34:32] [Action] Show
[2024-06-21 09:51:01] [Action] Run
[2024-06-21 09:51:25] [Action] Show
[2024-06-21 09:53:58] [Action] Show
[2024-06-21 10:02:22] [Action] Show
[2024-06-21 10:19:50] [Action] Show
[2024-06-21 10:21:01] [Action] Show
[2024-06-21 10:54:20] [Action] Show
[2024-06-21 10:55:26] [Action] Show
[2024-06-21 10:56:24] [Action] Show
[2024-06-21 12:22:49] [Action] Run
[2024-06-21 12:23:28] [Action] Add Bot early_quit
[2024-06-21 12:23:43] [Action] Add Bot early_quit_brain
[2024-06-21 12:38:01] [Action] Add Bot brain1
[2024-06-21 12:38:20] [Action] Add Bot mcts1
[2024-06-21 12:38:24] [Action] Show
[2024-06-21 12:38:37] [Action] Remove Bot early_quit_brain
[2024-06-21 12:38:42] [Action] Show
[2024-06-21 12:38:53] [Action] Show
[2024-06-21 12:38:53] [Action] Show
[2024-06-21 12:38:54] [Action] Show
[2024-06-21 12:38:54] [Action] Show
[2024-06-21 12:38:55] [Action] Show
[2024-06-21 12:38:55] [Action] Show
[2024-06-21 12:39:04] [Action] Show
[2024-06-21 12:39:04] [Action] Show
[2024-06-21 12:39:05] [Action] Show
[2024-06-21 12:39:05] [Action] Show
[2024-06-21 12:39:06] [Action] Show
[2024-06-21 12:39:06] [Action] Show
[2024-06-21 12:39:06] [Action] Show
[2024-06-21 12:39:07] [Action] Show
[2024-06-21 12:39:07] [Action] Show
[2024-06-21 12:40:42] [Action] Show
[2024-06-21 12:43:26] [Action] Add Bot brain2
[2024-06-21 12:43:40] [Action] Add Bot mcts2
[2024-06-21 12:43:44] [Action] Show
[2024-06-21 12:46:34] [Action] Add Bot brain_fixed_expected_end
[2024-06-21 12:46:52] [Action] Add Bot mcts_fixed_expected_end
[2024-06-21 12:47:49] [Action] Show
[2024-06-21 12:48:20] [Action] Run
[2024-06-21 13:08:19] [Action] Show
[2024-06-21 13:14:53] [Action] Run
[2024-06-21 13:49:40] [Action] Show
[2024-06-21 13:49:46] [Action] Run
[2024-06-21 13:49:50] [Action] Run
[2024-06-21 13:49:52] [Action] Show
[2024-06-21 13:52:52] [Action] Add Bot brain_14
[2024-06-21 13:53:01] [Action] Add Bot brain_13
[2024-06-21 13:53:09] [Action] Add Bot brain_12
[2024-06-21 13:53:18] [Action] Add Bot brain_16
[2024-06-21 13:53:26] [Action] Add Bot brain_17
[2024-06-21 13:53:36] [Action] Add Bot brain_18
[2024-06-21 13:53:43] [Action] Add Bot brain_19
[2024-06-21 13:53:49] [Action] Show
[2024-06-21 13:54:04] [Action] Run
[2024-06-21 13:56:34] [Action] Show
[2024-06-21 14:02:12] [Action] Run
[2024-06-21 14:02:15] [Action] Show
[2024-06-21 14:03:54] [Action] Show
[2024-06-21 14:05:29] [Action] Show
[2024-06-21 14:07:31] [Action] Show
[2024-06-21 14:11:17] [Action] Run
[2024-06-21 14:47:30] [Action] Show
[2024-06-21 14:48:49] [Action] Run
[2024-06-21 14:50:12] [Action] Show
[2024-06-21 15:23:34] [Action] Show
[2024-06-21 15:28:56] [Action] Show
[2024-06-21 15:39:52] [Action] Run
[2024-06-21 15:40:23] [Action] Add Bot brain_mcts_speedup
[2024-06-21 15:40:45] [Action] Add Bot brain_mcts_speedup_03
[2024-06-21 15:41:01] [Action] Add Bot brain_mcts_speedup_02
[2024-06-21 15:41:16] [Action] Add Bot brain_mcts_speedup_035
[2024-06-21 15:41:27] [Action] Add Bot brain_mcts_speedup_045
[2024-06-21 15:41:38] [Action] Add Bot brain_mcts_speedup_05
[2024-06-21 15:41:55] [Action] Add Bot brain_mcts_speedup_055
[2024-06-21 15:42:05] [Action] Show
[2024-06-21 15:42:07] [Action] Show
[2024-06-21 15:42:38] [Action] Show
[2024-06-21 15:45:24] [Action] Remove Bot coef_bot_70-25-5-1
[2024-06-21 15:45:24] [Action] Remove Bot coef_bot_75-25-5-1
[2024-06-21 15:45:25] [Action] Remove Bot coef_bot_70-25-7-2
[2024-06-21 15:45:25] [Action] Remove Bot coef_bot_75-30-3-1
[2024-06-21 15:45:25] [Action] Remove Bot coef_bot_70-25-3-2
[2024-06-21 15:45:26] [Action] Remove Bot coef_bot_75-25-7-1
[2024-06-21 15:45:26] [Action] Remove Bot coef_bot_65-30-5-2
[2024-06-21 15:45:26] [Action] Remove Bot coef_bot_70-30-3-1
[2024-06-21 15:45:26] [Action] Remove Bot coef_bot_70-30-5-1
[2024-06-21 15:45:27] [Action] Remove Bot coef_bot_65-30-3-2
[2024-06-21 15:45:27] [Action] Remove Bot coef_bot_70-30-3-2
[2024-06-21 15:45:27] [Action] Remove Bot coef_bot_70-30-7-1
[2024-06-21 15:45:27] [Action] Remove Bot coef_bot_65-30-7-2
[2024-06-21 15:45:27] [Action] Remove Bot coef_bot_70-25-5-2
[2024-06-21 15:45:28] [Action] Remove Bot coef_bot_65-30-5-1
[2024-06-21 15:45:28] [Action] Remove Bot coef_bot_65-30-7-1
[2024-06-21 15:45:28] [Action] Remove Bot coef_bot_65-35-3-2
[2024-06-21 15:45:29] [Action] Remove Bot coef_bot_75-30-7-1
[2024-06-21 15:45:29] [Action] Remove Bot coef_bot_70-30-5-2
[2024-06-21 15:45:29] [Action] Remove Bot coef_bot_75-35-3-1
[2024-06-21 15:45:29] [Action] Remove Bot coef_bot_75-30-3-2
[2024-06-21 15:45:30] [Action] Remove Bot coef_bot_75-30-5-1
[2024-06-21 15:45:30] [Action] Remove Bot coef_bot_75-35-5-2
[2024-06-21 15:45:30] [Action] Remove Bot coef_bot_70-35-7-2
[2024-06-21 15:45:30] [Action] Remove Bot coef_bot_75-35-5-1
[2024-06-21 15:45:30] [Action] Remove Bot coef_bot_75-35-3-2
[2024-06-21 15:45:31] [Action] Remove Bot coef_bot_75-30-7-2
[2024-06-21 15:45:31] [Action] Remove Bot coef_bot_65-35-5-1
[2024-06-21 15:45:31] [Action] Remove Bot coef_bot_70-35-3-2
[2024-06-21 15:45:31] [Action] Remove Bot coef_bot_75-35-7-2
[2024-06-21 15:45:31] [Action] Remove Bot coef_bot_65-35-7-1
[2024-06-21 15:45:31] [Action] Remove Bot coef_bot_70-35-5-1
[2024-06-21 15:45:32] [Action] Remove Bot coef_bot_70-30-7-2
[2024-06-21 15:45:32] [Action] Remove Bot coef_bot_65-35-3-1
[2024-06-21 15:45:32] [Action] Remove Bot coef_bot_65-35-5-2
[2024-06-21 15:45:32] [Action] Remove Bot coef_bot_65-35-7-2
[2024-06-21 15:45:32] [Action] Remove Bot coef_bot_70-35-7-1
[2024-06-21 15:45:32] [Action] Remove Bot coef_bot_70-35-3-1
[2024-06-21 15:45:33] [Action] Remove Bot coef_bot_75-35-7-1
[2024-06-21 15:45:33] [Action] Remove Bot coef_bot_70-35-5-2
[2024-06-21 15:45:33] [Action] Remove Bot early_quit
[2024-06-21 15:45:40] [Action] Show
[2024-06-21 15:47:58] [Action] Show
[2024-06-21 15:48:30] [Action] Show
[2024-06-21 15:48:31] [Action] Show
[2024-06-21 15:48:31] [Action] Show
[2024-06-21 15:48:32] [Action] Show
[2024-06-21 15:48:32] [Action] Show
[2024-06-21 15:48:33] [Action] Show
[2024-06-21 15:48:33] [Action] Show
[2024-06-21 15:48:34] [Action] Show
[2024-06-21 15:48:52] [Action] Show
[2024-06-21 15:48:59] [Action] Show
[2024-06-21 15:49:00] [Action] Show
[2024-06-21 15:49:01] [Action] Show
[2024-06-21 15:49:01] [Action] Show
[2024-06-21 15:49:02] [Action] Show
[2024-06-21 15:49:02] [Action] Show
[2024-06-21 15:49:03] [Action] Show
[2024-06-21 15:49:03] [Action] Show
[2024-06-21 15:49:03] [Action] Show
[2024-06-21 15:49:03] [Action] Show
[2024-06-21 15:49:04] [Action] Show
[2024-06-21 15:49:04] [Action] Show
[2024-06-21 15:49:04] [Action] Show
[2024-06-21 15:49:04] [Action] Show
[2024-06-21 15:49:05] [Action] Show
[2024-06-21 15:49:05] [Action] Show
[2024-06-21 15:49:41] [Action] Show
[2024-06-21 15:49:41] [Action] Show
[2024-06-21 15:49:42] [Action] Show
[2024-06-21 15:49:42] [Action] Show
[2024-06-21 15:49:43] [Action] Show
[2024-06-21 15:49:43] [Action] Show
[2024-06-21 15:49:43] [Action] Show
[2024-06-21 15:49:43] [Action] Show
[2024-06-21 15:49:44] [Action] Show
[2024-06-21 15:49:44] [Action] Show
[2024-06-21 15:49:44] [Action] Show
[2024-06-21 15:49:45] [Action] Show
[2024-06-21 15:49:54] [Action] Run
[2024-06-21 15:53:24] [Action] Show
[2024-06-21 16:44:02] [Action] Add Bot new_brain
[2024-06-21 16:44:05] [Action] Run
[2024-06-21 16:44:21] [Action] Show
[2024-06-21 16:51:52] [Action] Run
[2024-06-21 16:51:56] [Action] Show
[2024-06-21 16:59:48] [Action] Show
[2024-06-21 17:07:05] [Action] Show
[2024-06-21 17:37:06] [Action] Show
[2024-06-21 18:03:49] [Action] Run
[2024-06-21 18:05:12] [Action] Add Bot brain_variance
[2024-06-21 18:06:38] [Action] Add Bot mcts_novariance
[2024-06-21 18:14:20] [Action] Add Bot mcts_vis_skip
[2024-06-21 18:15:00] [Action] Add Bot brain_variance2
[2024-06-21 18:28:51] [Action] Add Bot brain_upgrade
[2024-06-21 18:29:03] [Action] Show
[2024-06-21 18:30:20] [Action] Add Bot brain_different_rollouts
[2024-06-21 18:30:25] [Action] Show
[2024-06-21 18:34:34] [Action] Show
[2024-06-21 18:46:04] [Action] Add Bot brain_update
[2024-06-21 18:46:06] [Action] Show
[2024-06-21 18:50:47] [Action] Add Bot brain_init_speedup
[2024-06-21 18:53:53] [Action] Add Bot brain_next_update
[2024-06-21 18:54:09] [Action] Add Bot mcts_next_update
[2024-06-21 18:54:16] [Action] Run
[2024-06-21 19:05:55] [Action] Show
[2024-06-21 19:11:48] [Action] Show
[2024-06-21 19:12:47] [Action] Run
[2024-06-21 19:14:41] [Action] Run
[2024-06-21 19:16:21] [Action] Show
[2024-06-21 19:33:00] [Action] Add Bot brain_just_do_it
[2024-06-21 19:33:02] [Action] Show
[2024-06-21 19:33:15] [Action] Show
[2024-06-21 19:33:16] [Action] Show
[2024-06-21 19:33:17] [Action] Show
[2024-06-21 19:33:18] [Action] Show
[2024-06-21 19:34:07] [Action] Run
[2024-06-21 19:34:25] [Action] Add Bot old1
[2024-06-21 19:34:39] [Action] Add Bot old2
[2024-06-21 19:35:20] [Action] Add Bot cg
[2024-06-21 19:35:51] [Action] Add Bot new1
[2024-06-21 19:35:54] [Action] Show
[2024-06-21 19:39:15] [Action] Show
[2024-06-21 19:42:51] [Action] Add Bot coef_brainV1_100-100
[2024-06-21 19:42:57] [Action] Add Bot coef_brainV1_100-110
[2024-06-21 19:43:02] [Action] Add Bot coef_brainV1_100-120
[2024-06-21 19:43:05] [Action] Add Bot coef_brainV1_100-40
[2024-06-21 19:43:10] [Action] Add Bot coef_brainV1_100-60
[2024-06-21 19:43:14] [Action] Add Bot coef_brainV1_100-80
[2024-06-21 19:43:19] [Action] Add Bot coef_brainV1_110-100
[2024-06-21 19:43:23] [Action] Add Bot coef_brainV1_110-110
[2024-06-21 19:43:27] [Action] Add Bot coef_brainV1_110-120
[2024-06-21 19:43:32] [Action] Add Bot coef_brainV1_110-40
[2024-06-21 19:43:36] [Action] Add Bot coef_brainV1_110-60
[2024-06-21 19:43:41] [Action] Add Bot coef_brainV1_110-80
[2024-06-21 19:43:46] [Action] Add Bot coef_brainV1_120-100
[2024-06-21 19:43:51] [Action] Add Bot coef_brainV1_120-110
[2024-06-21 19:43:55] [Action] Add Bot coef_brainV1_120-120
[2024-06-21 19:44:01] [Action] Add Bot coef_brainV1_120-40
[2024-06-21 19:44:05] [Action] Add Bot coef_brainV1_120-60
[2024-06-21 19:44:09] [Action] Add Bot coef_brainV1_120-80
[2024-06-21 19:44:13] [Action] Add Bot coef_brainV1_60-100
[2024-06-21 19:44:17] [Action] Add Bot coef_brainV1_60-110
[2024-06-21 19:44:21] [Action] Add Bot coef_brainV1_60-120
[2024-06-21 19:44:25] [Action] Add Bot coef_brainV1_60-40
[2024-06-21 19:44:29] [Action] Add Bot coef_brainV1_60-60
[2024-06-21 19:44:33] [Action] Add Bot coef_brainV1_60-80
[2024-06-21 19:44:37] [Action] Add Bot coef_brainV1_80-100
[2024-06-21 19:44:40] [Action] Add Bot coef_brainV1_80-110
[2024-06-21 19:44:44] [Action] Add Bot coef_brainV1_80-120
[2024-06-21 19:44:48] [Action] Add Bot coef_brainV1_80-40
[2024-06-21 19:44:52] [Action] Add Bot coef_brainV1_80-60
[2024-06-21 19:44:56] [Action] Add Bot coef_brainV1_80-80
[2024-06-21 19:45:02] [Action] Show
[2024-06-21 19:45:15] [Action] Run
[2024-06-21 20:08:35] [Action] Show
[2024-06-21 20:18:31] [Action] Show
[2024-06-21 20:19:12] [Action] Show
[2024-06-21 20:19:51] [Action] Show
[2024-06-21 20:20:14] [Action] Remove Bot coef_brainV1_80-120
[2024-06-21 20:20:19] [Action] Remove Bot coef_brainV1_80-40
[2024-06-21 20:20:23] [Action] Remove Bot coef_brainV1_110-40
[2024-06-21 20:20:28] [Action] Remove Bot coef_brainV1_60-80
[2024-06-21 20:20:34] [Action] Remove Bot coef_brainV1_80-60
[2024-06-21 20:20:38] [Action] Remove Bot coef_brainV1_110-80
[2024-06-21 20:20:42] [Action] Remove Bot coef_brainV1_100-120
[2024-06-21 20:20:48] [Action] Remove Bot coef_brainV1_110-120
[2024-06-21 20:20:53] [Action] Remove Bot coef_brainV1_120-60
[2024-06-21 20:20:57] [Action] Remove Bot coef_brainV1_110-60
[2024-06-21 20:21:02] [Action] Remove Bot coef_brainV1_100-110
[2024-06-21 20:21:06] [Action] Remove Bot coef_brainV1_60-60
[2024-06-21 20:21:10] [Action] Remove Bot coef_brainV1_80-80
[2024-06-21 20:21:14] [Action] Remove Bot coef_brainV1_100-60
[2024-06-21 20:21:16] [Action] Show
[2024-06-21 20:21:39] [Action] Show
[2024-06-21 20:22:45] [Action] Show
[2024-06-21 20:22:46] [Action] Show
[2024-06-21 20:22:47] [Action] Show
[2024-06-21 20:22:48] [Action] Show
[2024-06-21 20:22:48] [Action] Show
[2024-06-21 20:22:49] [Action] Show
[2024-06-21 20:22:49] [Action] Show
[2024-06-21 20:22:49] [Action] Show
[2024-06-21 20:22:49] [Action] Show
[2024-06-21 20:22:50] [Action] Show
[2024-06-21 20:22:50] [Action] Show
[2024-06-21 20:22:50] [Action] Show
[2024-06-21 20:22:51] [Action] Show
[2024-06-21 20:22:51] [Action] Show
[2024-06-21 20:22:51] [Action] Show
[2024-06-21 20:22:52] [Action] Show
[2024-06-21 20:22:52] [Action] Show
[2024-06-21 20:22:52] [Action] Show
[2024-06-21 20:22:53] [Action] Show
[2024-06-21 20:22:53] [Action] Show
[2024-06-21 20:22:53] [Action] Show
[2024-06-21 20:22:54] [Action] Show
[2024-06-21 20:22:54] [Action] Show
[2024-06-21 20:22:55] [Action] Show
[2024-06-21 20:22:56] [Action] Show
[2024-06-21 20:22:56] [Action] Show
[2024-06-21 20:22:56] [Action] Show
[2024-06-21 20:22:57] [Action] Show
[2024-06-21 20:22:57] [Action] Show
[2024-06-21 20:22:58] [Action] Show
[2024-06-21 20:22:58] [Action] Show
[2024-06-21 20:22:58] [Action] Show
[2024-06-21 20:22:59] [Action] Show
[2024-06-21 20:22:59] [Action] Show
[2024-06-21 20:23:00] [Action] Show
[2024-06-21 20:23:00] [Action] Show
[2024-06-21 20:23:01] [Action] Show
[2024-06-21 20:23:01] [Action] Show
[2024-06-21 20:23:06] [Action] Show
[2024-06-21 20:23:06] [Action] Show
[2024-06-21 20:23:07] [Action] Show
[2024-06-21 20:23:07] [Action] Show
[2024-06-21 20:23:08] [Action] Show
[2024-06-21 20:23:09] [Action] Show
[2024-06-21 20:23:09] [Action] Show
[2024-06-21 20:23:10] [Action] Show
[2024-06-21 20:23:10] [Action] Show
[2024-06-21 20:23:11] [Action] Show
[2024-06-21 20:23:11] [Action] Show
[2024-06-21 20:23:12] [Action] Show
[2024-06-21 20:23:18] [Action] Show
[2024-06-21 20:23:19] [Action] Show
[2024-06-21 20:23:19] [Action] Show
[2024-06-21 20:23:19] [Action] Show
[2024-06-21 20:23:20] [Action] Show
[2024-06-21 20:23:20] [Action] Show
[2024-06-21 20:23:20] [Action] Show
[2024-06-21 20:23:21] [Action] Show
[2024-06-21 20:23:21] [Action] Show
[2024-06-21 20:23:22] [Action] Show
[2024-06-21 20:24:57] [Action] Show
[2024-06-21 20:30:11] [Action] Show
[2024-06-21 20:32:58] [Action] Show
[2024-06-21 20:36:36] [Action] Show
[2024-06-21 20:39:50] [Action] Show
[2024-06-21 21:32:36] [Action] Show
[2024-06-21 21:33:24] [Action] Show
[2024-06-21 21:35:07] [Action] Show
[2024-06-21 21:38:42] [Action] Show
[2024-06-21 21:40:35] [Action] Show
[2024-06-21 21:43:37] [Action] Show
[2024-06-21 21:44:59] [Action] Run
[2024-06-21 21:45:58] [Action] Run
[2024-06-21 21:46:06] [Action] Add Bot old1
[2024-06-21 21:46:21] [Action] Add Bot old2
[2024-06-21 21:46:29] [Action] Add Bot old3
[2024-06-21 21:46:47] [Action] Add Bot old7
[2024-06-21 21:49:25] [Action] Add Bot coef_brainV2_50-100-30
[2024-06-21 21:49:25] [Action] Run
[2024-06-21 21:49:29] [Action] Add Bot coef_brainV2_50-100-35
[2024-06-21 21:49:32] [Action] Add Bot coef_brainV2_50-100-40
[2024-06-21 21:49:37] [Action] Add Bot coef_brainV2_50-100-45
[2024-06-21 21:49:41] [Action] Add Bot coef_brainV2_50-100-50
[2024-06-21 21:49:45] [Action] Add Bot coef_brainV2_50-110-30
[2024-06-21 21:49:48] [Action] Add Bot coef_brainV2_50-110-35
[2024-06-21 21:49:52] [Action] Add Bot coef_brainV2_50-110-40
[2024-06-21 21:49:56] [Action] Add Bot coef_brainV2_50-110-45
[2024-06-21 21:50:01] [Action] Add Bot coef_brainV2_50-110-50
[2024-06-21 21:50:04] [Action] Add Bot coef_brainV2_50-90-30
[2024-06-21 21:50:08] [Action] Add Bot coef_brainV2_50-90-35
[2024-06-21 21:50:11] [Action] Add Bot coef_brainV2_50-90-40
[2024-06-21 21:50:14] [Action] Add Bot coef_brainV2_50-90-45
[2024-06-21 21:50:18] [Action] Add Bot coef_brainV2_50-90-50
[2024-06-21 21:50:21] [Action] Add Bot coef_brainV2_60-100-30
[2024-06-21 21:50:24] [Action] Add Bot coef_brainV2_60-100-35
[2024-06-21 21:50:28] [Action] Add Bot coef_brainV2_60-100-40
[2024-06-21 21:50:31] [Action] Add Bot coef_brainV2_60-100-45
[2024-06-21 21:50:34] [Action] Add Bot coef_brainV2_60-100-50
[2024-06-21 21:50:37] [Action] Add Bot coef_brainV2_60-110-30
[2024-06-21 21:50:41] [Action] Add Bot coef_brainV2_60-110-35
[2024-06-21 21:50:44] [Action] Add Bot coef_brainV2_60-110-40
[2024-06-21 21:50:48] [Action] Add Bot coef_brainV2_60-110-45
[2024-06-21 21:50:53] [Action] Add Bot coef_brainV2_60-110-50
[2024-06-21 21:50:59] [Action] Add Bot coef_brainV2_60-90-30
[2024-06-21 21:51:02] [Action] Add Bot coef_brainV2_60-90-35
[2024-06-21 21:51:06] [Action] Add Bot coef_brainV2_60-90-40
[2024-06-21 21:51:10] [Action] Add Bot coef_brainV2_60-90-45
[2024-06-21 21:51:16] [Action] Add Bot coef_brainV2_60-90-50
[2024-06-21 21:51:53] [Action] Run
[2024-06-21 21:52:06] [Action] Show
[2024-06-21 21:55:57] [Action] Show
[2024-06-21 22:03:09] [Action] Show
[2024-06-21 22:49:42] [Action] Show
[2024-06-21 22:49:59] [Action] Run
[2024-06-21 22:52:10] [Action] Show
[2024-06-21 22:52:10] [Action] Show
[2024-06-21 22:52:11] [Action] Show
[2024-06-21 22:52:11] [Action] Show
[2024-06-21 22:52:12] [Action] Show
[2024-06-21 22:52:12] [Action] Show
[2024-06-21 22:52:13] [Action] Show
[2024-06-21 22:52:13] [Action] Show
[2024-06-21 22:52:13] [Action] Show
[2024-06-21 22:52:14] [Action] Show
[2024-06-21 22:52:14] [Action] Show
[2024-06-21 22:52:15] [Action] Show
[2024-06-21 22:52:36] [Action] Run
[2024-06-21 22:59:27] [Action] Show
[2024-06-21 23:00:30] [Action] Show
[2024-06-21 23:06:51] [Action] Run
[2024-06-21 23:14:56] [Action] Add Bot faster_rollout
[2024-06-21 23:14:57] [Action] Show
[2024-06-21 23:20:20] [Action] Show
[2024-06-22 00:00:31] [Action] Show
[2024-06-22 23:03:21] [Action] Run
[2024-06-22 23:03:25] [Action] Show
[2024-06-22 23:03:53] [Action] Add Bot rollout_speedup
[2024-06-22 23:03:58] [Action] Show
[2024-06-22 23:04:36] [Action] Show
